product_id,category,title,brand,region_id,vendor_name,vendor_locality,platform,seller_type,base_rupees,base_unit,base_rupees_per_canonical,unit_canonical,gst_treatment,gst_rate_pct,hsn,freight_rupees,handling_rupees,loading_rupees,landed_rupees_per_canonical,landed_rupees_per_trade_unit,moq_qty,moq_unit,stock_state,lead_time_days,cert_state,cert_ref,qco_regulated,rating,review_count,distance_km,vehicle_class,freight_basis,fetched_at,source_url
p_6428e4bd5b733ac2,cement,Unbranded White cement cement — 1 kg bag,,hyderabad,Sri Anantha Padmanabha Swamy Enterprises,Hyderabad,IndiaMART,dealer,1367.00,bag,68350.00,bag,EXCL,18,2523,18.00,12.50,2.00,,,,,unknown,,NOT_DECLARED,,1,,,8.41,lcv,seeded_fallback,2026-08-05T06:16:54.141Z,https://www.indiamart.com/proddetail/ncl-white-cement-23477592348.html
p_118aad9bf3316875,cement,Birla White cement cement — 1 kg bag,Birla,hyderabad,Global Electricals,Hyderabad,IndiaMART,dealer,150.00,bag,7500.00,bag,EXCL,18,2523,18.00,12.50,2.00,,,,,unknown,,BRAND_LICENSED,,1,4.3,48,9.56,lcv,seeded_fallback,2026-08-05T06:16:54.141Z,https://www.indiamart.com/proddetail/white-cement-2856782413712.html
p_a9cd3ff71b91c2e4,cement,UltraTech OPC 53 grade cement — 1 kg bag,UltraTech,hyderabad,National Trading Company,"Secunderabad, Dist. Hyderabad",IndiaMART,dealer,335.00,bag,16750.00,bag,EXCL,18,2523,22.41,12.50,2.00,,,,,unknown,,BRAND_LICENSED,,1,,,37.35,lcv,seeded_fallback,2026-08-05T06:12:14.910Z,https://www.indiamart.com/proddetail/ultratech-cement-2856800736948.html
p_b56eedafe17c318a,cement,Unbranded OPC 53 grade cement — 50 kg bag,,hyderabad,Nagarjuna Steel Enterprises,Hyderabad,IndiaMART,dealer,360.00,bag,360.00,bag,EXCL,18,2523,18.00,12.50,2.00,286.20,286.20,,,unknown,,NOT_DECLARED,,1,,,26.03,lcv,seeded_fallback,2026-08-05T06:17:57.079Z,https://www.indiamart.com/proddetail/bharti-ultra-fast-cement-25923719088.html
p_b56eedafe17c318a,cement,Unbranded OPC 53 grade cement — 50 kg bag,,hyderabad,Nawanirman Materials And Builders Private Limited,Hyderabad,IndiaMART,dealer,230.00,bag,230.00,bag,EXCL,18,2523,24.47,12.50,2.00,286.20,286.20,,,unknown,,NOT_DECLARED,,1,3.6,73,40.78,lcv,seeded_fallback,2026-08-05T06:18:11.173Z,https://www.indiamart.com/proddetail/low-cost-53-grade-cement-26587342033.html
p_b56eedafe17c318a,cement,Unbranded OPC 53 grade cement — 50 kg bag,,hyderabad,Dharmanandan Enterprise,Deals in Hyderabad,IndiaMART,dealer,305.00,bag,305.00,bag,EXCL,18,2523,25.19,12.50,2.00,286.20,286.20,,,unknown,,NOT_DECLARED,,1,,,41.98,lcv,seeded_fallback,2026-08-01T04:29:58.390Z,https://www.indiamart.com/proddetail/hathi-opc-cement-2851867400912.html
p_b56eedafe17c318a,cement,Unbranded OPC 53 grade cement — 50 kg bag,,hyderabad,Tirumala Steel And Cement Traders,Hyderabad,IndiaMART,dealer,335.00,bag,335.00,bag,EXCL,18,2523,18.00,12.50,2.00,286.20,286.20,,,unknown,,NOT_DECLARED,,1,4.2,13,19.55,lcv,seeded_fallback,2026-08-05T06:13:00.185Z,https://www.indiamart.com/proddetail/opc-cement-2849518386830.html
p_b56eedafe17c318a,cement,Unbranded OPC 53 grade cement — 50 kg bag,,hyderabad,Tirumala Steel And Cement Traders,Hyderabad,IndiaMART,dealer,335.00,bag,335.00,bag,EXCL,18,2523,18.00,12.50,2.00,286.20,286.20,,,unknown,,NOT_DECLARED,,1,4.2,13,19.55,lcv,seeded_fallback,2026-08-05T06:14:34.067Z,https://www.indiamart.com/proddetail/suvarna-opc-cement-2852528260530.html
p_b56eedafe17c318a,cement,Unbranded OPC 53 grade cement — 50 kg bag,,hyderabad,Munnalal Bros,"Secunderabad, Dist. Hyderabad",IndiaMART,dealer,225.00,bag,225.00,bag,EXCL,18,2523,24.77,12.50,2.00,286.20,286.20,,,unknown,,NOT_DECLARED,,1,4.1,33,41.29,lcv,seeded_fallback,2026-08-05T06:13:00.185Z,https://www.indiamart.com/proddetail/mpl-opc-53-grade-2857461139812.html
p_b56eedafe17c318a,cement,Unbranded OPC 53 grade cement — 50 kg bag,,hyderabad,J B Steels And Cement Traders,Hyderabad,IndiaMART,dealer,290.00,bag,290.00,bag,EXCL,18,2523,18.00,12.50,2.00,286.20,286.20,,,unknown,,NOT_DECLARED,,1,3.6,9,20.18,lcv,seeded_fallback,2026-08-05T06:14:34.067Z,https://www.indiamart.com/proddetail/kakatiya-53-grade-cement-2854022199473.html
p_b56eedafe17c318a,cement,Unbranded OPC 53 grade cement — 50 kg bag,,hyderabad,Manju Marketing,"Jubilee Hills, Hyderabad",IndiaMART,dealer,335.00,bag,335.00,bag,EXCL,18,2523,18.50,12.50,2.00,286.20,286.20,,,unknown,,NOT_DECLARED,,1,4.5,34,30.83,lcv,computed,2026-08-05T06:13:00.185Z,https://www.indiamart.com/proddetail/anjani-gold-opc-53-2852884024333.html
p_b56eedafe17c318a,cement,Unbranded OPC 53 grade cement — 50 kg bag,,hyderabad,Mahalaxmi Traders,Hyderabad,IndiaMART,dealer,215.00,bag,215.00,bag,EXCL,18,2523,18.00,12.50,2.00,286.20,286.20,,,unknown,,NOT_DECLARED,,1,,,13.19,lcv,seeded_fallback,2026-08-01T13:27:19.336Z,https://www.indiamart.com/proddetail/suvarna-opc-cement-22317968630.html
p_b56eedafe17c318a,cement,Unbranded OPC 53 grade cement — 50 kg bag,,hyderabad,PSK Building Solutions Pvt. Ltd.,Hyderabad,IndiaMART,dealer,330.00,bag,330.00,bag,EXCL,18,2523,18.00,12.50,2.00,286.20,286.20,,,unknown,,NOT_DECLARED,,1,,,10.1,lcv,seeded_fallback,2026-08-01T13:29:00.252Z,https://www.indiamart.com/proddetail/mpl-opc-53-grade-cement-2849011774655.html
p_b56eedafe17c318a,cement,Unbranded OPC 53 grade cement — 50 kg bag,,hyderabad,Asian Enterprises,Hyderabad,IndiaMART,dealer,300.00,bag,300.00,bag,EXCL,18,2523,18.00,12.50,2.00,286.20,286.20,,,unknown,,NOT_DECLARED,,1,3.8,12,29.77,lcv,seeded_fallback,2026-08-05T06:18:11.173Z,https://www.indiamart.com/proddetail/suvarna-cement-24277454173.html
p_a89c4cd3569bbb61,cement,Dalmia PPC cement — 50 kg bag,Dalmia,hyderabad,BigBMart,Hyderabad,BigBMart,platform,299.00,bag,299.00,bag,INCL,18,2523,22.67,12.50,2.00,286.20,286.20,,,unknown,,BRAND_LICENSED,,1,,,37.78,lcv,seeded_fallback,2026-08-01T00:00:00.000Z,https://bigbmart.com/product/dalmia-vajram-ppc-cement/
p_a89c4cd3569bbb61,cement,Dalmia PPC cement — 50 kg bag,Dalmia,hyderabad,G S R Marketig Limited,"Nallakunta, Hyderabad",IndiaMART,dealer,300.00,bag,300.00,bag,EXCL,18,2523,18.00,12.50,2.00,286.20,286.20,,,unknown,,BRAND_LICENSED,,1,,,23.11,lcv,computed,2026-08-02T10:29:29.846Z,https://www.indiamart.com/proddetail/dalmia-53-grade-cement-2853258944688.html
p_a89c4cd3569bbb61,cement,Dalmia PPC cement — 50 kg bag,Dalmia,hyderabad,Nawanirman Materials And Builders Private Limited,Hyderabad,IndiaMART,dealer,250.00,bag,250.00,bag,EXCL,18,2523,24.47,12.50,2.00,286.20,286.20,,,unknown,,BRAND_LICENSED,,1,,,40.78,lcv,seeded_fallback,2026-08-05T06:15:51.048Z,https://www.indiamart.com/proddetail/dalmia-cement-2859366590688.html
p_a89c4cd3569bbb61,cement,Dalmia PPC cement — 50 kg bag,Dalmia,hyderabad,Mahalaxmi Traders,Hyderabad,IndiaMART,dealer,215.00,bag,215.00,bag,EXCL,18,2523,18.00,12.50,2.00,286.20,286.20,,,unknown,,BRAND_LICENSED,,1,,,13.19,lcv,seeded_fallback,2026-08-05T06:15:51.048Z,https://www.indiamart.com/proddetail/cement-2858863707973.html
p_a89c4cd3569bbb61,cement,Dalmia PPC cement — 50 kg bag,Dalmia,hyderabad,Aaral Marketing,Hyderabad,IndiaMART,dealer,280.00,bag,280.00,bag,EXCL,18,2523,18.00,12.50,2.00,286.20,286.20,,,unknown,,BRAND_LICENSED,,1,4.3,93,29.61,lcv,seeded_fallback,2026-08-05T06:15:51.048Z,https://www.indiamart.com/proddetail/dalmia-cement-bag-27230145755.html
p_a89c4cd3569bbb61,cement,Dalmia PPC cement — 50 kg bag,Dalmia,hyderabad,Manju Marketing,"Jubilee Hills, Hyderabad",IndiaMART,dealer,300.00,bag,300.00,bag,EXCL,18,2523,18.50,12.50,2.00,286.20,286.20,,,unknown,,BRAND_LICENSED,,1,4.5,34,30.83,lcv,computed,2026-08-05T06:15:51.048Z,https://www.indiamart.com/proddetail/dalmia-ppc-cement-2852884001830.html
p_a89c4cd3569bbb61,cement,Dalmia PPC cement — 50 kg bag,Dalmia,hyderabad,PSK Building Solutions Pvt. Ltd.,Hyderabad,IndiaMART,dealer,330.00,bag,330.00,bag,EXCL,18,2523,18.00,12.50,2.00,286.20,286.20,,,unknown,,BRAND_LICENSED,,1,,,10.1,lcv,seeded_fallback,2026-08-05T06:15:51.048Z,https://www.indiamart.com/proddetail/dalmia-ppc-and-opc-cement-2857222543262.html
p_a89c4cd3569bbb61,cement,Dalmia PPC cement — 50 kg bag,Dalmia,hyderabad,Tirumala Steel & Cements,Hyderabad,IndiaMART,dealer,330.00,bag,330.00,bag,EXCL,18,2523,18.00,12.50,2.00,286.20,286.20,,,unknown,,BRAND_LICENSED,,1,3.7,55,26.09,lcv,seeded_fallback,2026-08-05T06:15:51.048Z,https://www.indiamart.com/proddetail/dalmia-cement-21697771855.html
p_a89c4cd3569bbb61,cement,Dalmia PPC cement — 50 kg bag,Dalmia,hyderabad,Sri Nidhi Traders,"Kukatpally, Hyderabad",IndiaMART,dealer,330.00,bag,330.00,bag,EXCL,18,2523,18.00,12.50,2.00,286.20,286.20,,,unknown,,BRAND_LICENSED,,1,,,12.17,lcv,computed,2026-08-05T06:15:51.048Z,https://www.indiamart.com/proddetail/dalmia-future-today-cement-2851953491633.html
p_a89c4cd3569bbb61,cement,Dalmia PPC cement — 50 kg bag,Dalmia,hyderabad,Sri Karthikeya Enterprises,Hyderabad,IndiaMART,dealer,290.00,bag,290.00,bag,EXCL,18,2523,18.00,12.50,2.00,286.20,286.20,,,unknown,,BRAND_LICENSED,,1,2.5,2,28.27,lcv,seeded_fallback,2026-08-05T06:15:51.048Z,https://www.indiamart.com/proddetail/dalmia-ppc-cement-2851183335412.html
p_a89c4cd3569bbb61,cement,Dalmia PPC cement — 50 kg bag,Dalmia,hyderabad,Sri Rama Cement,Hyderabad,IndiaMART,dealer,380.00,bag,380.00,bag,EXCL,18,2523,24.98,12.50,2.00,286.20,286.20,,,unknown,,BRAND_LICENSED,,1,5,3,41.63,lcv,seeded_fallback,2026-08-05T06:15:51.048Z,https://www.indiamart.com/proddetail/dalmia-ppc-cement-2854972963055.html
p_a89c4cd3569bbb61,cement,Dalmia PPC cement — 50 kg bag,Dalmia,hyderabad,Sree Associates,"Somajiguda, Hyderabad",IndiaMART,dealer,255.00,bag,255.00,bag,EXCL,18,2523,18.00,12.50,2.00,286.20,286.20,,,unknown,,BRAND_LICENSED,,1,4.3,6,23.44,lcv,seeded_fallback,2026-08-05T06:15:51.048Z,https://www.indiamart.com/proddetail/43-grade-dalmia-ppc-cement-2855531519062.html
p_a89c4cd3569bbb61,cement,Dalmia PPC cement — 50 kg bag,Dalmia,hyderabad,Mahalaxmi Traders,Hyderabad,IndiaMART,dealer,240.00,bag,240.00,bag,EXCL,18,2523,18.00,12.50,2.00,286.20,286.20,,,unknown,,BRAND_LICENSED,,1,,,13.19,lcv,seeded_fallback,2026-08-02T10:29:36.801Z,https://www.indiamart.com/proddetail/50-kg-dalmia-cement-22512375148.html
p_a89c4cd3569bbb61,cement,Dalmia PPC cement — 50 kg bag,Dalmia,hyderabad,Sri Vigneshwara Traders,"Vikarabad, Dist. Hyderabad",IndiaMART,dealer,275.00,bag,275.00,bag,EXCL,18,2523,18.00,12.50,2.00,286.20,286.20,,,unknown,,BRAND_LICENSED,,1,3.7,3,16.98,lcv,seeded_fallback,2026-08-05T06:15:58.035Z,https://www.indiamart.com/proddetail/dalmia-ppc-cement-2852356726173.html
p_a89c4cd3569bbb61,cement,Dalmia PPC cement — 50 kg bag,Dalmia,hyderabad,Sri Ganesh Steel & Cements Gandimaisamma,Hyderabad,IndiaMART,dealer,260.00,bag,260.00,bag,EXCL,18,2523,22.54,12.50,2.00,286.20,286.20,,,unknown,,BRAND_LICENSED,,1,,,37.57,lcv,seeded_fallback,2026-08-05T06:15:58.035Z,https://www.indiamart.com/proddetail/dalmia-ppc-cement-2857524889333.html
p_729593ca732e543d,cement,UltraTech PPC cement — 50 kg bag,UltraTech,hyderabad,BigBMart,Hyderabad,BigBMart,platform,325.00,bag,325.00,bag,INCL,18,2523,22.67,12.50,2.00,286.20,286.20,,,unknown,,BRAND_LICENSED,,1,,,37.78,lcv,seeded_fallback,2026-08-01T00:00:00.000Z,https://bigbmart.com/product/ultratech-ppc-super-cement/
p_729593ca732e543d,cement,UltraTech PPC cement — 50 kg bag,UltraTech,hyderabad,Mahalaxmi Traders,Hyderabad,IndiaMART,dealer,215.00,bag,215.00,bag,EXCL,18,2523,18.00,12.50,2.00,286.20,286.20,,,unknown,,BRAND_LICENSED,,1,,,13.19,lcv,seeded_fallback,2026-08-05T06:18:11.173Z,https://www.indiamart.com/proddetail/all-types-of-cement-2854208357897.html
p_729593ca732e543d,cement,UltraTech PPC cement — 50 kg bag,UltraTech,hyderabad,Nawanirman Materials And Builders Private Limited,Hyderabad,IndiaMART,dealer,255.00,bag,255.00,bag,EXCL,18,2523,24.47,12.50,2.00,286.20,286.20,,,unknown,,BRAND_LICENSED,,1,,,40.78,lcv,seeded_fallback,2026-08-05T06:12:49.699Z,https://www.indiamart.com/proddetail/ultratech-ppc-cement-2858783000033.html
p_729593ca732e543d,cement,UltraTech PPC cement — 50 kg bag,UltraTech,hyderabad,Sri Durga Ambika Traders,Hyderabad,IndiaMART,dealer,300.00,bag,300.00,bag,EXCL,18,2523,23.74,12.50,2.00,286.20,286.20,,,unknown,,BRAND_LICENSED,,1,,,39.57,lcv,seeded_fallback,2026-08-05T06:12:46.164Z,https://www.indiamart.com/proddetail/50-kg-ppc-grade-ultratech-cement-2859492721748.html
p_729593ca732e543d,cement,UltraTech PPC cement — 50 kg bag,UltraTech,hyderabad,PSK Building Solutions Pvt. Ltd.,Hyderabad,IndiaMART,dealer,330.00,bag,330.00,bag,EXCL,18,2523,18.00,12.50,2.00,286.20,286.20,,,unknown,,BRAND_LICENSED,,1,,,10.1,lcv,seeded_fallback,2026-08-05T06:12:56.545Z,https://www.indiamart.com/proddetail/ultratech-ppc-cement-2857222555930.html
p_729593ca732e543d,cement,UltraTech PPC cement — 50 kg bag,UltraTech,hyderabad,Sri Venkateshwara Building Materials,Hyderabad,IndiaMART,dealer,250.00,bag,250.00,bag,EXCL,18,2523,18.00,12.50,2.00,286.20,286.20,,,unknown,,BRAND_LICENSED,,1,2,4,29.41,lcv,seeded_fallback,2026-08-01T13:27:08.763Z,https://www.indiamart.com/proddetail/ultratech-cement-ppc-2859154156830.html
p_729593ca732e543d,cement,UltraTech PPC cement — 50 kg bag,UltraTech,hyderabad,Dharmanandan Enterprise,Deals in Hyderabad,IndiaMART,dealer,310.00,bag,310.00,bag,EXCL,18,2523,25.19,12.50,2.00,286.20,286.20,,,unknown,,BRAND_LICENSED,,1,,,41.98,lcv,seeded_fallback,2026-08-05T06:12:14.910Z,https://www.indiamart.com/proddetail/ultratech-cement-2856829793197.html
p_729593ca732e543d,cement,UltraTech PPC cement — 50 kg bag,UltraTech,hyderabad,Mahalaxmi Traders,Hyderabad,IndiaMART,dealer,285.00,bag,285.00,bag,EXCL,18,2523,18.00,12.50,2.00,286.20,286.20,,,unknown,,BRAND_LICENSED,,1,,,13.19,lcv,seeded_fallback,2026-08-05T06:12:19.040Z,https://www.indiamart.com/proddetail/ultratech-cement-2857783614097.html
p_729593ca732e543d,cement,UltraTech PPC cement — 50 kg bag,UltraTech,hyderabad,Telangana Steel,Hyderabad,IndiaMART,dealer,245.00,bag,245.00,bag,EXCL,18,2523,18.65,12.50,2.00,286.20,286.20,,,unknown,,BRAND_LICENSED,,1,,,31.08,lcv,seeded_fallback,2026-08-05T06:12:14.910Z,https://www.indiamart.com/proddetail/ultratech-53-grade-super-cement-2856052443962.html
p_729593ca732e543d,cement,UltraTech PPC cement — 50 kg bag,UltraTech,hyderabad,Tirumala Steel And Cement Traders,Hyderabad,IndiaMART,dealer,310.00,bag,310.00,bag,EXCL,18,2523,18.00,12.50,2.00,286.20,286.20,,,unknown,,BRAND_LICENSED,,1,4.2,13,19.55,lcv,seeded_fallback,2026-08-05T06:12:14.910Z,https://www.indiamart.com/proddetail/ultratech-ppc-cement-2849391841648.html
p_729593ca732e543d,cement,UltraTech PPC cement — 50 kg bag,UltraTech,hyderabad,Sai Ram Steel Traders,"Ecil, Hyderabad",IndiaMART,dealer,320.00,bag,320.00,bag,EXCL,18,2523,18.00,12.50,2.00,286.20,286.20,,,unknown,,BRAND_LICENSED,,1,,,21.64,lcv,seeded_fallback,2026-08-05T06:12:14.910Z,https://www.indiamart.com/proddetail/50-kg-ultratech-ppc-cement-2854332843433.html
p_729593ca732e543d,cement,UltraTech PPC cement — 50 kg bag,UltraTech,hyderabad,Shree Ambica Steel Udyog,Hyderabad,IndiaMART,dealer,265.00,bag,265.00,bag,EXCL,18,2523,19.89,12.50,2.00,286.20,286.20,,,unknown,,BRAND_LICENSED,,1,,,33.15,lcv,seeded_fallback,2026-08-05T06:12:14.910Z,https://www.indiamart.com/proddetail/50-kg-ultratech-ppc-cement-2858668597391.html
p_729593ca732e543d,cement,UltraTech PPC cement — 50 kg bag,UltraTech,hyderabad,Mahalaxmi Traders,Hyderabad,IndiaMART,dealer,265.00,bag,265.00,bag,EXCL,18,2523,18.00,12.50,2.00,286.20,286.20,,,unknown,,BRAND_LICENSED,,1,,,13.19,lcv,seeded_fallback,2026-08-01T13:26:34.142Z,https://www.indiamart.com/proddetail/ultratech-ppc-cement-2858863701612.html
p_729593ca732e543d,cement,UltraTech PPC cement — 50 kg bag,UltraTech,hyderabad,Aaral Marketing,Hyderabad,IndiaMART,dealer,275.00,bag,275.00,bag,EXCL,18,2523,18.00,12.50,2.00,286.20,286.20,,,unknown,,BRAND_LICENSED,,1,4.3,93,29.61,lcv,seeded_fallback,2026-08-05T06:12:19.040Z,https://www.indiamart.com/proddetail/ultratech-ppc-cement-2858281913691.html
p_729593ca732e543d,cement,UltraTech PPC cement — 50 kg bag,UltraTech,hyderabad,Sri Venkatasai Steel House,Hyderabad,IndiaMART,dealer,350.00,bag,350.00,bag,EXCL,18,2523,24.91,12.50,2.00,286.20,286.20,,,unknown,,BRAND_LICENSED,,1,,,41.52,lcv,seeded_fallback,2026-08-05T06:12:21.467Z,https://www.indiamart.com/proddetail/50-kg-ultratech-cement-2853229506273.html
p_729593ca732e543d,cement,UltraTech PPC cement — 50 kg bag,UltraTech,hyderabad,Nawanirman Materials And Builders Private Limited,Hyderabad,IndiaMART,dealer,275.00,bag,275.00,bag,EXCL,18,2523,24.47,12.50,2.00,286.20,286.20,,,unknown,,BRAND_LICENSED,,1,,,40.78,lcv,seeded_fallback,2026-08-05T06:12:21.467Z,https://www.indiamart.com/proddetail/ultratech-portland-cement-2858783000191.html
p_729593ca732e543d,cement,UltraTech PPC cement — 50 kg bag,UltraTech,hyderabad,Sri Venkatasai Steel House,Hyderabad,IndiaMART,dealer,395.00,bag,395.00,bag,EXCL,18,2523,24.91,12.50,2.00,286.20,286.20,,,unknown,,BRAND_LICENSED,,1,,,41.52,lcv,seeded_fallback,2026-08-01T13:26:34.142Z,https://www.indiamart.com/proddetail/ultratech-weather-plus-cement-2853229698730.html
p_729593ca732e543d,cement,UltraTech PPC cement — 50 kg bag,UltraTech,hyderabad,Sri Venkateshwara Building Materials,Hyderabad,IndiaMART,dealer,250.00,bag,250.00,bag,EXCL,18,2523,18.00,12.50,2.00,286.20,286.20,,,unknown,,BRAND_LICENSED,,1,,,29.41,lcv,seeded_fallback,2026-08-05T06:12:19.040Z,https://www.indiamart.com/proddetail/ultratech-weather-plus-cement-2857913770330.html
p_729593ca732e543d,cement,UltraTech PPC cement — 50 kg bag,UltraTech,hyderabad,Sri Tirumala Construction,Hyderabad,IndiaMART,dealer,375.00,bag,375.00,bag,EXCL,18,2523,18.00,12.50,2.00,286.20,286.20,,,unknown,,BRAND_LICENSED,,1,,,16.03,lcv,seeded_fallback,2026-08-05T06:12:19.040Z,https://www.indiamart.com/proddetail/ultratech-grade-53-ppc-cement-2859594427233.html
p_729593ca732e543d,cement,UltraTech PPC cement — 50 kg bag,UltraTech,hyderabad,Sri Tirumala Construction,Hyderabad,IndiaMART,dealer,320.00,bag,320.00,bag,EXCL,18,2523,18.00,12.50,2.00,286.20,286.20,,,unknown,,BRAND_LICENSED,,1,,,16.03,lcv,seeded_fallback,2026-08-05T06:12:14.910Z,https://www.indiamart.com/proddetail/ultratech-grade-43-ppc-cement-2859594418288.html
p_9fca26a5c0aa79d1,cement,MP Birla Samrat PPC cement — 50 kg bag,MP Birla Samrat,hyderabad,BigBMart,Hyderabad,BigBMart,platform,300.00,bag,300.00,bag,INCL,18,2523,22.67,12.50,2.00,292.97,292.97,,,unknown,,BRAND_LICENSED,,1,,,37.78,lcv,seeded_fallback,2026-08-01T00:00:00.000Z,https://bigbmart.com/product/mp-birla-samrat-ppc-cement/
p_9fca26a5c0aa79d1,cement,MP Birla Samrat PPC cement — 50 kg bag,MP Birla Samrat,hyderabad,Munnalal Bros,"Secunderabad, Dist. Hyderabad",IndiaMART,dealer,215.00,bag,215.00,bag,EXCL,18,2523,24.77,12.50,2.00,292.97,292.97,,,unknown,,BRAND_LICENSED,,1,,,41.29,lcv,seeded_fallback,2026-08-05T06:18:46.271Z,https://www.indiamart.com/proddetail/mp-birla-samrat-cement-2855549959662.html
p_9fca26a5c0aa79d1,cement,MP Birla Samrat PPC cement — 50 kg bag,MP Birla Samrat,hyderabad,PSK Building Solutions Pvt. Ltd.,Hyderabad,IndiaMART,dealer,325.00,bag,325.00,bag,EXCL,18,2523,18.00,12.50,2.00,292.97,292.97,,,unknown,,BRAND_LICENSED,,1,,,10.1,lcv,seeded_fallback,2026-08-01T04:30:32.126Z,https://www.indiamart.com/proddetail/mp-birla-samrat-advanced-ppc-cement-2848992768733.html
p_9fca26a5c0aa79d1,cement,MP Birla Samrat PPC cement — 50 kg bag,MP Birla Samrat,hyderabad,Sri Madhav & Company,"Madhapur, Hyderabad",IndiaMART,dealer,275.00,bag,275.00,bag,EXCL,18,2523,20.81,12.50,2.00,292.97,292.97,,,unknown,,BRAND_LICENSED,,1,,,34.69,lcv,seeded_fallback,2026-08-05T06:18:32.283Z,https://www.indiamart.com/proddetail/mp-birla-samrat-cement-2852739708112.html
p_9fca26a5c0aa79d1,cement,MP Birla Samrat PPC cement — 50 kg bag,MP Birla Samrat,hyderabad,Sri Venkatasai Steel House,Hyderabad,IndiaMART,dealer,380.00,bag,380.00,bag,EXCL,18,2523,24.91,12.50,2.00,292.97,292.97,,,unknown,,BRAND_LICENSED,,1,,,41.52,lcv,seeded_fallback,2026-08-05T06:18:32.283Z,https://www.indiamart.com/proddetail/mp-birla-samrat-cement-23886021812.html
p_9fca26a5c0aa79d1,cement,MP Birla Samrat PPC cement — 50 kg bag,MP Birla Samrat,hyderabad,Sri Lakshmi Enterprises,Hyderabad,IndiaMART,dealer,245.00,bag,245.00,bag,EXCL,18,2523,18.00,12.50,2.00,292.97,292.97,,,unknown,,BRAND_LICENSED,,1,2.5,2,29.76,lcv,seeded_fallback,2026-08-05T06:18:39.209Z,https://www.indiamart.com/proddetail/mp-birla-samrat-ppc-cement-2858960549091.html
p_9fca26a5c0aa79d1,cement,MP Birla Samrat PPC cement — 50 kg bag,MP Birla Samrat,hyderabad,Sri Venkateshwara Traders,Hyderabad,IndiaMART,dealer,300.00,bag,300.00,bag,EXCL,18,2523,18.00,12.50,2.00,292.97,292.97,,,unknown,,BRAND_LICENSED,,1,,,21.49,lcv,seeded_fallback,2026-08-05T06:18:39.209Z,https://www.indiamart.com/proddetail/50kg-mp-birla-samrat-cement-2854298940033.html
p_9fca26a5c0aa79d1,cement,MP Birla Samrat PPC cement — 50 kg bag,MP Birla Samrat,hyderabad,Moin Cement Agencies,"Bahadurpura, Hyderabad",IndiaMART,dealer,460.00,bag,460.00,bag,EXCL,18,2523,18.00,12.50,2.00,292.97,292.97,,,unknown,,BRAND_LICENSED,,1,,,24.01,lcv,seeded_fallback,2026-08-05T06:18:32.283Z,https://www.indiamart.com/proddetail/mp-birla-samrat-ppc-cement-2852688644073.html
p_9fca26a5c0aa79d1,cement,MP Birla Samrat PPC cement — 50 kg bag,MP Birla Samrat,hyderabad,PSK Building Solutions Pvt. Ltd.,Hyderabad,IndiaMART,dealer,330.00,bag,330.00,bag,EXCL,18,2523,18.00,12.50,2.00,292.97,292.97,,,unknown,,BRAND_LICENSED,,1,,,10.1,lcv,seeded_fallback,2026-08-05T06:18:53.192Z,https://www.indiamart.com/proddetail/mp-birla-samrat-cement-2857213738055.html
p_9fca26a5c0aa79d1,cement,MP Birla Samrat PPC cement — 50 kg bag,MP Birla Samrat,hyderabad,Aaral Marketing,Hyderabad,IndiaMART,dealer,255.00,bag,255.00,bag,EXCL,18,2523,18.00,12.50,2.00,292.97,292.97,,,unknown,,BRAND_LICENSED,,1,,,29.61,lcv,seeded_fallback,2026-08-05T06:18:32.283Z,https://www.indiamart.com/proddetail/mp-birla-samrat-cement-2850786783491.html
p_9fca26a5c0aa79d1,cement,MP Birla Samrat PPC cement — 50 kg bag,MP Birla Samrat,hyderabad,PSK Building Solutions Pvt. Ltd.,Hyderabad,IndiaMART,dealer,330.00,bag,330.00,bag,EXCL,18,2523,18.00,12.50,2.00,292.97,292.97,,,unknown,,BRAND_LICENSED,,1,3.9,35,10.1,lcv,seeded_fallback,2026-08-01T13:33:05.840Z,https://www.indiamart.com/proddetail/mp-birla-samrat-43-grade-cement-2857222409012.html
p_9fca26a5c0aa79d1,cement,MP Birla Samrat PPC cement — 50 kg bag,MP Birla Samrat,hyderabad,Sri Venkateshwara Building Materials,Hyderabad,IndiaMART,dealer,230.00,bag,230.00,bag,EXCL,18,2523,18.00,12.50,2.00,292.97,292.97,,,unknown,,BRAND_LICENSED,,1,,,29.41,lcv,seeded_fallback,2026-08-05T06:18:39.209Z,https://www.indiamart.com/proddetail/mp-birla-samrat-advanced-cement-2859116152591.html
p_9fca26a5c0aa79d1,cement,MP Birla Samrat PPC cement — 50 kg bag,MP Birla Samrat,hyderabad,PSK Building Solutions Pvt. Ltd.,Hyderabad,IndiaMART,dealer,330.00,bag,330.00,bag,EXCL,18,2523,18.00,12.50,2.00,292.97,292.97,,,unknown,,BRAND_LICENSED,,1,,,10.1,lcv,seeded_fallback,2026-08-05T06:18:32.283Z,https://www.indiamart.com/proddetail/mp-birla-samrat-43-grade-cement-2857222437233.html
p_288ab5989e89cefe,cement,Zuari PPC 43 grade cement — 50 kg bag,Zuari,hyderabad,Samyukta Cement And Steel Traders,Hyderabad,IndiaMART,dealer,225.00,bag,225.00,bag,EXCL,18,2523,18.00,12.50,2.00,298.00,298.00,,,unknown,,BRAND_LICENSED,,1,,,28.78,lcv,seeded_fallback,2026-08-01T04:29:58.390Z,https://www.indiamart.com/proddetail/zuari-43-grade-cement-2853915809412.html
p_94037d22cd39890e,cement,Unbranded PPC 33 grade cement — 50 kg bag,,hyderabad,PSK Building Solutions Pvt. Ltd.,Hyderabad,IndiaMART,dealer,330.00,bag,330.00,bag,EXCL,18,2523,18.00,12.50,2.00,298.57,298.57,,,unknown,,NOT_DECLARED,,1,,,10.1,lcv,seeded_fallback,2026-08-05T06:17:43.200Z,https://www.indiamart.com/proddetail/bharati-ppc-and-opc-cement-2857222555855.html
p_94037d22cd39890e,cement,Unbranded PPC 33 grade cement — 50 kg bag,,hyderabad,Aaral Marketing,Hyderabad,IndiaMART,dealer,285.00,bag,285.00,bag,EXCL,18,2523,18.00,12.50,2.00,298.57,298.57,,,unknown,,NOT_DECLARED,,1,4.3,93,29.61,lcv,seeded_fallback,2026-08-05T06:17:43.200Z,https://www.indiamart.com/proddetail/bharati-ultrafast-cement-2855341359291.html
p_94037d22cd39890e,cement,Unbranded PPC 33 grade cement — 50 kg bag,,hyderabad,G S R Marketig Limited,"Nallakunta, Hyderabad",IndiaMART,dealer,300.00,bag,300.00,bag,EXCL,18,2523,18.00,12.50,2.00,298.57,298.57,,,unknown,,NOT_DECLARED,,1,,,23.11,lcv,computed,2026-08-05T06:14:49.087Z,https://www.indiamart.com/proddetail/parashakti-cement-opc-ppc-23657797997.html
p_94037d22cd39890e,cement,Unbranded PPC 33 grade cement — 50 kg bag,,hyderabad,PSK Building Solutions Pvt. Ltd.,Hyderabad,IndiaMART,dealer,330.00,bag,330.00,bag,EXCL,18,2523,18.00,12.50,2.00,298.57,298.57,,,unknown,,NOT_DECLARED,,1,,,10.1,lcv,seeded_fallback,2026-08-05T06:14:49.087Z,https://www.indiamart.com/proddetail/parashakti-ppc-and-opc-cement-2857222436997.html
p_94037d22cd39890e,cement,Unbranded PPC 33 grade cement — 50 kg bag,,hyderabad,G K Builders,"Secunderabad, Dist. Hyderabad",IndiaMART,dealer,800.00,bag,800.00,bag,EXCL,18,2523,24.85,12.50,2.00,298.57,298.57,,,unknown,,NOT_DECLARED,,1,,,41.41,lcv,seeded_fallback,2026-08-05T06:14:55.498Z,https://www.indiamart.com/proddetail/ordinary-portland-cement-25827159348.html
p_94037d22cd39890e,cement,Unbranded PPC 33 grade cement — 50 kg bag,,hyderabad,Sri Srinivasa Traders,Hyderabad,IndiaMART,dealer,300.00,bag,300.00,bag,EXCL,18,2523,23.14,12.50,2.00,298.57,298.57,,,unknown,,NOT_DECLARED,,1,,,38.56,lcv,seeded_fallback,2026-08-05T06:14:55.498Z,https://www.indiamart.com/proddetail/portland-pozzolana-cement-20133897673.html
p_94037d22cd39890e,cement,Unbranded PPC 33 grade cement — 50 kg bag,,hyderabad,Sai Ram Steel Traders,"Ecil, Hyderabad",IndiaMART,dealer,360.00,bag,360.00,bag,EXCL,18,2523,18.00,12.50,2.00,298.57,298.57,,,unknown,,NOT_DECLARED,,1,,,21.64,lcv,seeded_fallback,2026-08-05T06:12:46.164Z,https://www.indiamart.com/proddetail/ppc-cement-2854437821297.html
p_94037d22cd39890e,cement,Unbranded PPC 33 grade cement — 50 kg bag,,hyderabad,Global Steels And Cement,Hyderabad,IndiaMART,dealer,230.00,bag,230.00,bag,EXCL,18,2523,18.00,12.50,2.00,298.57,298.57,,,unknown,,NOT_DECLARED,,1,3.7,3,23.74,lcv,seeded_fallback,2026-08-01T13:27:08.763Z,https://www.indiamart.com/proddetail/50kg-suvarna-ppc-cement-2855183021091.html
p_94037d22cd39890e,cement,Unbranded PPC 33 grade cement — 50 kg bag,,hyderabad,Mahadev Traders,"Saidabad Colony, Hyderabad",IndiaMART,dealer,300.00,bag,300.00,bag,EXCL,18,2523,18.00,12.50,2.00,298.57,298.57,,,unknown,,NOT_DECLARED,,1,,,29.02,lcv,computed,2026-08-01T13:27:08.763Z,https://www.indiamart.com/proddetail/suvarna-ppc-cement-2853474403797.html
p_94037d22cd39890e,cement,Unbranded PPC 33 grade cement — 50 kg bag,,hyderabad,S A Patel And Co,"Amberpet, Hyderabad",IndiaMART,dealer,300.00,bag,300.00,bag,EXCL,18,2523,18.00,12.50,2.00,298.57,298.57,,,unknown,,NOT_DECLARED,,1,4.5,10,15.79,lcv,seeded_fallback,2026-08-01T00:13:04.353Z,https://www.indiamart.com/proddetail/ppc-cement-2854528385130.html
p_94037d22cd39890e,cement,Unbranded PPC 33 grade cement — 50 kg bag,,hyderabad,Nawanirman Materials And Builders Private Limited,Hyderabad,IndiaMART,dealer,220.00,bag,220.00,bag,EXCL,18,2523,24.47,12.50,2.00,298.57,298.57,,,unknown,,NOT_DECLARED,,1,3.6,73,40.78,lcv,seeded_fallback,2026-08-01T04:24:46.141Z,https://www.indiamart.com/proddetail/suvarna-ppc-cement-25934350673.html
p_94037d22cd39890e,cement,Unbranded PPC 33 grade cement — 50 kg bag,,hyderabad,Manju Marketing,"Jubilee Hills, Hyderabad",IndiaMART,dealer,285.00,bag,285.00,bag,EXCL,18,2523,18.50,12.50,2.00,298.57,298.57,,,unknown,,NOT_DECLARED,,1,4.5,34,30.83,lcv,computed,2026-08-01T13:27:08.763Z,https://www.indiamart.com/proddetail/anjani-gold-ppc-cement-2852884011912.html
p_94037d22cd39890e,cement,Unbranded PPC 33 grade cement — 50 kg bag,,hyderabad,Sri Dattatreya Enterprises,"Secunderabad, Dist. Hyderabad",IndiaMART,dealer,320.00,bag,320.00,bag,EXCL,18,2523,19.28,12.50,2.00,298.57,298.57,,,unknown,,NOT_DECLARED,,1,4.5,6,32.13,lcv,seeded_fallback,2026-08-05T06:12:46.164Z,https://www.indiamart.com/proddetail/50-kg-anjani-super-gold-ppc-cement-10927709533.html
p_94037d22cd39890e,cement,Unbranded PPC 33 grade cement — 50 kg bag,,hyderabad,Sai Cements & Building Products,Hyderabad,IndiaMART,dealer,360.00,bag,360.00,bag,EXCL,18,2523,18.00,12.50,2.00,298.57,298.57,,,unknown,,NOT_DECLARED,,1,,,18.6,lcv,seeded_fallback,2026-08-01T00:11:05.687Z,https://www.indiamart.com/proddetail/50-kg-karthic-superplus-cement-2853040541191.html
p_94037d22cd39890e,cement,Unbranded PPC 33 grade cement — 50 kg bag,,hyderabad,Sri Ganesh Steel & Cements Gandimaisamma,Hyderabad,IndiaMART,dealer,230.00,bag,230.00,bag,EXCL,18,2523,22.54,12.50,2.00,298.57,298.57,,,unknown,,NOT_DECLARED,,1,,,37.57,lcv,seeded_fallback,2026-08-05T06:12:46.164Z,https://www.indiamart.com/proddetail/anjani-ppc-cement-2857524892188.html
p_94037d22cd39890e,cement,Unbranded PPC 33 grade cement — 50 kg bag,,hyderabad,Tirumala Steel & Cements,Hyderabad,IndiaMART,dealer,310.00,bag,310.00,bag,EXCL,18,2523,18.00,12.50,2.00,298.57,298.57,,,unknown,,NOT_DECLARED,,1,3.7,55,26.09,lcv,seeded_fallback,2026-08-02T10:34:40.856Z,https://www.indiamart.com/proddetail/pozzolana-cement-22567948788.html
p_94037d22cd39890e,cement,Unbranded PPC 33 grade cement — 50 kg bag,,hyderabad,Samyukta Cement And Steel Traders,Hyderabad,IndiaMART,dealer,290.00,bag,290.00,bag,EXCL,18,2523,18.00,12.50,2.00,298.57,298.57,,,unknown,,NOT_DECLARED,,1,,,28.78,lcv,seeded_fallback,2026-08-05T06:18:11.173Z,https://www.indiamart.com/proddetail/raasi-gold-cement-2853915820991.html
p_06e12ff05224b3b4,cement,Nagarjuna PPC cement — 50 kg bag,Nagarjuna,hyderabad,BigBMart,Hyderabad,BigBMart,platform,265.00,bag,265.00,bag,INCL,18,2523,22.67,12.50,2.00,302.17,302.17,,,unknown,,BRAND_LICENSED,,1,,,37.78,lcv,seeded_fallback,2026-08-01T00:00:00.000Z,https://bigbmart.com/product/nagarjuna-ppc-cement/
p_06e12ff05224b3b4,cement,Nagarjuna PPC cement — 50 kg bag,Nagarjuna,hyderabad,Jai Raj Steel Distributors,Hyderabad,IndiaMART,dealer,245.00,bag,245.00,bag,EXCL,18,2523,18.00,12.50,2.00,302.17,302.17,,,unknown,,BRAND_LICENSED,,1,,,26.2,lcv,seeded_fallback,2026-08-01T04:29:58.390Z,https://www.indiamart.com/proddetail/nagarjuna-53-grade-cement-2855290729148.html
p_06e12ff05224b3b4,cement,Nagarjuna PPC cement — 50 kg bag,Nagarjuna,hyderabad,Mayank Marketing Associates,Hyderabad,IndiaMART,dealer,295.00,bag,295.00,bag,EXCL,18,2523,21.17,12.50,2.00,302.17,302.17,,,unknown,,BRAND_LICENSED,,1,,,35.29,lcv,seeded_fallback,2026-08-05T06:14:55.498Z,https://www.indiamart.com/proddetail/nagarjuna-portland-pozzolana-cement-3771691197.html
p_06e12ff05224b3b4,cement,Nagarjuna PPC cement — 50 kg bag,Nagarjuna,hyderabad,Jubliee Property,"Madhapur, Hyderabad",IndiaMART,dealer,345.00,bag,345.00,bag,EXCL,18,2523,18.00,12.50,2.00,302.17,302.17,,,unknown,,BRAND_LICENSED,,1,2,2,23.29,lcv,seeded_fallback,2026-08-02T10:34:12.795Z,https://www.indiamart.com/proddetail/nagarjuna-ppc-cement-22164441262.html
p_06e12ff05224b3b4,cement,Nagarjuna PPC cement — 50 kg bag,Nagarjuna,hyderabad,Telangana Steel,Hyderabad,IndiaMART,dealer,250.00,bag,250.00,bag,EXCL,18,2523,18.65,12.50,2.00,302.17,302.17,,,unknown,,BRAND_LICENSED,,1,,,31.08,lcv,seeded_fallback,2026-08-05T06:18:11.173Z,https://www.indiamart.com/proddetail/nagarjuna-43-grade-ppc-cement-2858747835455.html
p_27e914344ddc79cb,cement,ACC F2R PPC 43 grade cement — 50 kg bag,ACC F2R,hyderabad,Sri Venkateshwara Building Materials,Hyderabad,IndiaMART,dealer,230.00,bag,230.00,bag,EXCL,18,2523,18.00,12.50,2.00,303.90,303.90,,,unknown,,BRAND_LICENSED,,1,,,29.41,lcv,seeded_fallback,2026-08-05T06:12:32.085Z,https://www.indiamart.com/proddetail/acc-f2r-cement-2859088248212.html
p_e77e45b8d49a040d,cement,Maha PPC cement — 50 kg bag,Maha,hyderabad,BigBMart,Hyderabad,BigBMart,platform,285.00,bag,285.00,bag,INCL,18,2523,22.67,12.50,2.00,303.90,303.90,,,unknown,,BRAND_LICENSED,,1,,,37.78,lcv,seeded_fallback,2026-08-01T00:00:00.000Z,https://bigbmart.com/product/maha-ppc-cement/
p_e77e45b8d49a040d,cement,Maha PPC cement — 50 kg bag,Maha,hyderabad,National Trading Company,"Secunderabad, Dist. Hyderabad",IndiaMART,dealer,280.00,bag,280.00,bag,EXCL,18,2523,22.41,12.50,2.00,303.90,303.90,,,unknown,,BRAND_LICENSED,,1,3.4,44,37.35,lcv,seeded_fallback,2026-08-01T13:32:37.464Z,https://www.indiamart.com/proddetail/maha-ppc-cement-2855347764162.html
p_e77e45b8d49a040d,cement,Maha PPC cement — 50 kg bag,Maha,hyderabad,Mahalaxmi Traders,Hyderabad,IndiaMART,dealer,275.00,bag,275.00,bag,EXCL,18,2523,18.00,12.50,2.00,303.90,303.90,,,unknown,,BRAND_LICENSED,,1,,,13.19,lcv,seeded_fallback,2026-08-01T13:27:15.766Z,https://www.indiamart.com/proddetail/maha-hd-plus-cement-2857599648530.html
p_e77e45b8d49a040d,cement,Maha PPC cement — 50 kg bag,Maha,hyderabad,Navkar Steel And Cement,"Alwal, Hyderabad",IndiaMART,dealer,255.00,bag,255.00,bag,EXCL,18,2523,18.00,12.50,2.00,303.90,303.90,,,unknown,,BRAND_LICENSED,,1,,,13.81,lcv,computed,2026-08-05T06:12:46.164Z,https://www.indiamart.com/proddetail/maha-shakthi-cement-21335989473.html
p_e77e45b8d49a040d,cement,Maha PPC cement — 50 kg bag,Maha,hyderabad,NSB Traders,"Kukatpally, Hyderabad",IndiaMART,dealer,265.00,bag,265.00,bag,EXCL,18,2523,18.00,12.50,2.00,303.90,303.90,,,unknown,,BRAND_LICENSED,,1,,,12.17,lcv,computed,2026-08-01T13:27:08.763Z,https://www.indiamart.com/proddetail/50-kg-maha-ppc-43-grade-cement-2855350984673.html
p_e77e45b8d49a040d,cement,Maha PPC cement — 50 kg bag,Maha,hyderabad,Shree Ambica Steel Udyog,Hyderabad,IndiaMART,dealer,235.00,bag,235.00,bag,EXCL,18,2523,19.89,12.50,2.00,303.90,303.90,,,unknown,,BRAND_LICENSED,,1,,,33.15,lcv,seeded_fallback,2026-08-05T06:12:46.164Z,https://www.indiamart.com/proddetail/50-kg-maha-ppc-cement-19444777330.html
p_e77e45b8d49a040d,cement,Maha PPC cement — 50 kg bag,Maha,hyderabad,Sri Balaji Steel And Cement Traders,"Badangpet, Hyderabad",IndiaMART,dealer,245.00,bag,245.00,bag,EXCL,18,2523,18.00,12.50,2.00,303.90,303.90,,,unknown,,BRAND_LICENSED,,1,5,2,10.89,lcv,seeded_fallback,2026-08-05T06:12:56.545Z,https://www.indiamart.com/proddetail/maha-ppc-43grade-cement-2857790618455.html
p_e77e45b8d49a040d,cement,Maha PPC cement — 50 kg bag,Maha,hyderabad,Sri Balaji Steel And Cement Traders,"Badangpet, Hyderabad",IndiaMART,dealer,240.00,bag,240.00,bag,EXCL,18,2523,18.00,12.50,2.00,303.90,303.90,,,unknown,,BRAND_LICENSED,,1,,,10.89,lcv,seeded_fallback,2026-08-05T06:12:46.164Z,https://www.indiamart.com/proddetail/maha-ppc-43-grade-cement-2857790527073.html
p_e77e45b8d49a040d,cement,Maha PPC cement — 50 kg bag,Maha,hyderabad,Aaral Marketing,Hyderabad,IndiaMART,dealer,250.00,bag,250.00,bag,EXCL,18,2523,18.00,12.50,2.00,303.90,303.90,,,unknown,,BRAND_LICENSED,,1,,,29.61,lcv,seeded_fallback,2026-08-01T04:24:53.008Z,https://www.indiamart.com/proddetail/maha-cement-ppc-2853688036355.html
p_e77e45b8d49a040d,cement,Maha PPC cement — 50 kg bag,Maha,hyderabad,Sri Venkateshwara Building Materials,Hyderabad,IndiaMART,dealer,230.00,bag,230.00,bag,EXCL,18,2523,18.00,12.50,2.00,303.90,303.90,,,unknown,,BRAND_LICENSED,,1,,,29.41,lcv,seeded_fallback,2026-08-05T06:12:46.164Z,https://www.indiamart.com/proddetail/maha-ppc-cement-2859088243430.html
p_e77e45b8d49a040d,cement,Maha PPC cement — 50 kg bag,Maha,hyderabad,J B Steels And Cement Traders,Hyderabad,IndiaMART,dealer,250.00,bag,250.00,bag,EXCL,18,2523,18.00,12.50,2.00,303.90,303.90,,,unknown,,BRAND_LICENSED,,1,3.6,9,20.18,lcv,seeded_fallback,2026-08-01T13:27:08.763Z,https://www.indiamart.com/proddetail/maha-ppc-cement-2854022092748.html
p_e77e45b8d49a040d,cement,Maha PPC cement — 50 kg bag,Maha,hyderabad,PSK Building Solutions Pvt. Ltd.,Hyderabad,IndiaMART,dealer,330.00,bag,330.00,bag,EXCL,18,2523,18.00,12.50,2.00,303.90,303.90,,,unknown,,BRAND_LICENSED,,1,3.9,35,10.1,lcv,seeded_fallback,2026-08-05T06:12:49.699Z,https://www.indiamart.com/proddetail/maha-ppc-cement-2857222419355.html
p_e77e45b8d49a040d,cement,Maha PPC cement — 50 kg bag,Maha,hyderabad,Munnalal Bros,"Secunderabad, Dist. Hyderabad",IndiaMART,dealer,236.00,bag,236.00,bag,EXCL,18,2523,24.77,12.50,2.00,303.90,303.90,,,unknown,,BRAND_LICENSED,,1,,,41.29,lcv,seeded_fallback,2026-08-02T10:34:40.856Z,https://www.indiamart.com/proddetail/maha-portland-pozzolana-cement-2855498542955.html
p_b7afd6e196c92d1c,cement,Nagarjuna OPC 53 grade cement — 50 kg bag,Nagarjuna,hyderabad,Bhaiya Enterprises,Hyderabad,IndiaMART,dealer,310.00,bag,310.00,bag,EXCL,18,2523,18.00,12.50,2.00,303.90,303.90,,,unknown,,BRAND_LICENSED,,1,4,14,25.31,lcv,seeded_fallback,2026-08-05T06:13:00.185Z,https://www.indiamart.com/proddetail/nagarjuna-opc-cement-suppliers-in-hyderabad-2855517762191.html
p_b7afd6e196c92d1c,cement,Nagarjuna OPC 53 grade cement — 50 kg bag,Nagarjuna,hyderabad,Mayank Marketing Associates,Hyderabad,IndiaMART,dealer,335.00,bag,335.00,bag,EXCL,18,2523,21.17,12.50,2.00,303.90,303.90,,,unknown,,BRAND_LICENSED,,1,4.8,6,35.29,lcv,seeded_fallback,2026-08-05T06:15:08.989Z,https://www.indiamart.com/proddetail/nagarjuna-ordinary-portland-cement-3771691230.html
p_b7afd6e196c92d1c,cement,Nagarjuna OPC 53 grade cement — 50 kg bag,Nagarjuna,hyderabad,Munnalal Bros,Secunderabad,IndiaMART,dealer,230.00,bag,230.00,bag,EXCL,18,2523,18.00,12.50,2.00,303.90,303.90,,,unknown,,BRAND_LICENSED,,1,,,23.26,lcv,seeded_fallback,2026-08-05T06:18:18.214Z,https://www.indiamart.com/proddetail/nagarjuna-cement-2855498492155.html
p_05fad220ad4ffd08,cement,Priya PPC 43 grade cement — 50 kg bag,Priya,hyderabad,Manju Marketing,"Jubilee Hills, Hyderabad",IndiaMART,dealer,315.00,bag,315.00,bag,EXCL,18,2523,18.50,12.50,2.00,303.90,303.90,,,unknown,,BRAND_LICENSED,,1,4.5,34,30.83,lcv,computed,2026-08-01T13:32:37.464Z,https://www.indiamart.com/proddetail/priya-ppc-cement-grade-43-22802560030.html
p_05fad220ad4ffd08,cement,Priya PPC 43 grade cement — 50 kg bag,Priya,hyderabad,Samyukta Cement And Steel Traders,Hyderabad,IndiaMART,dealer,230.00,bag,230.00,bag,EXCL,18,2523,18.00,12.50,2.00,303.90,303.90,,,unknown,,BRAND_LICENSED,,1,,,28.78,lcv,seeded_fallback,2026-08-05T06:12:46.164Z,https://www.indiamart.com/proddetail/priya-ppc-cement-2850509735755.html
p_05fad220ad4ffd08,cement,Priya PPC 43 grade cement — 50 kg bag,Priya,hyderabad,Panchamukhi Cement Agency,"Kukatpally, Hyderabad",IndiaMART,dealer,250.00,bag,250.00,bag,EXCL,18,2523,18.00,12.50,2.00,303.90,303.90,,,unknown,,BRAND_LICENSED,,1,,,12.17,lcv,computed,2026-08-05T06:12:46.164Z,https://www.indiamart.com/proddetail/priya-cement-ppc-grade-2853625864855.html
p_05fad220ad4ffd08,cement,Priya PPC 43 grade cement — 50 kg bag,Priya,hyderabad,Aaral Marketing,Hyderabad,IndiaMART,dealer,265.00,bag,265.00,bag,EXCL,18,2523,18.00,12.50,2.00,303.90,303.90,,,unknown,,BRAND_LICENSED,,1,,,29.61,lcv,seeded_fallback,2026-08-05T06:12:46.164Z,https://www.indiamart.com/proddetail/priya-cement-ppc-2852260377833.html
p_05fad220ad4ffd08,cement,Priya PPC 43 grade cement — 50 kg bag,Priya,hyderabad,Nawanirman Materials And Builders Private Limited,Hyderabad,IndiaMART,dealer,255.00,bag,255.00,bag,EXCL,18,2523,24.47,12.50,2.00,303.90,303.90,,,unknown,,BRAND_LICENSED,,1,,,40.78,lcv,seeded_fallback,2026-08-01T00:13:00.879Z,https://www.indiamart.com/proddetail/priya-cement-ppc-2856442345891.html
p_05fad220ad4ffd08,cement,Priya PPC 43 grade cement — 50 kg bag,Priya,hyderabad,Mahalaxmi Traders,Hyderabad,IndiaMART,dealer,245.00,bag,245.00,bag,EXCL,18,2523,18.00,12.50,2.00,303.90,303.90,,,unknown,,BRAND_LICENSED,,1,,,13.19,lcv,seeded_fallback,2026-08-01T13:27:12.283Z,https://www.indiamart.com/proddetail/priya-cement-ppc-21883180812.html
p_05fad220ad4ffd08,cement,Priya PPC 43 grade cement — 50 kg bag,Priya,hyderabad,J B Steels And Cement Traders,Hyderabad,IndiaMART,dealer,260.00,bag,260.00,bag,EXCL,18,2523,18.00,12.50,2.00,303.90,303.90,,,unknown,,BRAND_LICENSED,,1,3.6,9,20.18,lcv,seeded_fallback,2026-08-05T06:12:46.164Z,https://www.indiamart.com/proddetail/priya-ppc-cement-2849670901948.html
p_05fad220ad4ffd08,cement,Priya PPC 43 grade cement — 50 kg bag,Priya,hyderabad,Manju Marketing,"Jubilee Hills, Hyderabad",IndiaMART,dealer,305.00,bag,305.00,bag,EXCL,18,2523,18.50,12.50,2.00,303.90,303.90,,,unknown,,BRAND_LICENSED,,1,4.5,34,30.83,lcv,computed,2026-08-05T06:18:11.173Z,https://www.indiamart.com/proddetail/priya-opc-53-grade-cement-22801872488.html
p_4f38ae66d4353327,cement,Bangur PPC cement — 50 kg bag,Bangur,hyderabad,BigBMart,Hyderabad,BigBMart,platform,270.00,bag,270.00,bag,INCL,18,2523,22.67,12.50,2.00,307.17,307.17,,,unknown,,BRAND_LICENSED,,1,,,37.78,lcv,seeded_fallback,2026-08-01T00:00:00.000Z,https://bigbmart.com/product/bangur-ppc-cement/
p_4f38ae66d4353327,cement,Bangur PPC cement — 50 kg bag,Bangur,hyderabad,Modern Marketing Associates,Malakpet,ExportersIndia,dealer,315.00,bag,315.00,bag,EXCL,18,2523,18.00,12.50,2.00,307.17,307.17,,,unknown,,BRAND_LICENSED,,1,,,26.66,lcv,computed,2026-08-05T06:31:20.759Z,https://www.exportersindia.com/product-detail/bangur-cement-5803675.htm
p_4f38ae66d4353327,cement,Bangur PPC cement — 50 kg bag,Bangur,hyderabad,Navkar Steel And Cement,"Alwal, Hyderabad",IndiaMART,dealer,254.00,bag,254.00,bag,EXCL,18,2523,18.00,12.50,2.00,307.17,307.17,,,unknown,,BRAND_LICENSED,,1,,,13.81,lcv,computed,2026-08-05T06:19:14.348Z,https://www.indiamart.com/proddetail/bangur-cement-2850212282248.html
p_4f38ae66d4353327,cement,Bangur PPC cement — 50 kg bag,Bangur,hyderabad,Mahalaxmi Traders,Hyderabad,IndiaMART,dealer,250.00,bag,250.00,bag,EXCL,18,2523,18.00,12.50,2.00,307.17,307.17,,,unknown,,BRAND_LICENSED,,1,,,13.19,lcv,seeded_fallback,2026-08-05T06:19:21.296Z,https://www.indiamart.com/proddetail/ppc-bangur-cement-22017153230.html
p_4f38ae66d4353327,cement,Bangur PPC cement — 50 kg bag,Bangur,hyderabad,Nawanirman Materials And Builders Private Limited,Hyderabad,IndiaMART,dealer,255.00,bag,255.00,bag,EXCL,18,2523,24.47,12.50,2.00,307.17,307.17,,,unknown,,BRAND_LICENSED,,1,,,40.78,lcv,seeded_fallback,2026-08-05T06:19:14.348Z,https://www.indiamart.com/proddetail/bangur-power-cement-2854388125312.html
p_4f38ae66d4353327,cement,Bangur PPC cement — 50 kg bag,Bangur,hyderabad,Karan Steels,Hyderabad,IndiaMART,dealer,300.00,bag,300.00,bag,EXCL,18,2523,18.00,12.50,2.00,307.17,307.17,,,unknown,,BRAND_LICENSED,,1,,,16.24,lcv,seeded_fallback,2026-08-05T06:19:28.172Z,https://www.indiamart.com/proddetail/bangur-cement-50-kg-2850629331573.html
p_4f38ae66d4353327,cement,Bangur PPC cement — 50 kg bag,Bangur,hyderabad,Telangana Steel,Hyderabad,IndiaMART,dealer,240.00,bag,240.00,bag,EXCL,18,2523,18.65,12.50,2.00,307.17,307.17,,,unknown,,BRAND_LICENSED,,1,,,31.08,lcv,seeded_fallback,2026-08-05T06:19:14.348Z,https://www.indiamart.com/proddetail/bangur-ppc-cement-2856052443812.html
p_4f38ae66d4353327,cement,Bangur PPC cement — 50 kg bag,Bangur,hyderabad,Sri Venkateshwara Building Materials,Hyderabad,IndiaMART,dealer,250.00,bag,250.00,bag,EXCL,18,2523,18.00,12.50,2.00,307.17,307.17,,,unknown,,BRAND_LICENSED,,1,2,4,29.41,lcv,seeded_fallback,2026-08-05T06:19:21.296Z,https://www.indiamart.com/proddetail/bangur-cement-43-grade-2859536336397.html
p_4f38ae66d4353327,cement,Bangur PPC cement — 50 kg bag,Bangur,hyderabad,Sri Madhav & Company,"Madhapur, Hyderabad",IndiaMART,dealer,290.00,bag,290.00,bag,EXCL,18,2523,20.81,12.50,2.00,307.17,307.17,,,unknown,,BRAND_LICENSED,,1,4.4,20,34.69,lcv,seeded_fallback,2026-08-05T06:19:14.348Z,https://www.indiamart.com/proddetail/bangur-ppc-cement-17092898573.html
p_4f38ae66d4353327,cement,Bangur PPC cement — 50 kg bag,Bangur,hyderabad,G S R Marketig Limited,"Nallakunta, Hyderabad",IndiaMART,dealer,300.00,bag,300.00,bag,EXCL,18,2523,18.00,12.50,2.00,307.17,307.17,,,unknown,,BRAND_LICENSED,,1,,,23.11,lcv,computed,2026-08-05T06:19:14.348Z,https://www.indiamart.com/proddetail/bangur-cement-opc-ppc-23657830012.html
p_4f38ae66d4353327,cement,Bangur PPC cement — 50 kg bag,Bangur,hyderabad,MS Traders,Hyderabad,IndiaMART,dealer,290.00,bag,290.00,bag,EXCL,18,2523,18.00,12.50,2.00,307.17,307.17,,,unknown,,BRAND_LICENSED,,1,,,27.73,lcv,seeded_fallback,2026-08-05T06:19:14.348Z,https://www.indiamart.com/proddetail/bangur-ppc-construction-cement-2852597040830.html
p_4f38ae66d4353327,cement,Bangur PPC cement — 50 kg bag,Bangur,hyderabad,Sri Laxmi Agency,Hyderabad,IndiaMART,dealer,315.00,bag,315.00,bag,EXCL,18,2523,18.00,12.50,2.00,307.17,307.17,,,unknown,,BRAND_LICENSED,,1,,,23.38,lcv,seeded_fallback,2026-08-05T06:19:14.348Z,https://www.indiamart.com/proddetail/bangur-cement-53-grade-27523338862.html
p_4f38ae66d4353327,cement,Bangur PPC cement — 50 kg bag,Bangur,hyderabad,Karan Steels,Hyderabad,IndiaMART,dealer,325.00,bag,325.00,bag,EXCL,18,2523,18.00,12.50,2.00,307.17,307.17,,,unknown,,BRAND_LICENSED,,1,4.2,27,16.24,lcv,seeded_fallback,2026-08-05T06:19:14.348Z,https://www.indiamart.com/proddetail/bangur-cement-power-50-kg-bag-2850629226033.html
p_4f38ae66d4353327,cement,Bangur PPC cement — 50 kg bag,Bangur,hyderabad,Aaral Marketing,Hyderabad,IndiaMART,dealer,255.00,bag,255.00,bag,EXCL,18,2523,18.00,12.50,2.00,307.17,307.17,,,unknown,,BRAND_LICENSED,,1,,,29.61,lcv,seeded_fallback,2026-08-01T13:34:22.622Z,https://www.indiamart.com/proddetail/bangur-cement-ppc-20831105812.html
p_4f38ae66d4353327,cement,Bangur PPC cement — 50 kg bag,Bangur,hyderabad,Construction Material Mart (CM Mart),"Old Malakpet, Hyderabad",IndiaMART,dealer,290.00,bag,290.00,bag,EXCL,18,2523,18.00,12.50,2.00,307.17,307.17,,,unknown,,BRAND_LICENSED,,1,,,27.11,lcv,seeded_fallback,2026-08-01T04:31:21.414Z,https://www.indiamart.com/proddetail/cement-bangur-cement-2857164941588.html
p_4f38ae66d4353327,cement,Bangur PPC cement — 50 kg bag,Bangur,hyderabad,Meenakshi Steel & Cement Traders,Hyderabad,IndiaMART,dealer,360.00,bag,360.00,bag,EXCL,18,2523,18.00,12.50,2.00,307.17,307.17,,,unknown,,BRAND_LICENSED,,1,,,21.19,lcv,seeded_fallback,2026-08-05T06:19:14.348Z,https://www.indiamart.com/proddetail/bangur-roofon-plus-ppc-cement-2856591347812.html
p_4f38ae66d4353327,cement,Bangur PPC cement — 50 kg bag,Bangur,hyderabad,Dharmanandan Enterprise,Deals in Hyderabad,IndiaMART,dealer,237.00,bag,237.00,bag,EXCL,18,2523,25.19,12.50,2.00,307.17,307.17,,,unknown,,BRAND_LICENSED,,1,4,93,41.98,lcv,seeded_fallback,2026-08-01T13:32:37.464Z,https://www.indiamart.com/proddetail/bangur-cement-50-kg-2858635389048.html
p_4f38ae66d4353327,cement,Bangur PPC cement — 50 kg bag,Bangur,hyderabad,G S R Marketig Limited,"Nallakunta, Hyderabad",IndiaMART,dealer,300.00,bag,300.00,bag,EXCL,18,2523,18.00,12.50,2.00,307.17,307.17,,,unknown,,BRAND_LICENSED,,1,,,23.11,lcv,computed,2026-08-05T06:12:46.164Z,https://www.indiamart.com/proddetail/bangur-power-cement-2853258966591.html
p_4f38ae66d4353327,cement,Bangur PPC cement — 50 kg bag,Bangur,hyderabad,Neenv Enterprises,"Nallakunta, Hyderabad",IndiaMART,dealer,325.00,bag,325.00,bag,EXCL,18,2523,18.00,12.50,2.00,307.17,307.17,,,unknown,,BRAND_LICENSED,,1,,,23.11,lcv,computed,2026-08-02T10:33:44.817Z,https://www.indiamart.com/proddetail/bangur-psc-cement-23368902912.html
p_4f38ae66d4353327,cement,Bangur PPC cement — 50 kg bag,Bangur,hyderabad,Varalakshmi Enterprises,Hyderabad,IndiaMART,dealer,380.00,bag,380.00,bag,EXCL,18,2523,18.00,12.50,2.00,307.17,307.17,,,unknown,,BRAND_LICENSED,,1,5,1,24.97,lcv,seeded_fallback,2026-08-02T10:34:12.795Z,https://www.indiamart.com/proddetail/bangur-power-cement-25769637888.html
p_4f38ae66d4353327,cement,Bangur PPC cement — 50 kg bag,Bangur,hyderabad,Modern Marketing Associates,Hyderabad,IndiaMART,dealer,300.00,bag,300.00,bag,EXCL,18,2523,24.40,12.50,2.00,307.17,307.17,,,unknown,,BRAND_LICENSED,,1,,,40.66,lcv,seeded_fallback,2026-08-05T06:12:46.164Z,https://www.indiamart.com/proddetail/bunger-ppc-cement-21609819391.html
p_4f38ae66d4353327,cement,Bangur PPC cement — 50 kg bag,Bangur,hyderabad,Construction Material Mart (CM Mart),Hyderabad,IndiaMART,dealer,250.00,bag,250.00,bag,EXCL,18,2523,23.67,12.50,2.00,307.17,307.17,,,unknown,,BRAND_LICENSED,,1,,,39.45,lcv,seeded_fallback,2026-08-05T06:19:35.523Z,https://www.indiamart.com/proddetail/bangur-grade-43-portland-pozzolana-cement-2855509112855.html
p_ae39f9960665c2aa,cement,Maha PSC cement — 50 kg bag,Maha,hyderabad,MJPR Builders,Hyderabad,IndiaMART,dealer,325.00,bag,325.00,bag,EXCL,18,2523,18.29,12.50,2.00,309.80,309.80,,,unknown,,BRAND_LICENSED,,1,,,30.49,lcv,seeded_fallback,2026-08-05T06:14:55.498Z,https://www.indiamart.com/proddetail/maha-slag-cement-2849215682312.html
p_ae39f9960665c2aa,cement,Maha PSC cement — 50 kg bag,Maha,hyderabad,Samyukta Cement And Steel Traders,Hyderabad,IndiaMART,dealer,235.00,bag,235.00,bag,EXCL,18,2523,18.00,12.50,2.00,309.80,309.80,,,unknown,,BRAND_LICENSED,,1,,,28.78,lcv,seeded_fallback,2026-08-02T10:33:44.817Z,https://www.indiamart.com/proddetail/maha-portland-slag-cement-2850509629633.html
p_ae39f9960665c2aa,cement,Maha PSC cement — 50 kg bag,Maha,hyderabad,Mohit Agencies,Hyderabad,IndiaMART,dealer,320.00,bag,320.00,bag,EXCL,18,2523,18.00,12.50,2.00,309.80,309.80,,,unknown,,BRAND_LICENSED,,1,,,22.93,lcv,seeded_fallback,2026-08-02T10:33:44.817Z,https://www.indiamart.com/proddetail/maha-portland-slag-cement-24793902191.html
p_ae39f9960665c2aa,cement,Maha PSC cement — 50 kg bag,Maha,hyderabad,Sri Purvi Enterprises,Hyderabad,IndiaMART,dealer,290.00,bag,290.00,bag,EXCL,18,2523,24.27,12.50,2.00,309.80,309.80,,,unknown,,BRAND_LICENSED,,1,,,40.45,lcv,seeded_fallback,2026-08-02T10:33:44.817Z,https://www.indiamart.com/proddetail/maha-psc-cement-2852093946973.html
p_ae39f9960665c2aa,cement,Maha PSC cement — 50 kg bag,Maha,hyderabad,Siva Balaji Enterprises,Hyderabad,IndiaMART,dealer,330.00,bag,330.00,bag,EXCL,18,2523,18.00,12.50,2.00,309.80,309.80,,,unknown,,BRAND_LICENSED,,1,4,2,14.41,lcv,seeded_fallback,2026-08-02T10:33:44.817Z,https://www.indiamart.com/proddetail/maha-psc-cement-26052661997.html
p_49b1d4bc607f7d97,cement,Shree Jung Rodhak PPC 43 grade cement — 50 kg bag,Shree Jung Rodhak,hyderabad,Mahalaxmi Traders,Hyderabad,IndiaMART,dealer,235.00,bag,235.00,bag,EXCL,18,2523,18.00,12.50,2.00,309.80,309.80,,,unknown,,BRAND_LICENSED,,1,3.7,144,13.19,lcv,seeded_fallback,2026-08-05T06:19:28.172Z,https://www.indiamart.com/proddetail/bangur-shree-jungrodhak-21820097412.html
p_49b1d4bc607f7d97,cement,Shree Jung Rodhak PPC 43 grade cement — 50 kg bag,Shree Jung Rodhak,hyderabad,Garuda Flyash Brics,Hyderabad,IndiaMART,dealer,265.00,bag,265.00,bag,EXCL,18,2523,18.00,12.50,2.00,309.80,309.80,,,unknown,,BRAND_LICENSED,,1,,,12.77,lcv,seeded_fallback,2026-08-05T06:18:11.173Z,https://www.indiamart.com/proddetail/shree-jung-rodhak-cement-2858214993762.html
p_49b1d4bc607f7d97,cement,Shree Jung Rodhak PPC 43 grade cement — 50 kg bag,Shree Jung Rodhak,hyderabad,Construction Material Mart (CM Mart),"Old Malakpet, Hyderabad",IndiaMART,dealer,250.00,bag,250.00,bag,EXCL,18,2523,18.00,12.50,2.00,309.80,309.80,,,unknown,,BRAND_LICENSED,,1,,,27.11,lcv,seeded_fallback,2026-08-05T06:19:49.360Z,https://www.indiamart.com/proddetail/shree-jung-rodhak-43-grade-ppc-2855744924562.html
p_49b1d4bc607f7d97,cement,Shree Jung Rodhak PPC 43 grade cement — 50 kg bag,Shree Jung Rodhak,hyderabad,Sai Ram Steel Traders,"Ecil, Hyderabad",IndiaMART,dealer,360.00,bag,360.00,bag,EXCL,18,2523,18.00,12.50,2.00,309.80,309.80,,,unknown,,BRAND_LICENSED,,1,,,21.64,lcv,seeded_fallback,2026-08-05T06:19:42.606Z,https://www.indiamart.com/proddetail/50-kg-shree-jung-rodhak-cement-2853135514055.html
p_49b1d4bc607f7d97,cement,Shree Jung Rodhak PPC 43 grade cement — 50 kg bag,Shree Jung Rodhak,hyderabad,Lakshmi Narsimha Traders,Hyderabad,IndiaMART,dealer,280.00,piece,280.00,bag,EXCL,18,2523,18.31,12.50,2.00,309.80,309.80,,,unknown,,BRAND_LICENSED,,1,2,1,30.51,lcv,seeded_fallback,2026-08-05T06:19:42.606Z,https://www.indiamart.com/proddetail/shree-jung-rodhak-cement-2854720078888.html
p_49b1d4bc607f7d97,cement,Shree Jung Rodhak PPC 43 grade cement — 50 kg bag,Shree Jung Rodhak,hyderabad,Sri Laxmi Agency,Hyderabad,IndiaMART,dealer,315.00,bag,315.00,bag,EXCL,18,2523,18.00,12.50,2.00,309.80,309.80,,,unknown,,BRAND_LICENSED,,1,,,23.38,lcv,seeded_fallback,2026-08-05T06:19:42.606Z,https://www.indiamart.com/proddetail/shree-jung-rodhak-cement-27523384588.html
p_49b1d4bc607f7d97,cement,Shree Jung Rodhak PPC 43 grade cement — 50 kg bag,Shree Jung Rodhak,hyderabad,Moin Cement Agencies,"Bahadurpura, Hyderabad",IndiaMART,dealer,330.00,bag,330.00,bag,EXCL,18,2523,18.00,12.50,2.00,309.80,309.80,,,unknown,,BRAND_LICENSED,,1,,,24.01,lcv,seeded_fallback,2026-08-05T06:19:42.606Z,https://www.indiamart.com/proddetail/shree-jung-rodhak-cement-18020128491.html
p_49b1d4bc607f7d97,cement,Shree Jung Rodhak PPC 43 grade cement — 50 kg bag,Shree Jung Rodhak,hyderabad,Royal Cement & Steel,Hyderabad,IndiaMART,dealer,310.00,bag,310.00,bag,EXCL,18,2523,18.92,12.50,2.00,309.80,309.80,,,unknown,,BRAND_LICENSED,,1,,,31.54,lcv,seeded_fallback,2026-08-05T06:19:42.606Z,https://www.indiamart.com/proddetail/shree-jung-rodhak-cement-2854792605648.html
p_49b1d4bc607f7d97,cement,Shree Jung Rodhak PPC 43 grade cement — 50 kg bag,Shree Jung Rodhak,hyderabad,Nawanirman Materials And Builders Private Limited,Hyderabad,IndiaMART,dealer,255.00,bag,255.00,bag,EXCL,18,2523,24.47,12.50,2.00,309.80,309.80,,,unknown,,BRAND_LICENSED,,1,3.6,73,40.78,lcv,seeded_fallback,2026-08-01T13:34:29.543Z,https://www.indiamart.com/proddetail/shree-jung-rodhak-ppc-cement-25934293155.html
p_49b1d4bc607f7d97,cement,Shree Jung Rodhak PPC 43 grade cement — 50 kg bag,Shree Jung Rodhak,hyderabad,MS Traders,Hyderabad,IndiaMART,dealer,300.00,bag,300.00,bag,EXCL,18,2523,18.00,12.50,2.00,309.80,309.80,,,unknown,,BRAND_LICENSED,,1,,,27.73,lcv,seeded_fallback,2026-08-02T10:34:40.856Z,https://www.indiamart.com/proddetail/shree-jung-rodhak-cement-2852597040797.html
p_3fbad5698603d8b2,cement,JSW OPC cement — 50 kg bag,JSW,hyderabad,Sri Sai Steel And Cement,Hyderabad,IndiaMART,dealer,240.00,bag,240.00,bag,EXCL,18,2523,18.00,12.50,2.00,315.70,315.70,,,unknown,,BRAND_LICENSED,,1,,,21.28,lcv,seeded_fallback,2026-08-05T06:17:15.396Z,https://www.indiamart.com/proddetail/jsw-power-pro-cement-2855348983455.html
p_faf042321ac43672,cement,JSW OPC cement — 50 kg bag,JSW,hyderabad,Sri Durga Marketing,"Tarnaka, Hyderabad",IndiaMART,dealer,240.00,bag,240.00,bag,EXCL,18,2523,18.00,12.50,2.00,315.70,315.70,,,unknown,,BRAND_LICENSED,,1,,,13.63,lcv,seeded_fallback,2026-08-05T06:17:15.396Z,https://www.indiamart.com/proddetail/jsw-cement-dealers-2857644603630.html
p_4895cb837c315d99,cement,JSW Concreel PSC cement — 50 kg bag,JSW Concreel,hyderabad,G S R Marketig Limited,"Nallakunta, Hyderabad",IndiaMART,dealer,300.00,bag,300.00,bag,EXCL,18,2523,18.00,12.50,2.00,315.70,315.70,,,unknown,,BRAND_LICENSED,,1,,,23.11,lcv,computed,2026-08-05T06:17:15.396Z,https://www.indiamart.com/proddetail/jsw-concreel-hd-cement-27116053888.html
p_4895cb837c315d99,cement,JSW Concreel PSC cement — 50 kg bag,JSW Concreel,hyderabad,Mahalaxmi Traders,Hyderabad,IndiaMART,dealer,255.00,bag,255.00,bag,EXCL,18,2523,18.00,12.50,2.00,315.70,315.70,,,unknown,,BRAND_LICENSED,,1,,,13.19,lcv,seeded_fallback,2026-08-05T06:17:15.396Z,https://www.indiamart.com/proddetail/jsw-concreel-hd-cement-23219999797.html
p_4895cb837c315d99,cement,JSW Concreel PSC cement — 50 kg bag,JSW Concreel,hyderabad,Siva Balaji Enterprises,Hyderabad,IndiaMART,dealer,300.00,bag,300.00,bag,EXCL,18,2523,18.00,12.50,2.00,315.70,315.70,,,unknown,,BRAND_LICENSED,,1,4,2,14.41,lcv,seeded_fallback,2026-08-05T06:17:22.100Z,https://www.indiamart.com/proddetail/jsw-concreel-hd-cement-26053233033.html
p_4895cb837c315d99,cement,JSW Concreel PSC cement — 50 kg bag,JSW Concreel,hyderabad,Sree Associates,"Somajiguda, Hyderabad",IndiaMART,dealer,250.00,bag,250.00,bag,EXCL,18,2523,18.00,12.50,2.00,315.70,315.70,,,unknown,,BRAND_LICENSED,,1,,,23.44,lcv,seeded_fallback,2026-08-05T06:17:15.396Z,https://www.indiamart.com/proddetail/jsw-concreel-hd-cement-2855531512688.html
p_4895cb837c315d99,cement,JSW Concreel PSC cement — 50 kg bag,JSW Concreel,hyderabad,Sri Ganesh Steel & Cements Kompally,Hyderabad,IndiaMART,dealer,300.00,bag,300.00,bag,EXCL,18,2523,19.28,12.50,2.00,315.70,315.70,,,unknown,,BRAND_LICENSED,,1,,,32.13,lcv,seeded_fallback,2026-08-05T06:17:29.062Z,https://www.indiamart.com/proddetail/50kg-jsw-concreel-hd-cement-23374734273.html
p_4895cb837c315d99,cement,JSW Concreel PSC cement — 50 kg bag,JSW Concreel,hyderabad,Sri Venkateshwara Building Materials,Hyderabad,IndiaMART,dealer,240.00,bag,240.00,bag,EXCL,18,2523,18.00,12.50,2.00,315.70,315.70,,,unknown,,BRAND_LICENSED,,1,2,4,29.41,lcv,seeded_fallback,2026-08-05T06:17:29.062Z,https://www.indiamart.com/proddetail/jsw-concreel-hd-cement-2859213458962.html
p_4b01f8429b57c6d6,cement,Maha OPC 43 grade cement — 50 kg bag,Maha,hyderabad,Nawanirman Materials And Builders Private Limited,Hyderabad,IndiaMART,dealer,295.00,bag,295.00,bag,EXCL,18,2523,24.47,12.50,2.00,315.70,315.70,,,unknown,,BRAND_LICENSED,,1,,,40.78,lcv,seeded_fallback,2026-08-05T06:14:34.067Z,https://www.indiamart.com/proddetail/maha-cement-opc-43-grade-23640044455.html
p_4b01f8429b57c6d6,cement,Maha OPC 43 grade cement — 50 kg bag,Maha,hyderabad,Sri Venkateshwara Building Materials,Hyderabad,IndiaMART,dealer,240.00,bag,240.00,bag,EXCL,18,2523,18.00,12.50,2.00,315.70,315.70,,,unknown,,BRAND_LICENSED,,1,,,29.41,lcv,seeded_fallback,2026-08-05T06:13:00.185Z,https://www.indiamart.com/proddetail/maha-opc-43-grade-cement-2859115697597.html
p_64746a91f547b8b3,cement,Parasakti PPC cement — 50 kg bag,Parasakti,hyderabad,BigBMart,Hyderabad,BigBMart,platform,285.00,bag,285.00,bag,INCL,18,2523,22.67,12.50,2.00,315.70,315.70,,,unknown,,BRAND_LICENSED,,1,,,37.78,lcv,seeded_fallback,2026-08-01T00:00:00.000Z,https://bigbmart.com/product/parasakti-ppc-cement/
p_64746a91f547b8b3,cement,Parasakti PPC cement — 50 kg bag,Parasakti,hyderabad,J B Steels And Cement Traders,Hyderabad,IndiaMART,dealer,240.00,bag,240.00,bag,EXCL,18,2523,18.00,12.50,2.00,315.70,315.70,,,unknown,,BRAND_LICENSED,,1,3.6,9,20.18,lcv,seeded_fallback,2026-08-05T06:12:49.699Z,https://www.indiamart.com/proddetail/parasakti-ppc-43-grade-cement-2851747738548.html
p_a9b74b4af825212f,cement,Ramco Supergrade PPC 43 grade cement — 50 kg bag,Ramco Supergrade,hyderabad,Mahalaxmi Traders,Hyderabad,IndiaMART,dealer,255.00,bag,255.00,bag,EXCL,18,2523,18.00,12.50,2.00,315.70,315.70,,,unknown,,BRAND_LICENSED,,1,,,13.19,lcv,seeded_fallback,2026-08-05T06:16:12.060Z,https://www.indiamart.com/proddetail/ramco-supergrade-cement-21883190048.html
p_a9b74b4af825212f,cement,Ramco Supergrade PPC 43 grade cement — 50 kg bag,Ramco Supergrade,hyderabad,Srinivasa Steel Traders,Hyderabad,IndiaMART,dealer,250.00,bag,250.00,bag,EXCL,18,2523,18.00,12.50,2.00,315.70,315.70,,,unknown,,BRAND_LICENSED,,1,,,18.56,lcv,seeded_fallback,2026-08-05T06:16:12.060Z,https://www.indiamart.com/proddetail/ramco-super-grade-cement-2855391589212.html
p_a9b74b4af825212f,cement,Ramco Supergrade PPC 43 grade cement — 50 kg bag,Ramco Supergrade,hyderabad,Sri Venkateshwara Building Materials,Hyderabad,IndiaMART,dealer,240.00,bag,240.00,bag,EXCL,18,2523,18.00,12.50,2.00,315.70,315.70,,,unknown,,BRAND_LICENSED,,1,,,29.41,lcv,seeded_fallback,2026-08-05T06:16:12.060Z,https://www.indiamart.com/proddetail/ramco-supergrade-cement-2859116127397.html
p_a9b74b4af825212f,cement,Ramco Supergrade PPC 43 grade cement — 50 kg bag,Ramco Supergrade,hyderabad,Tirumala Steel And Cement Traders,Hyderabad,IndiaMART,dealer,270.00,bag,270.00,bag,EXCL,18,2523,18.00,12.50,2.00,315.70,315.70,,,unknown,,BRAND_LICENSED,,1,4.2,13,19.55,lcv,seeded_fallback,2026-08-05T06:16:12.060Z,https://www.indiamart.com/proddetail/ramco-super-grade-cement-2849391713630.html
p_a9b74b4af825212f,cement,Ramco Supergrade PPC 43 grade cement — 50 kg bag,Ramco Supergrade,hyderabad,Adinath Polyvinyls,"Secunderabad, Dist. Hyderabad",IndiaMART,dealer,265.00,bag,265.00,bag,EXCL,18,2523,18.00,12.50,2.00,315.70,315.70,,,unknown,,BRAND_LICENSED,,1,3.1,8,23.24,lcv,seeded_fallback,2026-08-05T06:16:12.060Z,https://www.indiamart.com/proddetail/ramco-supergrade-cement-2849735215330.html
p_a9b74b4af825212f,cement,Ramco Supergrade PPC 43 grade cement — 50 kg bag,Ramco Supergrade,hyderabad,G S R Marketig Limited,"Nallakunta, Hyderabad",IndiaMART,dealer,290.00,bag,290.00,bag,EXCL,18,2523,18.00,12.50,2.00,315.70,315.70,,,unknown,,BRAND_LICENSED,,1,,,23.11,lcv,computed,2026-08-02T10:29:43.889Z,https://www.indiamart.com/proddetail/ramco-super-grade-cement-2853258998748.html
p_a9b74b4af825212f,cement,Ramco Supergrade PPC 43 grade cement — 50 kg bag,Ramco Supergrade,hyderabad,Nawanirman Materials And Builders Private Limited,Hyderabad,IndiaMART,dealer,265.00,bag,265.00,bag,EXCL,18,2523,24.47,12.50,2.00,315.70,315.70,,,unknown,,BRAND_LICENSED,,1,,,40.78,lcv,seeded_fallback,2026-08-05T06:16:26.046Z,https://www.indiamart.com/proddetail/ramco-supergrade-ppc-25934225673.html
p_a9b74b4af825212f,cement,Ramco Supergrade PPC 43 grade cement — 50 kg bag,Ramco Supergrade,hyderabad,Sri Lakshmi Enterprises,Hyderabad,IndiaMART,dealer,245.00,bag,245.00,bag,EXCL,18,2523,18.00,12.50,2.00,315.70,315.70,,,unknown,,BRAND_LICENSED,,1,,,29.76,lcv,seeded_fallback,2026-08-05T06:16:18.969Z,https://www.indiamart.com/proddetail/ramco-supergrade-performance-blended-cement-2858960497288.html
p_a9b74b4af825212f,cement,Ramco Supergrade PPC 43 grade cement — 50 kg bag,Ramco Supergrade,hyderabad,Garuda Flyash Brics,Hyderabad,IndiaMART,dealer,270.00,bag,270.00,bag,EXCL,18,2523,18.00,12.50,2.00,315.70,315.70,,,unknown,,BRAND_LICENSED,,1,,,12.77,lcv,seeded_fallback,2026-08-05T06:16:12.060Z,https://www.indiamart.com/proddetail/ramco-supergrade-ppc-cement-2858214988488.html
p_a9b74b4af825212f,cement,Ramco Supergrade PPC 43 grade cement — 50 kg bag,Ramco Supergrade,hyderabad,Samyukta Cement And Steel Traders,Hyderabad,IndiaMART,dealer,250.00,bag,250.00,bag,EXCL,18,2523,18.00,12.50,2.00,315.70,315.70,,,unknown,,BRAND_LICENSED,,1,4,5,28.78,lcv,seeded_fallback,2026-08-05T06:16:18.969Z,https://www.indiamart.com/proddetail/ramco-super-grade-premium-cement-2850509525855.html
p_a9b74b4af825212f,cement,Ramco Supergrade PPC 43 grade cement — 50 kg bag,Ramco Supergrade,hyderabad,Sowmya Building Material Suppliers,Hyderabad,IndiaMART,dealer,400.00,bag,400.00,bag,EXCL,18,2523,19.80,12.50,2.00,315.70,315.70,,,unknown,,BRAND_LICENSED,,1,,,33,lcv,seeded_fallback,2026-08-05T06:16:12.060Z,https://www.indiamart.com/proddetail/ramco-supergrade-ppc-cement-2852717800173.html
p_a9b74b4af825212f,cement,Ramco Supergrade PPC 43 grade cement — 50 kg bag,Ramco Supergrade,hyderabad,Sri Dattatreya Enterprises,"Secunderabad, Dist. Hyderabad",IndiaMART,dealer,490.00,bag,490.00,bag,EXCL,18,2523,19.28,12.50,2.00,315.70,315.70,,,unknown,,BRAND_LICENSED,,1,4.5,6,32.13,lcv,seeded_fallback,2026-08-02T10:29:50.903Z,https://www.indiamart.com/proddetail/ramco-supergrade-ppc-cement-2853113009955.html
p_a9b74b4af825212f,cement,Ramco Supergrade PPC 43 grade cement — 50 kg bag,Ramco Supergrade,hyderabad,Sri Manikanta Steel Traders,Hyderabad,IndiaMART,dealer,280.00,bag,280.00,bag,EXCL,18,2523,21.55,12.50,2.00,315.70,315.70,,,unknown,,BRAND_LICENSED,,1,,,35.91,lcv,seeded_fallback,2026-08-02T10:31:24.757Z,https://www.indiamart.com/proddetail/50kg-ramco-supergrade-cement-2855472517733.html
p_7f7dbea7a107125d,cement,ACC Suraksha PPC cement — 50 kg bag,ACC Suraksha,hyderabad,BigBMart,Hyderabad,BigBMart,platform,280.00,bag,280.00,bag,INCL,18,2523,22.67,12.50,2.00,317.17,317.17,,,unknown,,BRAND_LICENSED,,1,,,37.78,lcv,seeded_fallback,2026-08-01T00:00:00.000Z,https://bigbmart.com/product/acc-suraksha-ppc-cement/
p_7f7dbea7a107125d,cement,ACC Suraksha PPC cement — 50 kg bag,ACC Suraksha,hyderabad,Mahalaxmi Traders,Hyderabad,IndiaMART,dealer,255.00,bag,255.00,bag,EXCL,18,2523,18.00,12.50,2.00,317.17,317.17,,,unknown,,BRAND_LICENSED,,1,,,13.19,lcv,seeded_fallback,2026-08-01T13:26:54.774Z,https://www.indiamart.com/proddetail/acc-suraksha-cement-21534884133.html
p_7f7dbea7a107125d,cement,ACC Suraksha PPC cement — 50 kg bag,ACC Suraksha,hyderabad,G S R Marketig Limited,"Nallakunta, Hyderabad",IndiaMART,dealer,300.00,bag,300.00,bag,EXCL,18,2523,18.00,12.50,2.00,317.17,317.17,,,unknown,,BRAND_LICENSED,,1,4.1,101,23.11,lcv,computed,2026-08-05T06:12:32.085Z,https://www.indiamart.com/proddetail/acc-suraksha-cement-2853258920491.html
p_7f7dbea7a107125d,cement,ACC Suraksha PPC cement — 50 kg bag,ACC Suraksha,hyderabad,PSK Building Solutions Pvt. Ltd.,Hyderabad,IndiaMART,dealer,330.00,bag,330.00,bag,EXCL,18,2523,18.00,12.50,2.00,317.17,317.17,,,unknown,,BRAND_LICENSED,,1,,,10.1,lcv,seeded_fallback,2026-08-05T06:12:32.085Z,https://www.indiamart.com/proddetail/acc-suraksha-cement-2857222481191.html
p_7f7dbea7a107125d,cement,ACC Suraksha PPC cement — 50 kg bag,ACC Suraksha,hyderabad,Shree Ambica Steel Udyog,Hyderabad,IndiaMART,dealer,245.00,bag,245.00,bag,EXCL,18,2523,19.89,12.50,2.00,317.17,317.17,,,unknown,,BRAND_LICENSED,,1,,,33.15,lcv,seeded_fallback,2026-08-05T06:12:32.085Z,https://www.indiamart.com/proddetail/50-kg-acc-suraksha-power-cement-19444777433.html
p_7f7dbea7a107125d,cement,ACC Suraksha PPC cement — 50 kg bag,ACC Suraksha,hyderabad,J B Steels And Cement Traders,Hyderabad,IndiaMART,dealer,290.00,bag,290.00,bag,EXCL,18,2523,18.00,12.50,2.00,317.17,317.17,,,unknown,,BRAND_LICENSED,,1,3.6,9,20.18,lcv,seeded_fallback,2026-08-05T06:12:32.085Z,https://www.indiamart.com/proddetail/acc-suraksha-cement-2851747648262.html
p_7f7dbea7a107125d,cement,ACC Suraksha PPC cement — 50 kg bag,ACC Suraksha,hyderabad,Nawanirman Materials And Builders Private Limited,Hyderabad,IndiaMART,dealer,265.00,bag,265.00,bag,EXCL,18,2523,24.47,12.50,2.00,317.17,317.17,,,unknown,,BRAND_LICENSED,,1,,,40.78,lcv,seeded_fallback,2026-08-01T04:24:35.465Z,https://www.indiamart.com/proddetail/acc-suraksha-cement-25934407091.html
p_7f7dbea7a107125d,cement,ACC Suraksha PPC cement — 50 kg bag,ACC Suraksha,hyderabad,Arun Trading Co,"Manovikasnagar, Hyderabad",IndiaMART,dealer,265.00,bag,265.00,bag,EXCL,18,2523,18.00,12.50,2.00,317.17,317.17,,,unknown,,BRAND_LICENSED,,1,,,17.92,lcv,computed,2026-08-05T06:12:46.164Z,https://www.indiamart.com/proddetail/43-grade-acc-suraksha-cement-2853145702288.html
p_0e438e965675a618,cement,Birla Shakti PPC cement — 50 kg bag,Birla Shakti,hyderabad,BigBMart,Hyderabad,BigBMart,platform,280.00,bag,280.00,bag,INCL,18,2523,22.67,12.50,2.00,317.17,317.17,,,unknown,,BRAND_LICENSED,,1,,,37.78,lcv,seeded_fallback,2026-08-01T00:00:00.000Z,https://bigbmart.com/product/birla-shakti-ppc-cement/
p_0e438e965675a618,cement,Birla Shakti PPC cement — 50 kg bag,Birla Shakti,hyderabad,Hirawat Steel Private Limited,Hyderabad,IndiaMART,dealer,270.00,bag,270.00,bag,EXCL,18,2523,18.00,12.50,2.00,317.17,317.17,,,unknown,,BRAND_LICENSED,,1,,,25.44,lcv,seeded_fallback,2026-08-05T06:18:11.173Z,https://www.indiamart.com/proddetail/birla-shakti-ppc-cement-2852798374248.html
p_0e438e965675a618,cement,Birla Shakti PPC cement — 50 kg bag,Birla Shakti,hyderabad,Varun Traders,Hyderabad,IndiaMART,dealer,265.00,bag,265.00,bag,EXCL,18,2523,18.00,12.50,2.00,317.17,317.17,,,unknown,,BRAND_LICENSED,,1,4,58,9.03,lcv,seeded_fallback,2026-08-02T10:29:02.193Z,https://www.indiamart.com/proddetail/birla-shakti-cement-21640113662.html
p_0e438e965675a618,cement,Birla Shakti PPC cement — 50 kg bag,Birla Shakti,hyderabad,Bhaiya Enterprises,Hyderabad,IndiaMART,dealer,270.00,bag,270.00,bag,EXCL,18,2523,18.00,12.50,2.00,317.17,317.17,,,unknown,,BRAND_LICENSED,,1,4,14,25.31,lcv,seeded_fallback,2026-08-05T06:12:46.164Z,https://www.indiamart.com/proddetail/birla-shakti-ppc-25690079488.html
p_0e438e965675a618,cement,Birla Shakti PPC cement — 50 kg bag,Birla Shakti,hyderabad,Srinivasa Steel Traders,Hyderabad,IndiaMART,dealer,260.00,bag,260.00,bag,EXCL,18,2523,18.00,12.50,2.00,317.17,317.17,,,unknown,,BRAND_LICENSED,,1,,,18.56,lcv,seeded_fallback,2026-08-05T06:12:56.545Z,https://www.indiamart.com/proddetail/birla-shakti-ppc-cement-2855391588955.html
p_1640b11b33cbfd69,cement,Chettinad PPC 43 grade cement — 50 kg bag,Chettinad,hyderabad,BigBMart,Hyderabad,BigBMart,platform,330.00,bag,330.00,bag,INCL,18,2523,22.67,12.50,2.00,321.60,321.60,,,unknown,,BRAND_LICENSED,,1,,,37.78,lcv,seeded_fallback,2026-08-01T00:00:00.000Z,https://bigbmart.com/product/chettinad-43-grade-ppc-cement/
p_1640b11b33cbfd69,cement,Chettinad PPC 43 grade cement — 50 kg bag,Chettinad,hyderabad,Aaral Marketing,Hyderabad,IndiaMART,dealer,245.00,bag,245.00,bag,EXCL,18,2523,18.00,12.50,2.00,321.60,321.60,,,unknown,,BRAND_LICENSED,,1,,,29.61,lcv,seeded_fallback,2026-08-01T00:15:59.284Z,https://www.indiamart.com/proddetail/chettinad-cement-2856823665230.html
p_4d8105f8129c9234,cement,KCP PPC cement — 50 kg bag,KCP,hyderabad,BigBMart,Hyderabad,BigBMart,platform,290.00,bag,290.00,bag,INCL,18,2523,22.67,12.50,2.00,321.60,321.60,,,unknown,,BRAND_LICENSED,,1,,,37.78,lcv,seeded_fallback,2026-08-01T00:00:00.000Z,https://bigbmart.com/product/kcp-ppc-cement/
p_4d8105f8129c9234,cement,KCP PPC cement — 50 kg bag,KCP,hyderabad,PSK Building Solutions Pvt. Ltd.,Hyderabad,IndiaMART,dealer,330.00,bag,330.00,bag,EXCL,18,2523,18.00,12.50,2.00,321.60,321.60,,,unknown,,BRAND_LICENSED,,1,,,10.1,lcv,seeded_fallback,2026-08-01T04:25:00.078Z,https://www.indiamart.com/proddetail/kcp-ppc-and-opc-cement-2857222419562.html
p_4d8105f8129c9234,cement,KCP PPC cement — 50 kg bag,KCP,hyderabad,Siva Balaji Enterprises,Hyderabad,IndiaMART,dealer,360.00,bag,360.00,bag,EXCL,18,2523,18.00,12.50,2.00,321.60,321.60,,,unknown,,BRAND_LICENSED,,1,4,2,14.41,lcv,seeded_fallback,2026-08-05T06:14:55.498Z,https://www.indiamart.com/proddetail/kcp-portland-pozzolana-cement-26052651533.html
p_4d8105f8129c9234,cement,KCP PPC cement — 50 kg bag,KCP,hyderabad,Shamshabad Steel Traders,Hyderabad,IndiaMART,dealer,345.00,bag,345.00,bag,EXCL,18,2523,18.00,12.50,2.00,321.60,321.60,,,unknown,,BRAND_LICENSED,,1,,,12.6,lcv,seeded_fallback,2026-08-05T06:14:55.498Z,https://www.indiamart.com/proddetail/kcp-ppc-fly-ash-based-cement-2850304173491.html
p_4d8105f8129c9234,cement,KCP PPC cement — 50 kg bag,KCP,hyderabad,Venkata Shyam Enterprises,"Mansoorabad, Hyderabad",IndiaMART,dealer,278.00,bag,278.00,bag,EXCL,18,2523,18.00,12.50,2.00,321.60,321.60,,,unknown,,BRAND_LICENSED,,1,,,24.23,lcv,seeded_fallback,2026-08-05T06:14:55.498Z,https://www.indiamart.com/proddetail/50-kg-kcp-ppc-cement-17759338591.html
p_4d8105f8129c9234,cement,KCP PPC cement — 50 kg bag,KCP,hyderabad,National Trading Company,"Secunderabad, Dist. Hyderabad",IndiaMART,dealer,300.00,bag,300.00,bag,EXCL,18,2523,22.41,12.50,2.00,321.60,321.60,,,unknown,,BRAND_LICENSED,,1,,,37.35,lcv,seeded_fallback,2026-08-05T06:12:53.136Z,https://www.indiamart.com/proddetail/kcp-ppc-cement-27358862833.html
p_4d8105f8129c9234,cement,KCP PPC cement — 50 kg bag,KCP,hyderabad,PSK Building Solutions Pvt. Ltd.,Hyderabad,IndiaMART,dealer,330.00,bag,330.00,bag,EXCL,18,2523,18.00,12.50,2.00,321.60,321.60,,,unknown,,BRAND_LICENSED,,1,,,10.1,lcv,seeded_fallback,2026-08-01T04:24:42.694Z,https://www.indiamart.com/proddetail/kcp-sreshtaa-ppc-grade-cement-2849011775562.html
p_4d8105f8129c9234,cement,KCP PPC cement — 50 kg bag,KCP,hyderabad,Sri Venkateshwara Building Materials,Hyderabad,IndiaMART,dealer,245.00,bag,245.00,bag,EXCL,18,2523,18.00,12.50,2.00,321.60,321.60,,,unknown,,BRAND_LICENSED,,1,,,29.41,lcv,seeded_fallback,2026-08-05T06:12:49.699Z,https://www.indiamart.com/proddetail/kcp-ppc-cement-2859088245962.html
p_4d8105f8129c9234,cement,KCP PPC cement — 50 kg bag,KCP,hyderabad,Sri Lakshmi Enterprises,Hyderabad,IndiaMART,dealer,250.00,bag,250.00,bag,EXCL,18,2523,18.00,12.50,2.00,321.60,321.60,,,unknown,,BRAND_LICENSED,,1,2.5,2,29.76,lcv,seeded_fallback,2026-08-05T06:12:53.136Z,https://www.indiamart.com/proddetail/kcp-super-sreshtaa-cement-2858949392333.html
p_4d8105f8129c9234,cement,KCP PPC cement — 50 kg bag,KCP,hyderabad,S A Patel And Co,"Amberpet, Hyderabad",IndiaMART,dealer,260.00,bag,260.00,bag,EXCL,18,2523,18.00,12.50,2.00,321.60,321.60,,,unknown,,BRAND_LICENSED,,1,4.5,10,15.79,lcv,seeded_fallback,2026-08-01T13:27:05.282Z,https://www.indiamart.com/proddetail/kcp-cement-ppc-24833792097.html
p_4d8105f8129c9234,cement,KCP PPC cement — 50 kg bag,KCP,hyderabad,NSB Traders,"Kukatpally, Hyderabad",IndiaMART,dealer,275.00,bag,275.00,bag,EXCL,18,2523,18.00,12.50,2.00,321.60,321.60,,,unknown,,BRAND_LICENSED,,1,4.6,5,12.17,lcv,computed,2026-08-05T06:12:56.545Z,https://www.indiamart.com/proddetail/kcp-cement-ppc-2856435597830.html
p_4d8105f8129c9234,cement,KCP PPC cement — 50 kg bag,KCP,hyderabad,Panchamukhi Cement Agency,"Kukatpally, Hyderabad",IndiaMART,dealer,255.00,bag,255.00,bag,EXCL,18,2523,18.00,12.50,2.00,321.60,321.60,,,unknown,,BRAND_LICENSED,,1,,,12.17,lcv,computed,2026-08-05T06:12:49.699Z,https://www.indiamart.com/proddetail/50kg-kcp-ppc-cement-24792273073.html
p_4d8105f8129c9234,cement,KCP PPC cement — 50 kg bag,KCP,hyderabad,Sri Lakshmi Enterprises,Hyderabad,IndiaMART,dealer,250.00,bag,250.00,bag,EXCL,18,2523,18.00,12.50,2.00,321.60,321.60,,,unknown,,BRAND_LICENSED,,1,2.5,2,29.76,lcv,seeded_fallback,2026-08-05T06:12:46.164Z,https://www.indiamart.com/proddetail/kcp-ppc-cement-2858949435173.html
p_4d8105f8129c9234,cement,KCP PPC cement — 50 kg bag,KCP,hyderabad,J B Steels And Cement Traders,Hyderabad,IndiaMART,dealer,285.00,bag,285.00,bag,EXCL,18,2523,18.00,12.50,2.00,321.60,321.60,,,unknown,,BRAND_LICENSED,,1,,,20.18,lcv,seeded_fallback,2026-08-05T06:12:53.136Z,https://www.indiamart.com/proddetail/kcp-super-sherasta-cement-2854021929373.html
p_4d8105f8129c9234,cement,KCP PPC cement — 50 kg bag,KCP,hyderabad,Sri Ganesh Steel & Cements Gandimaisamma,Hyderabad,IndiaMART,dealer,280.00,bag,280.00,bag,EXCL,18,2523,22.54,12.50,2.00,321.60,321.60,,,unknown,,BRAND_LICENSED,,1,,,37.57,lcv,seeded_fallback,2026-08-05T06:12:53.136Z,https://www.indiamart.com/proddetail/kcp-ppc-cement-2857524880997.html
p_4d8105f8129c9234,cement,KCP PPC cement — 50 kg bag,KCP,hyderabad,Sri Madhav & Company,"Madhapur, Hyderabad",IndiaMART,dealer,310.00,bag,310.00,bag,EXCL,18,2523,20.81,12.50,2.00,321.60,321.60,,,unknown,,BRAND_LICENSED,,1,4.4,20,34.69,lcv,seeded_fallback,2026-08-05T06:12:49.699Z,https://www.indiamart.com/proddetail/kcp-construction-cement-2853685424162.html
p_4d8105f8129c9234,cement,KCP PPC cement — 50 kg bag,KCP,hyderabad,Manikanta Cement Agency,"Gachibowli, Hyderabad",IndiaMART,dealer,320.00,bag,320.00,bag,EXCL,18,2523,23.96,12.50,2.00,321.60,321.60,,,unknown,,BRAND_LICENSED,,1,,,39.93,lcv,seeded_fallback,2026-08-01T00:13:00.879Z,https://www.indiamart.com/proddetail/kcp-ppc-33-grade-cement-2850044739573.html
p_4d8105f8129c9234,cement,KCP PPC cement — 50 kg bag,KCP,hyderabad,Nawanirman Materials And Builders Private Limited,Hyderabad,IndiaMART,dealer,265.00,bag,265.00,bag,EXCL,18,2523,24.47,12.50,2.00,321.60,321.60,,,unknown,,BRAND_LICENSED,,1,,,40.78,lcv,seeded_fallback,2026-08-05T06:12:46.164Z,https://www.indiamart.com/proddetail/kcp-ppc-cement-23370748197.html
p_4d8105f8129c9234,cement,KCP PPC cement — 50 kg bag,KCP,hyderabad,Sri Balaji Steel And Cement Traders,"Badangpet, Hyderabad",IndiaMART,dealer,265.00,bag,265.00,bag,EXCL,18,2523,18.00,12.50,2.00,321.60,321.60,,,unknown,,BRAND_LICENSED,,1,,,10.89,lcv,seeded_fallback,2026-08-01T13:27:15.766Z,https://www.indiamart.com/proddetail/kcp-ppc-cement-43grade-2857789783697.html
p_4d8105f8129c9234,cement,KCP PPC cement — 50 kg bag,KCP,hyderabad,Manikanta Cement Agency,"Gachibowli, Hyderabad",IndiaMART,dealer,325.00,bag,325.00,bag,EXCL,18,2523,23.96,12.50,2.00,321.60,321.60,,,unknown,,BRAND_LICENSED,,1,,,39.93,lcv,seeded_fallback,2026-08-01T00:11:12.696Z,https://www.indiamart.com/proddetail/kcp-ppc-43-grade-cement-2850676881048.html
p_4d8105f8129c9234,cement,KCP PPC cement — 50 kg bag,KCP,hyderabad,Sri Dattatreya Enterprises,"Secunderabad, Dist. Hyderabad",IndiaMART,dealer,360.00,bag,360.00,bag,EXCL,18,2523,19.28,12.50,2.00,321.60,321.60,,,unknown,,BRAND_LICENSED,,1,4.5,6,32.13,lcv,seeded_fallback,2026-08-01T13:27:12.283Z,https://www.indiamart.com/proddetail/kcp-super-sreshtaa-cement-10927709397.html
p_4d8105f8129c9234,cement,KCP PPC cement — 50 kg bag,KCP,hyderabad,Nawanirman Materials And Builders Private Limited,Hyderabad,IndiaMART,dealer,255.00,bag,255.00,bag,EXCL,18,2523,24.47,12.50,2.00,321.60,321.60,,,unknown,,BRAND_LICENSED,,1,3.6,73,40.78,lcv,seeded_fallback,2026-08-05T06:12:56.545Z,https://www.indiamart.com/proddetail/kcp-ppc-cement-25934002512.html
p_4d8105f8129c9234,cement,KCP PPC cement — 50 kg bag,KCP,hyderabad,Aaral Marketing,Hyderabad,IndiaMART,dealer,285.00,bag,285.00,bag,EXCL,18,2523,18.00,12.50,2.00,321.60,321.60,,,unknown,,BRAND_LICENSED,,1,4.3,93,29.61,lcv,seeded_fallback,2026-08-01T13:27:05.282Z,https://www.indiamart.com/proddetail/kcp-super-shresta-cement-2851154757448.html
p_4d8105f8129c9234,cement,KCP PPC cement — 50 kg bag,KCP,hyderabad,Sri Dattatreya Enterprises,"Secunderabad, Dist. Hyderabad",IndiaMART,dealer,3500.00,bag,3500.00,bag,EXCL,18,2523,19.28,12.50,2.00,321.60,321.60,,,unknown,,BRAND_LICENSED,,1,4.5,6,32.13,lcv,seeded_fallback,2026-08-05T06:12:53.136Z,https://www.indiamart.com/proddetail/50-kg-kcp-53-grade-ppc-cement-2853066283073.html
p_4d8105f8129c9234,cement,KCP PPC cement — 50 kg bag,KCP,hyderabad,Patel Steel Agency,Hyderabad,IndiaMART,dealer,310.00,bag,310.00,bag,EXCL,18,2523,24.94,12.50,2.00,321.60,321.60,,,unknown,,BRAND_LICENSED,,1,4.5,2,41.57,lcv,seeded_fallback,2026-08-02T10:34:12.795Z,https://www.indiamart.com/proddetail/kcp-ppc-cement-2850032954791.html
p_6e680b941fd88d82,cement,Penna PPC cement — 50 kg bag,Penna,hyderabad,Sai Cements & Building Products,Hyderabad,IndiaMART,dealer,350.00,bag,350.00,bag,EXCL,18,2523,18.00,12.50,2.00,321.60,321.60,,,unknown,,BRAND_LICENSED,,1,,,18.6,lcv,seeded_fallback,2026-08-05T06:16:40.272Z,https://www.indiamart.com/proddetail/50-kg-penna-concrete-guard-cement-2853042906762.html
p_6e680b941fd88d82,cement,Penna PPC cement — 50 kg bag,Penna,hyderabad,G K R Traders,Hyderabad,IndiaMART,dealer,270.00,bag,270.00,bag,EXCL,18,2523,18.00,12.50,2.00,321.60,321.60,,,unknown,,BRAND_LICENSED,,1,,,21.08,lcv,seeded_fallback,2026-08-05T06:16:40.272Z,https://www.indiamart.com/proddetail/penna-ppc-43-grade-2855007523930.html
p_6e680b941fd88d82,cement,Penna PPC cement — 50 kg bag,Penna,hyderabad,Sri Karthikeya Enterprises,Hyderabad,IndiaMART,dealer,285.00,bag,285.00,bag,EXCL,18,2523,18.00,12.50,2.00,321.60,321.60,,,unknown,,BRAND_LICENSED,,1,2.5,2,28.27,lcv,seeded_fallback,2026-08-05T06:16:40.272Z,https://www.indiamart.com/proddetail/penna-ppc-cement-2851183184655.html
p_6e680b941fd88d82,cement,Penna PPC cement — 50 kg bag,Penna,hyderabad,Moin Cement Agencies,"Bahadurpura, Hyderabad",IndiaMART,dealer,315.00,bag,315.00,bag,EXCL,18,2523,18.00,12.50,2.00,321.60,321.60,,,unknown,,BRAND_LICENSED,,1,,,24.01,lcv,seeded_fallback,2026-08-05T06:16:40.272Z,https://www.indiamart.com/proddetail/penna-power-ppc-cement-2852688111997.html
p_6e680b941fd88d82,cement,Penna PPC cement — 50 kg bag,Penna,hyderabad,Neenv Enterprises,"Nallakunta, Hyderabad",IndiaMART,dealer,345.00,bag,345.00,bag,EXCL,18,2523,18.00,12.50,2.00,321.60,321.60,,,unknown,,BRAND_LICENSED,,1,,,23.11,lcv,computed,2026-08-05T06:16:40.272Z,https://www.indiamart.com/proddetail/penna-ppc-cement-23368903755.html
p_6e680b941fd88d82,cement,Penna PPC cement — 50 kg bag,Penna,hyderabad,Sri Vigneshwara Traders,"Vikarabad, Dist. Hyderabad",IndiaMART,dealer,280.00,bag,280.00,bag,EXCL,18,2523,18.00,12.50,2.00,321.60,321.60,,,unknown,,BRAND_LICENSED,,1,3.7,3,16.98,lcv,seeded_fallback,2026-08-05T06:16:40.272Z,https://www.indiamart.com/proddetail/penna-power-ppc-cement-2852354616033.html
p_6e680b941fd88d82,cement,Penna PPC cement — 50 kg bag,Penna,hyderabad,Sai Cements & Building Products,Hyderabad,IndiaMART,dealer,310.00,bag,310.00,bag,EXCL,18,2523,18.00,12.50,2.00,321.60,321.60,,,unknown,,BRAND_LICENSED,,1,,,18.6,lcv,seeded_fallback,2026-08-02T10:31:31.643Z,https://www.indiamart.com/proddetail/50kg-penna-ppc-cement-2853042902312.html
p_6e680b941fd88d82,cement,Penna PPC cement — 50 kg bag,Penna,hyderabad,Manju Marketing,"Jubilee Hills, Hyderabad",IndiaMART,dealer,315.00,bag,315.00,bag,EXCL,18,2523,18.50,12.50,2.00,321.60,321.60,,,unknown,,BRAND_LICENSED,,1,4.5,34,30.83,lcv,computed,2026-08-05T06:12:56.545Z,https://www.indiamart.com/proddetail/penna-ppc-43-grade-cement-22801835412.html
p_6e680b941fd88d82,cement,Penna PPC cement — 50 kg bag,Penna,hyderabad,Mahalaxmi Traders,Hyderabad,IndiaMART,dealer,245.00,bag,245.00,bag,EXCL,18,2523,18.00,12.50,2.00,321.60,321.60,,,unknown,,BRAND_LICENSED,,1,,,13.19,lcv,seeded_fallback,2026-08-05T06:12:56.545Z,https://www.indiamart.com/proddetail/penna-cement-ppc-21883177488.html
p_894d135133812ec2,cement,Ramco PPC cement — 50 kg bag,Ramco,hyderabad,Navkar Steel And Cement,"Alwal, Hyderabad",IndiaMART,dealer,253.00,bag,253.00,bag,EXCL,18,2523,18.00,12.50,2.00,321.60,321.60,,,unknown,,BRAND_LICENSED,,1,,,13.81,lcv,computed,2026-08-05T06:18:11.173Z,https://www.indiamart.com/proddetail/ramco-cement-22306316430.html
p_894d135133812ec2,cement,Ramco PPC cement — 50 kg bag,Ramco,hyderabad,Aaral Marketing,Hyderabad,IndiaMART,dealer,270.00,bag,270.00,bag,EXCL,18,2523,18.00,12.50,2.00,321.60,321.60,,,unknown,,BRAND_LICENSED,,1,4.3,93,29.61,lcv,seeded_fallback,2026-08-05T06:16:12.060Z,https://www.indiamart.com/proddetail/ramco-cement-ppc-27230146097.html
p_894d135133812ec2,cement,Ramco PPC cement — 50 kg bag,Ramco,hyderabad,PSK Building Solutions Pvt. Ltd.,Hyderabad,IndiaMART,dealer,330.00,bag,330.00,bag,EXCL,18,2523,18.00,12.50,2.00,321.60,321.60,,,unknown,,BRAND_LICENSED,,1,,,10.1,lcv,seeded_fallback,2026-08-05T06:16:12.060Z,https://www.indiamart.com/proddetail/ramco-ppc-and-opc-cement-2857222481797.html
p_894d135133812ec2,cement,Ramco PPC cement — 50 kg bag,Ramco,hyderabad,Sri Balaji Steel And Cement Traders,"Badangpet, Hyderabad",IndiaMART,dealer,260.00,bag,260.00,bag,EXCL,18,2523,18.00,12.50,2.00,321.60,321.60,,,unknown,,BRAND_LICENSED,,1,,,10.89,lcv,seeded_fallback,2026-08-05T06:16:12.060Z,https://www.indiamart.com/proddetail/ramco-ppc-43-grade-cement-2857790001788.html
p_894d135133812ec2,cement,Ramco PPC cement — 50 kg bag,Ramco,hyderabad,G S R Marketig Limited,"Nallakunta, Hyderabad",IndiaMART,dealer,290.00,bag,290.00,bag,EXCL,18,2523,18.00,12.50,2.00,321.60,321.60,,,unknown,,BRAND_LICENSED,,1,4.1,101,23.11,lcv,computed,2026-08-05T06:16:12.060Z,https://www.indiamart.com/proddetail/ramco-ppc-cement-2851916002988.html
p_894d135133812ec2,cement,Ramco PPC cement — 50 kg bag,Ramco,hyderabad,Sri Lakshmi Enterprises,Hyderabad,IndiaMART,dealer,245.00,bag,245.00,bag,EXCL,18,2523,18.00,12.50,2.00,321.60,321.60,,,unknown,,BRAND_LICENSED,,1,2.5,2,29.76,lcv,seeded_fallback,2026-08-01T00:13:53.106Z,https://www.indiamart.com/proddetail/ramco-karthic-superplus-pozzolana-cement-2858960507855.html
p_894d135133812ec2,cement,Ramco PPC cement — 50 kg bag,Ramco,hyderabad,Sri Lakshmi Enterprises,Hyderabad,IndiaMART,dealer,290.00,bag,290.00,bag,EXCL,18,2523,18.00,12.50,2.00,321.60,321.60,,,unknown,,BRAND_LICENSED,,1,2.5,2,29.76,lcv,seeded_fallback,2026-08-02T10:31:24.757Z,https://www.indiamart.com/proddetail/ramco-opc-supercrete-portland-pozzolana-cement-2858960484348.html
p_c0b09e098856e399,cement,Ramco OPC 53 grade cement — 50 kg bag,Ramco,hyderabad,Sri Srinivasa Steel House,Rangareddy,IndiaMART,dealer,245.00,bag,245.00,bag,EXCL,18,2523,18.00,12.50,2.00,321.60,321.60,,,unknown,,BRAND_LICENSED,,1,3,2,24.77,lcv,computed,2026-08-05T06:18:11.173Z,https://www.indiamart.com/proddetail/non-trade-cement-2858990637255.html
p_c0b09e098856e399,cement,Ramco OPC 53 grade cement — 50 kg bag,Ramco,hyderabad,Sri Durga Ambika Traders,Hyderabad,IndiaMART,dealer,290.00,bag,290.00,bag,EXCL,18,2523,23.74,12.50,2.00,321.60,321.60,,,unknown,,BRAND_LICENSED,,1,,,39.57,lcv,seeded_fallback,2026-08-05T06:16:12.060Z,https://www.indiamart.com/proddetail/50-kg-53-grade-ramco-infra-cement-2859492754773.html
p_c0b09e098856e399,cement,Ramco OPC 53 grade cement — 50 kg bag,Ramco,hyderabad,Garuda Flyash Brics,Hyderabad,IndiaMART,dealer,250.00,bag,250.00,bag,EXCL,18,2523,18.00,12.50,2.00,321.60,321.60,,,unknown,,BRAND_LICENSED,,1,,,12.77,lcv,seeded_fallback,2026-08-05T06:16:32.989Z,https://www.indiamart.com/proddetail/ramco-53-grade-supercrete-cement-2858214990012.html
p_c0b09e098856e399,cement,Ramco OPC 53 grade cement — 50 kg bag,Ramco,hyderabad,Buildenza,"Kondapur, Hyderabad",IndiaMART,dealer,360.00,bag,360.00,bag,EXCL,18,2523,18.00,12.50,2.00,321.60,321.60,,,unknown,,BRAND_LICENSED,,1,,,21.41,lcv,seeded_fallback,2026-08-05T06:16:12.060Z,https://www.indiamart.com/proddetail/50-kg-ramco-53-grade-opc-cement-2859208308233.html
p_c0b09e098856e399,cement,Ramco OPC 53 grade cement — 50 kg bag,Ramco,hyderabad,Sri Balaji Steel And Cement Traders,"Badangpet, Hyderabad",IndiaMART,dealer,285.00,piece,285.00,bag,EXCL,18,2523,18.00,12.50,2.00,321.60,321.60,,,unknown,,BRAND_LICENSED,,1,,,10.89,lcv,seeded_fallback,2026-08-05T06:16:18.969Z,https://www.indiamart.com/proddetail/ramco-opc-53-grade-cement-2857789920455.html
p_c0b09e098856e399,cement,Ramco OPC 53 grade cement — 50 kg bag,Ramco,hyderabad,Sri Lakshmi Enterprises,Hyderabad,IndiaMART,dealer,275.00,bag,275.00,bag,EXCL,18,2523,18.00,12.50,2.00,321.60,321.60,,,unknown,,BRAND_LICENSED,,1,2.5,2,29.76,lcv,seeded_fallback,2026-08-02T10:29:43.889Z,https://www.indiamart.com/proddetail/ramco-opc-53-grade-portland-cement-2858960514733.html
p_c0b09e098856e399,cement,Ramco OPC 53 grade cement — 50 kg bag,Ramco,hyderabad,Garuda Flyash Brics,Hyderabad,IndiaMART,dealer,410.00,bag,410.00,bag,EXCL,18,2523,18.00,12.50,2.00,321.60,321.60,,,unknown,,BRAND_LICENSED,,1,,,12.77,lcv,seeded_fallback,2026-08-05T06:16:18.969Z,https://www.indiamart.com/proddetail/ramco-opc-53-grade-cement-2858214993597.html
p_560f857a2e2b0c62,cement,Ramco Supercrete OPC 53 grade cement — 50 kg bag,Ramco Supercrete,hyderabad,Jai Raj Steel Distributors,Hyderabad,IndiaMART,dealer,245.00,bag,245.00,bag,EXCL,18,2523,18.00,12.50,2.00,321.60,321.60,,,unknown,,BRAND_LICENSED,,1,,,26.2,lcv,seeded_fallback,2026-08-05T06:16:12.060Z,https://www.indiamart.com/proddetail/ramco-supercrete-cement-2853906984797.html
p_01d0497fecbce25a,cement,Sagar PPC 43 grade cement — 50 kg bag,Sagar,hyderabad,Tirumala Steel & Cements,Hyderabad,IndiaMART,dealer,310.00,bag,310.00,bag,EXCL,18,2523,18.00,12.50,2.00,321.60,321.60,,,unknown,,BRAND_LICENSED,,1,3.7,55,26.09,lcv,seeded_fallback,2026-08-02T10:29:08.780Z,https://www.indiamart.com/proddetail/sagar-portland-cement-22567548373.html
p_01d0497fecbce25a,cement,Sagar PPC 43 grade cement — 50 kg bag,Sagar,hyderabad,Sri Balaji Steel And Cement Traders,"Badangpet, Hyderabad",IndiaMART,dealer,245.00,bag,245.00,bag,EXCL,18,2523,18.00,12.50,2.00,321.60,321.60,,,unknown,,BRAND_LICENSED,,1,5,2,10.89,lcv,seeded_fallback,2026-08-01T13:27:08.763Z,https://www.indiamart.com/proddetail/sagar-ppc-43-grade-cement-2857790435797.html
p_01d0497fecbce25a,cement,Sagar PPC 43 grade cement — 50 kg bag,Sagar,hyderabad,J B Steels And Cement Traders,Hyderabad,IndiaMART,dealer,260.00,bag,260.00,bag,EXCL,18,2523,18.00,12.50,2.00,321.60,321.60,,,unknown,,BRAND_LICENSED,,1,,,20.18,lcv,seeded_fallback,2026-08-01T00:11:09.299Z,https://www.indiamart.com/proddetail/sagar-cement-ppc-2849771489297.html
p_01d0497fecbce25a,cement,Sagar PPC 43 grade cement — 50 kg bag,Sagar,hyderabad,Mohit Agencies,Hyderabad,IndiaMART,dealer,310.00,bag,310.00,bag,EXCL,18,2523,18.00,12.50,2.00,321.60,321.60,,,unknown,,BRAND_LICENSED,,1,,,22.93,lcv,seeded_fallback,2026-08-02T10:34:40.856Z,https://www.indiamart.com/proddetail/50-kg-sagar-pozzoland-portland-cement-cement-27552637773.html
p_1654fa400cd299f8,cement,Shree OPC 53 grade cement — 50 kg bag,Shree,hyderabad,Munnalal Bros,"Secunderabad, Dist. Hyderabad",IndiaMART,dealer,245.00,bag,245.00,bag,EXCL,18,2523,24.77,12.50,2.00,321.60,321.60,,,unknown,,BRAND_LICENSED,,1,,,41.29,lcv,seeded_fallback,2026-08-05T06:14:40.956Z,https://www.indiamart.com/proddetail/shree-chakra-opc-53-grade-2856789607791.html
p_1654fa400cd299f8,cement,Shree OPC 53 grade cement — 50 kg bag,Shree,hyderabad,Sri Balaji Steel And Cement Traders,"Badangpet, Hyderabad",IndiaMART,dealer,245.00,bag,245.00,bag,EXCL,18,2523,18.00,12.50,2.00,321.60,321.60,,,unknown,,BRAND_LICENSED,,1,,,10.89,lcv,seeded_fallback,2026-08-05T06:14:49.087Z,https://www.indiamart.com/proddetail/shree-opc-53-grade-cement-2857790505673.html
p_1654fa400cd299f8,cement,Shree OPC 53 grade cement — 50 kg bag,Shree,hyderabad,Munnalal Bros,"Secunderabad, Dist. Hyderabad",IndiaMART,dealer,250.00,bag,250.00,bag,EXCL,18,2523,24.77,12.50,2.00,321.60,321.60,,,unknown,,BRAND_LICENSED,,1,4.1,33,41.29,lcv,seeded_fallback,2026-08-05T06:14:34.067Z,https://www.indiamart.com/proddetail/shree-chakra-cement-opc-53-grade-2856789583930.html
p_1654fa400cd299f8,cement,Shree OPC 53 grade cement — 50 kg bag,Shree,hyderabad,Global Steels And Cement,Hyderabad,IndiaMART,dealer,250.00,bag,250.00,bag,EXCL,18,2523,18.00,12.50,2.00,321.60,321.60,,,unknown,,BRAND_LICENSED,,1,3.7,3,23.74,lcv,seeded_fallback,2026-08-05T06:19:42.606Z,https://www.indiamart.com/proddetail/50kg-shree-cement-2855183016730.html
p_1654fa400cd299f8,cement,Shree OPC 53 grade cement — 50 kg bag,Shree,hyderabad,Tirumala Steel & Cements,Hyderabad,IndiaMART,dealer,315.00,bag,315.00,bag,EXCL,18,2523,18.00,12.50,2.00,321.60,321.60,,,unknown,,BRAND_LICENSED,,1,3.7,55,26.09,lcv,seeded_fallback,2026-08-05T06:19:42.606Z,https://www.indiamart.com/proddetail/shree-cement-21670992762.html
p_1654fa400cd299f8,cement,Shree OPC 53 grade cement — 50 kg bag,Shree,hyderabad,Nawanirman Materials And Builders Private Limited,Hyderabad,IndiaMART,dealer,285.00,bag,285.00,bag,EXCL,18,2523,24.47,12.50,2.00,321.60,321.60,,,unknown,,BRAND_LICENSED,,1,,,40.78,lcv,seeded_fallback,2026-08-01T13:34:43.674Z,https://www.indiamart.com/proddetail/shree-53-grade-cement-23640086462.html
p_1654fa400cd299f8,cement,Shree OPC 53 grade cement — 50 kg bag,Shree,hyderabad,Asian Enterprises,Hyderabad,IndiaMART,dealer,325.00,bag,325.00,bag,EXCL,18,2523,18.00,12.50,2.00,321.60,321.60,,,unknown,,BRAND_LICENSED,,1,3.8,12,29.77,lcv,seeded_fallback,2026-08-05T06:19:42.606Z,https://www.indiamart.com/proddetail/shree-cement-24277447173.html
p_47e3237dd73e687d,cement,Birla Shakti OPC cement — 50 kg bag,Birla Shakti,hyderabad,BigBMart,Hyderabad,BigBMart,platform,285.00,bag,285.00,bag,INCL,18,2523,22.67,12.50,2.00,322.18,322.18,,,unknown,,BRAND_LICENSED,,1,,,37.78,lcv,seeded_fallback,2026-08-01T00:00:00.000Z,https://bigbmart.com/product/birla-shakti-opc-cement/
p_b8f5fa8e27fb1052,cement,JSW Concreel OPC cement — 50 kg bag,JSW Concreel,hyderabad,BigBMart,Hyderabad,BigBMart,platform,285.00,bag,285.00,bag,INCL,18,2523,22.67,12.50,2.00,322.18,322.18,,,unknown,,BRAND_LICENSED,,1,,,37.78,lcv,seeded_fallback,2026-08-01T00:00:00.000Z,https://bigbmart.com/product/jsw-concreel-cement/
p_52238509ef5736d5,cement,MP Birla Perfect Plus OPC cement — 50 kg bag,MP Birla Perfect Plus,hyderabad,Munnalal Bros,"Secunderabad, Dist. Hyderabad",IndiaMART,dealer,240.00,bag,240.00,bag,EXCL,18,2523,24.77,12.50,2.00,322.47,322.47,,,unknown,,BRAND_LICENSED,,1,4.1,33,41.29,lcv,seeded_fallback,2026-08-05T06:18:32.283Z,https://www.indiamart.com/proddetail/mp-birla-perfect-plus-2859391794891.html
p_d14932c34fb19742,cement,JSW OPC cement — 50 kg bag,JSW,hyderabad,Sri Dattatreya Enterprises,"Secunderabad, Dist. Hyderabad",IndiaMART,dealer,245.00,bag,245.00,bag,EXCL,18,2523,19.28,12.50,2.00,322.88,322.88,,,unknown,,BRAND_LICENSED,,1,4.5,6,32.13,lcv,seeded_fallback,2026-08-05T06:17:22.100Z,https://www.indiamart.com/proddetail/50-kg-jsw-opc-cement-10927709097.html
p_05c75e924204d4a8,cement,JSW PSC cement — 50 kg bag,JSW,hyderabad,BigBMart,Hyderabad,BigBMart,platform,290.00,bag,290.00,bag,INCL,18,2523,22.67,12.50,2.00,327.17,327.17,,,unknown,,BRAND_LICENSED,,1,,,37.78,lcv,seeded_fallback,2026-08-01T00:00:00.000Z,https://bigbmart.com/product/jsw-psc-cement/
p_05c75e924204d4a8,cement,JSW PSC cement — 50 kg bag,JSW,hyderabad,National Trading Company,"Secunderabad, Dist. Hyderabad",IndiaMART,dealer,290.00,bag,290.00,bag,EXCL,18,2523,22.41,12.50,2.00,327.17,327.17,,,unknown,,BRAND_LICENSED,,1,3.4,44,37.35,lcv,seeded_fallback,2026-08-05T06:17:15.396Z,https://www.indiamart.com/proddetail/jsw-cement-2855347700333.html
p_05c75e924204d4a8,cement,JSW PSC cement — 50 kg bag,JSW,hyderabad,Sri Balaji Steel And Cement Traders,"Badangpet, Hyderabad",IndiaMART,dealer,250.00,bag,250.00,bag,EXCL,18,2523,18.00,12.50,2.00,327.17,327.17,,,unknown,,BRAND_LICENSED,,1,5,2,10.89,lcv,seeded_fallback,2026-08-05T06:17:15.396Z,https://www.indiamart.com/proddetail/jsw-psc-super-43-grade-cement-2857790202112.html
p_05c75e924204d4a8,cement,JSW PSC cement — 50 kg bag,JSW,hyderabad,Sri Ganesh Metalics,Hyderabad,IndiaMART,dealer,325.00,bag,325.00,bag,EXCL,18,2523,18.00,12.50,2.00,327.17,327.17,,,unknown,,BRAND_LICENSED,,1,5,3,18.69,lcv,seeded_fallback,2026-08-05T06:17:15.396Z,https://www.indiamart.com/proddetail/jsw-premium-slag-cement-2849763558630.html
p_05c75e924204d4a8,cement,JSW PSC cement — 50 kg bag,JSW,hyderabad,Balaji Sales Corporation,Hyderabad,IndiaMART,dealer,300.00,bag,300.00,bag,EXCL,18,2523,18.00,12.50,2.00,327.17,327.17,,,unknown,,BRAND_LICENSED,,1,,,17.72,lcv,seeded_fallback,2026-08-05T06:17:15.396Z,https://www.indiamart.com/proddetail/jsw-cement-23211101888.html
p_05c75e924204d4a8,cement,JSW PSC cement — 50 kg bag,JSW,hyderabad,Tirumala Steel & Cements,Hyderabad,IndiaMART,dealer,320.00,bag,320.00,bag,EXCL,18,2523,18.00,12.50,2.00,327.17,327.17,,,unknown,,BRAND_LICENSED,,1,3.7,55,26.09,lcv,seeded_fallback,2026-08-05T06:17:15.396Z,https://www.indiamart.com/proddetail/jsw-cement-21639145691.html
p_05c75e924204d4a8,cement,JSW PSC cement — 50 kg bag,JSW,hyderabad,Dhanlakshmi Traders,"Secunderabad, Dist. Hyderabad",IndiaMART,dealer,295.00,bag,295.00,bag,EXCL,18,2523,18.00,12.50,2.00,327.17,327.17,,,unknown,,BRAND_LICENSED,,1,,,18.38,lcv,seeded_fallback,2026-08-05T06:17:15.396Z,https://www.indiamart.com/proddetail/jsw-portland-slag-cement-2852035603930.html
p_05c75e924204d4a8,cement,JSW PSC cement — 50 kg bag,JSW,hyderabad,Sri Dattatreya Enterprises,"Secunderabad, Dist. Hyderabad",IndiaMART,dealer,450.00,bag,450.00,bag,EXCL,18,2523,19.28,12.50,2.00,327.17,327.17,,,unknown,,BRAND_LICENSED,,1,4.5,6,32.13,lcv,seeded_fallback,2026-08-05T06:17:29.062Z,https://www.indiamart.com/proddetail/jsw-power-pro-cement-13687924762.html
p_05c75e924204d4a8,cement,JSW PSC cement — 50 kg bag,JSW,hyderabad,G S R Marketig Limited,"Nallakunta, Hyderabad",IndiaMART,dealer,300.00,bag,300.00,bag,EXCL,18,2523,18.00,12.50,2.00,327.17,327.17,,,unknown,,BRAND_LICENSED,,1,,,23.11,lcv,computed,2026-08-02T10:33:44.817Z,https://www.indiamart.com/proddetail/psc-premium-slag-cement-2853259044848.html
p_05c75e924204d4a8,cement,JSW PSC cement — 50 kg bag,JSW,hyderabad,G K Builders,"Secunderabad, Dist. Hyderabad",IndiaMART,dealer,360.00,bag,360.00,bag,EXCL,18,2523,24.85,12.50,2.00,327.17,327.17,,,unknown,,BRAND_LICENSED,,1,,,41.41,lcv,seeded_fallback,2026-08-02T10:33:44.817Z,https://www.indiamart.com/proddetail/portland-slag-cement-25827159433.html
p_e1db4c9dac107d18,cement,Bangur OPC cement — 50 kg bag,Bangur,hyderabad,S A Patel And Co,"Amberpet, Hyderabad",IndiaMART,dealer,250.00,bag,250.00,bag,EXCL,18,2523,18.00,12.50,2.00,327.50,327.50,,,unknown,,BRAND_LICENSED,,1,4.5,10,15.79,lcv,seeded_fallback,2026-08-01T13:34:01.496Z,https://www.indiamart.com/proddetail/50kg-bangur-cement-21984116888.html
p_544719ef5fafb084,cement,Bangur OPC 33 grade cement — 50 kg bag,Bangur,hyderabad,Global Steels And Cement,Hyderabad,IndiaMART,dealer,250.00,bag,250.00,bag,EXCL,18,2523,18.00,12.50,2.00,327.50,327.50,,,unknown,,BRAND_LICENSED,,1,3.7,3,23.74,lcv,seeded_fallback,2026-08-05T06:19:14.348Z,https://www.indiamart.com/proddetail/50kg-bungar-cement-2855182988348.html
p_544719ef5fafb084,cement,Bangur OPC 33 grade cement — 50 kg bag,Bangur,hyderabad,Lakshmi Narsimha Traders,Hyderabad,IndiaMART,dealer,280.00,bag,280.00,bag,EXCL,18,2523,18.31,12.50,2.00,327.50,327.50,,,unknown,,BRAND_LICENSED,,1,,,30.51,lcv,seeded_fallback,2026-08-05T06:19:14.348Z,https://www.indiamart.com/proddetail/50-kg-bangur-cement-2854600362288.html
p_82ff8c5c1cb487ea,cement,CCI PPC cement — 50 kg bag,CCI,hyderabad,BigBMart,Hyderabad,BigBMart,platform,295.00,bag,295.00,bag,INCL,18,2523,22.67,12.50,2.00,327.50,327.50,,,unknown,,BRAND_LICENSED,,1,,,37.78,lcv,seeded_fallback,2026-08-01T00:00:00.000Z,https://bigbmart.com/product/cci-ppc-cement/
p_82ff8c5c1cb487ea,cement,CCI PPC cement — 50 kg bag,CCI,hyderabad,PSK Building Solutions Pvt. Ltd.,Hyderabad,IndiaMART,dealer,330.00,piece,330.00,bag,EXCL,18,2523,18.00,12.50,2.00,327.50,327.50,,,unknown,,BRAND_LICENSED,,1,,,10.1,lcv,seeded_fallback,2026-08-05T06:14:40.956Z,https://www.indiamart.com/proddetail/cci-ppc-and-opc-cement-2857222481548.html
p_82ff8c5c1cb487ea,cement,CCI PPC cement — 50 kg bag,CCI,hyderabad,Sri Lakshmi Enterprises,Hyderabad,IndiaMART,dealer,290.00,bag,290.00,bag,EXCL,18,2523,18.00,12.50,2.00,327.50,327.50,,,unknown,,BRAND_LICENSED,,1,2.5,2,29.76,lcv,seeded_fallback,2026-08-05T06:13:00.185Z,https://www.indiamart.com/proddetail/cci-portland-pozzolana-opc-cement-2858961297888.html
p_82ff8c5c1cb487ea,cement,CCI PPC cement — 50 kg bag,CCI,hyderabad,Sri Madhav & Company,"Madhapur, Hyderabad",IndiaMART,dealer,310.00,bag,310.00,bag,EXCL,18,2523,20.81,12.50,2.00,327.50,327.50,,,unknown,,BRAND_LICENSED,,1,4.4,20,34.69,lcv,seeded_fallback,2026-08-05T06:12:46.164Z,https://www.indiamart.com/proddetail/cci-ppc-cement-2853684777491.html
p_82ff8c5c1cb487ea,cement,CCI PPC cement — 50 kg bag,CCI,hyderabad,National Trading Company,"Secunderabad, Dist. Hyderabad",IndiaMART,dealer,290.00,bag,290.00,bag,EXCL,18,2523,22.41,12.50,2.00,327.50,327.50,,,unknown,,BRAND_LICENSED,,1,,,37.35,lcv,seeded_fallback,2026-08-05T06:12:46.164Z,https://www.indiamart.com/proddetail/cci-ppc-43-grade-cement-2849604646948.html
p_82ff8c5c1cb487ea,cement,CCI PPC cement — 50 kg bag,CCI,hyderabad,Madhav Marketing Services,Hyderabad,IndiaMART,dealer,300.00,bag,300.00,bag,EXCL,18,2523,18.00,12.50,2.00,327.50,327.50,,,unknown,,BRAND_LICENSED,,1,,,10.14,lcv,seeded_fallback,2026-08-01T13:27:05.282Z,https://www.indiamart.com/proddetail/cement-ppc-cci-2851223359288.html
p_82ff8c5c1cb487ea,cement,CCI PPC cement — 50 kg bag,CCI,hyderabad,Aaral Marketing,Hyderabad,IndiaMART,dealer,265.00,bag,265.00,bag,EXCL,18,2523,18.00,12.50,2.00,327.50,327.50,,,unknown,,BRAND_LICENSED,,1,,,29.61,lcv,seeded_fallback,2026-08-05T06:12:49.699Z,https://www.indiamart.com/proddetail/cci-cement-ppc-22604444455.html
p_82ff8c5c1cb487ea,cement,CCI PPC cement — 50 kg bag,CCI,hyderabad,Sri Lakshmi Enterprises,Hyderabad,IndiaMART,dealer,265.00,bag,265.00,bag,EXCL,18,2523,18.00,12.50,2.00,327.50,327.50,,,unknown,,BRAND_LICENSED,,1,2.5,2,29.76,lcv,seeded_fallback,2026-08-05T06:12:49.699Z,https://www.indiamart.com/proddetail/cci-portland-pozzolana-ppc-cement-2858961277112.html
p_82ff8c5c1cb487ea,cement,CCI PPC cement — 50 kg bag,CCI,hyderabad,Nawanirman Materials And Builders Private Limited,Hyderabad,IndiaMART,dealer,255.00,bag,255.00,bag,EXCL,18,2523,24.47,12.50,2.00,327.50,327.50,,,unknown,,BRAND_LICENSED,,1,,,40.78,lcv,seeded_fallback,2026-08-01T00:11:09.299Z,https://www.indiamart.com/proddetail/cci-ppc-cement-23639980655.html
p_82ff8c5c1cb487ea,cement,CCI PPC cement — 50 kg bag,CCI,hyderabad,Nawanirman Materials And Builders Private Limited,Hyderabad,IndiaMART,dealer,285.00,bag,285.00,bag,EXCL,18,2523,24.47,12.50,2.00,327.50,327.50,,,unknown,,BRAND_LICENSED,,1,3.6,73,40.78,lcv,seeded_fallback,2026-08-05T06:12:53.136Z,https://www.indiamart.com/proddetail/cci-ppc-cement-25933957712.html
p_82ff8c5c1cb487ea,cement,CCI PPC cement — 50 kg bag,CCI,hyderabad,Mahalaxmi Traders,Hyderabad,IndiaMART,dealer,250.00,bag,250.00,bag,EXCL,18,2523,18.00,12.50,2.00,327.50,327.50,,,unknown,,BRAND_LICENSED,,1,,,13.19,lcv,seeded_fallback,2026-08-02T10:34:40.856Z,https://www.indiamart.com/proddetail/cci-ppc-cement-22317720448.html
p_59f7dcd6ec52b64a,cement,MP Birla PPC 43 grade cement — 50 kg bag,MP Birla,hyderabad,Navkar Steel And Cement,"Alwal, Hyderabad",IndiaMART,dealer,260.00,bag,260.00,bag,EXCL,18,2523,18.00,12.50,2.00,327.50,327.50,,,unknown,,BRAND_LICENSED,,1,,,13.81,lcv,computed,2026-08-05T06:18:32.283Z,https://www.indiamart.com/proddetail/m-p-birla-unique-cement-2851572982188.html
p_59f7dcd6ec52b64a,cement,MP Birla PPC 43 grade cement — 50 kg bag,MP Birla,hyderabad,Tirumala Steel And Cement Traders,Hyderabad,IndiaMART,dealer,310.00,bag,310.00,bag,EXCL,18,2523,18.00,12.50,2.00,327.50,327.50,,,unknown,,BRAND_LICENSED,,1,4.2,13,19.55,lcv,seeded_fallback,2026-08-05T06:18:32.283Z,https://www.indiamart.com/proddetail/mp-birla-cement-2852300870030.html
p_59f7dcd6ec52b64a,cement,MP Birla PPC 43 grade cement — 50 kg bag,MP Birla,hyderabad,Mahalaxmi Traders,Hyderabad,IndiaMART,dealer,250.00,bag,250.00,bag,EXCL,18,2523,18.00,12.50,2.00,327.50,327.50,,,unknown,,BRAND_LICENSED,,1,,,13.19,lcv,seeded_fallback,2026-08-05T06:18:32.283Z,https://www.indiamart.com/proddetail/mp-birla-cement-22317951455.html
p_59f7dcd6ec52b64a,cement,MP Birla PPC 43 grade cement — 50 kg bag,MP Birla,hyderabad,Balaji Steel & Cement Enterprises,Hyderabad,IndiaMART,dealer,320.00,bag,320.00,bag,EXCL,18,2523,18.00,12.50,2.00,327.50,327.50,,,unknown,,BRAND_LICENSED,,1,,,16.78,lcv,seeded_fallback,2026-08-05T06:18:32.283Z,https://www.indiamart.com/proddetail/50kg-mp-birla-chetak-cement-26510107191.html
p_59f7dcd6ec52b64a,cement,MP Birla PPC 43 grade cement — 50 kg bag,MP Birla,hyderabad,Icon Traders,Hyderabad,IndiaMART,dealer,360.00,bag,360.00,bag,EXCL,18,2523,18.00,12.50,2.00,327.50,327.50,,,unknown,,BRAND_LICENSED,,1,5,3,21.89,lcv,seeded_fallback,2026-08-05T06:18:32.283Z,https://www.indiamart.com/proddetail/50-kg-mp-birla-chetak-cement-2849731948033.html
p_59f7dcd6ec52b64a,cement,MP Birla PPC 43 grade cement — 50 kg bag,MP Birla,hyderabad,PSK Building Solutions Pvt. Ltd.,Hyderabad,IndiaMART,dealer,325.00,bag,325.00,bag,EXCL,18,2523,18.00,12.50,2.00,327.50,327.50,,,unknown,,BRAND_LICENSED,,1,3.9,35,10.1,lcv,seeded_fallback,2026-08-05T06:18:46.271Z,https://www.indiamart.com/proddetail/mp-birla-chetak-cement-2852133633033.html
p_59f7dcd6ec52b64a,cement,MP Birla PPC 43 grade cement — 50 kg bag,MP Birla,hyderabad,Sri Venkatasai Steel House,Hyderabad,IndiaMART,dealer,350.00,bag,350.00,bag,EXCL,18,2523,24.91,12.50,2.00,327.50,327.50,,,unknown,,BRAND_LICENSED,,1,,,41.52,lcv,seeded_fallback,2026-08-01T13:33:12.916Z,https://www.indiamart.com/proddetail/mp-birla-chetak-cement-2853229062397.html
p_59f7dcd6ec52b64a,cement,MP Birla PPC 43 grade cement — 50 kg bag,MP Birla,hyderabad,Sri Venkatasai Steel House,Hyderabad,IndiaMART,dealer,460.00,bag,460.00,bag,EXCL,18,2523,24.91,12.50,2.00,327.50,327.50,,,unknown,,BRAND_LICENSED,,1,,,41.52,lcv,seeded_fallback,2026-08-01T00:19:00.594Z,https://www.indiamart.com/proddetail/mp-birla-rakshak-cement-23886021730.html
p_59f7dcd6ec52b64a,cement,MP Birla PPC 43 grade cement — 50 kg bag,MP Birla,hyderabad,Sri Venkatasai Steel House,Hyderabad,IndiaMART,dealer,420.00,bag,420.00,bag,EXCL,18,2523,24.91,12.50,2.00,327.50,327.50,,,unknown,,BRAND_LICENSED,,1,,,41.52,lcv,seeded_fallback,2026-08-05T06:18:46.271Z,https://www.indiamart.com/proddetail/mp-birla-unique-plus-cement-2853229159012.html
p_59f7dcd6ec52b64a,cement,MP Birla PPC 43 grade cement — 50 kg bag,MP Birla,hyderabad,Sri Venkateshwara Building Materials,Hyderabad,IndiaMART,dealer,360.00,bag,360.00,bag,EXCL,18,2523,18.00,12.50,2.00,327.50,327.50,,,unknown,,BRAND_LICENSED,,1,,,29.41,lcv,seeded_fallback,2026-08-05T06:18:53.192Z,https://www.indiamart.com/proddetail/mp-birla-ultimate-cement-2859122874388.html
p_59f7dcd6ec52b64a,cement,MP Birla PPC 43 grade cement — 50 kg bag,MP Birla,hyderabad,National Trading Company,"Secunderabad, Dist. Hyderabad",IndiaMART,dealer,288.00,bag,288.00,bag,EXCL,18,2523,22.41,12.50,2.00,327.50,327.50,,,unknown,,BRAND_LICENSED,,1,3.4,44,37.35,lcv,seeded_fallback,2026-08-05T06:18:11.173Z,https://www.indiamart.com/proddetail/mp-birla-cement-2852547022297.html
p_59f7dcd6ec52b64a,cement,MP Birla PPC 43 grade cement — 50 kg bag,MP Birla,hyderabad,Sri Venkateshwara Building Materials,Hyderabad,IndiaMART,dealer,350.00,bag,350.00,bag,EXCL,18,2523,18.00,12.50,2.00,327.50,327.50,,,unknown,,BRAND_LICENSED,,1,,,29.41,lcv,seeded_fallback,2026-08-05T06:18:46.271Z,https://www.indiamart.com/proddetail/mp-birla-unique-plus-cement-2859122823930.html
p_59f7dcd6ec52b64a,cement,MP Birla PPC 43 grade cement — 50 kg bag,MP Birla,hyderabad,Sri Venkateshwara Building Materials,Hyderabad,IndiaMART,dealer,250.00,bag,250.00,bag,EXCL,18,2523,18.00,12.50,2.00,327.50,327.50,,,unknown,,BRAND_LICENSED,,1,,,29.41,lcv,seeded_fallback,2026-08-01T13:33:26.520Z,https://www.indiamart.com/proddetail/mp-birla-rakshak-cement-2859115777573.html
p_a18b884e84510f6c,cement,Penna Premium OPC 53 grade cement — 50 kg bag,Penna Premium,hyderabad,G S R Marketig Limited,"Nallakunta, Hyderabad",IndiaMART,dealer,290.00,bag,290.00,bag,EXCL,18,2523,18.00,12.50,2.00,327.50,327.50,,,unknown,,BRAND_LICENSED,,1,4.1,101,23.11,lcv,computed,2026-08-05T06:16:40.272Z,https://www.indiamart.com/proddetail/penna-premium-cement-2853259104548.html
p_a18b884e84510f6c,cement,Penna Premium OPC 53 grade cement — 50 kg bag,Penna Premium,hyderabad,National Trading Company,"Secunderabad, Dist. Hyderabad",IndiaMART,dealer,310.00,bag,310.00,bag,EXCL,18,2523,22.41,12.50,2.00,327.50,327.50,,,unknown,,BRAND_LICENSED,,1,3.4,44,37.35,lcv,seeded_fallback,2026-08-05T06:16:40.272Z,https://www.indiamart.com/proddetail/penna-premium-cement-2853229762655.html
p_a18b884e84510f6c,cement,Penna Premium OPC 53 grade cement — 50 kg bag,Penna Premium,hyderabad,Sri Sai Steel And Cement,Hyderabad,IndiaMART,dealer,250.00,bag,250.00,bag,EXCL,18,2523,18.00,12.50,2.00,327.50,327.50,,,unknown,,BRAND_LICENSED,,1,,,21.28,lcv,seeded_fallback,2026-08-05T06:16:40.272Z,https://www.indiamart.com/proddetail/penna-premium-grade-53-cement-2855348981091.html
p_a18b884e84510f6c,cement,Penna Premium OPC 53 grade cement — 50 kg bag,Penna Premium,hyderabad,Sri Durga Marketing,"Tarnaka, Hyderabad",IndiaMART,dealer,300.00,bag,300.00,bag,EXCL,18,2523,18.00,12.50,2.00,327.50,327.50,,,unknown,,BRAND_LICENSED,,1,3.7,7,13.63,lcv,seeded_fallback,2026-08-05T06:14:40.956Z,https://www.indiamart.com/proddetail/penna-premium-opc-53-grade-cement-dealers-in-hyderabad-25832150512.html
p_a18b884e84510f6c,cement,Penna Premium OPC 53 grade cement — 50 kg bag,Penna Premium,hyderabad,Sri Nidhi Traders,"Kukatpally, Hyderabad",IndiaMART,dealer,290.00,bag,290.00,bag,EXCL,18,2523,18.00,12.50,2.00,327.50,327.50,,,unknown,,BRAND_LICENSED,,1,,,12.17,lcv,computed,2026-08-05T06:14:55.498Z,https://www.indiamart.com/proddetail/penna-premium-ordinary-portland-cement-2849377575730.html
p_a18b884e84510f6c,cement,Penna Premium OPC 53 grade cement — 50 kg bag,Penna Premium,hyderabad,Sri Karthikeya Enterprises,Hyderabad,IndiaMART,dealer,285.00,bag,285.00,bag,EXCL,18,2523,18.00,12.50,2.00,327.50,327.50,,,unknown,,BRAND_LICENSED,,1,,,28.27,lcv,seeded_fallback,2026-08-05T06:15:02.512Z,https://www.indiamart.com/proddetail/penna-premium-ordinary-portland-cement-2850419391191.html
p_4c1a9707e372a70b,cement,Priya OPC 53 grade cement — 50 kg bag,Priya,hyderabad,Navkar Steel And Cement,"Alwal, Hyderabad",IndiaMART,dealer,250.00,bag,250.00,bag,EXCL,18,2523,18.00,12.50,2.00,327.50,327.50,,,unknown,,BRAND_LICENSED,,1,,,13.81,lcv,computed,2026-08-05T06:13:00.185Z,https://www.indiamart.com/proddetail/priya-53-grade-cement-23765275548.html
p_a66c1276f786bf9c,cement,Ramco OPC 43 grade cement — 50 kg bag,Ramco,hyderabad,Manikanta Cement Agency,"Gachibowli, Hyderabad",IndiaMART,dealer,325.00,bag,325.00,bag,EXCL,18,2523,23.96,12.50,2.00,327.50,327.50,,,unknown,,BRAND_LICENSED,,1,,,39.93,lcv,seeded_fallback,2026-08-05T06:16:26.046Z,https://www.indiamart.com/proddetail/ramco-opc-43-grade-cement-2850044739673.html
p_a66c1276f786bf9c,cement,Ramco OPC 43 grade cement — 50 kg bag,Ramco,hyderabad,S A Patel And Co,"Amberpet, Hyderabad",IndiaMART,dealer,300.00,bag,300.00,bag,EXCL,18,2523,18.00,12.50,2.00,327.50,327.50,,,unknown,,BRAND_LICENSED,,1,4.5,10,15.79,lcv,seeded_fallback,2026-08-01T13:30:38.259Z,https://www.indiamart.com/proddetail/ramco-cement-2854616365162.html
p_a66c1276f786bf9c,cement,Ramco OPC 43 grade cement — 50 kg bag,Ramco,hyderabad,Garuda Flyash Brics,Hyderabad,IndiaMART,dealer,250.00,bag,250.00,bag,EXCL,18,2523,18.00,12.50,2.00,327.50,327.50,,,unknown,,BRAND_LICENSED,,1,,,12.77,lcv,seeded_fallback,2026-08-02T10:29:43.889Z,https://www.indiamart.com/proddetail/ramco-infra-opc-43-grade-cement-2858214993691.html
p_a66c1276f786bf9c,cement,Ramco OPC 43 grade cement — 50 kg bag,Ramco,hyderabad,Sri Dattatreya Enterprises,"Secunderabad, Dist. Hyderabad",IndiaMART,dealer,480.00,bag,480.00,bag,EXCL,18,2523,19.28,12.50,2.00,327.50,327.50,,,unknown,,BRAND_LICENSED,,1,4.5,6,32.13,lcv,seeded_fallback,2026-08-01T04:28:05.034Z,https://www.indiamart.com/proddetail/50-kg-ramco-infra-opc-43-grade-cement-2853113010373.html
p_a66c1276f786bf9c,cement,Ramco OPC 43 grade cement — 50 kg bag,Ramco,hyderabad,Sri Lakshmi Enterprises,Hyderabad,IndiaMART,dealer,290.00,bag,290.00,bag,EXCL,18,2523,18.00,12.50,2.00,327.50,327.50,,,unknown,,BRAND_LICENSED,,1,2.5,2,29.76,lcv,seeded_fallback,2026-08-05T06:16:12.060Z,https://www.indiamart.com/proddetail/ramco-opc-43-grade-portland-cement-2858960518230.html
p_044be66f6ff78c89,cement,Shree PPC 53 grade cement — 50 kg bag,Shree,hyderabad,Construction Material Mart (CM Mart),"Old Malakpet, Hyderabad",IndiaMART,dealer,290.00,bag,290.00,bag,EXCL,18,2523,18.00,12.50,2.00,327.50,327.50,,,unknown,,BRAND_LICENSED,,1,,,27.11,lcv,seeded_fallback,2026-08-05T06:18:11.173Z,https://www.indiamart.com/proddetail/shree-roofon-plus-53-grade-cement-2855726113530.html
p_044be66f6ff78c89,cement,Shree PPC 53 grade cement — 50 kg bag,Shree,hyderabad,Aaral Marketing,Hyderabad,IndiaMART,dealer,250.00,bag,250.00,bag,EXCL,18,2523,18.00,12.50,2.00,327.50,327.50,,,unknown,,BRAND_LICENSED,,1,,,29.61,lcv,seeded_fallback,2026-08-01T04:24:49.560Z,https://www.indiamart.com/proddetail/shree-cement-ppc-2854995597897.html
p_044be66f6ff78c89,cement,Shree PPC 53 grade cement — 50 kg bag,Shree,hyderabad,PSK Building Solutions Pvt. Ltd.,Hyderabad,IndiaMART,dealer,330.00,bag,330.00,bag,EXCL,18,2523,18.00,12.50,2.00,327.50,327.50,,,unknown,,BRAND_LICENSED,,1,,,10.1,lcv,seeded_fallback,2026-08-05T06:19:42.606Z,https://www.indiamart.com/proddetail/shree-ppc-and-opc-cement-2857222481648.html
p_044be66f6ff78c89,cement,Shree PPC 53 grade cement — 50 kg bag,Shree,hyderabad,Sri Durga Marketing,"Tarnaka, Hyderabad",IndiaMART,dealer,250.00,bag,250.00,bag,EXCL,18,2523,18.00,12.50,2.00,327.50,327.50,,,unknown,,BRAND_LICENSED,,1,3.7,7,13.63,lcv,seeded_fallback,2026-08-05T06:19:42.606Z,https://www.indiamart.com/proddetail/shree-ppc-cement-25848060048.html
p_044be66f6ff78c89,cement,Shree PPC 53 grade cement — 50 kg bag,Shree,hyderabad,Icon Traders,Hyderabad,IndiaMART,dealer,315.00,bag,315.00,bag,EXCL,18,2523,18.00,12.50,2.00,327.50,327.50,,,unknown,,BRAND_LICENSED,,1,,,21.89,lcv,seeded_fallback,2026-08-05T06:19:42.606Z,https://www.indiamart.com/proddetail/50-kg-shree-cement-2849733663348.html
p_044be66f6ff78c89,cement,Shree PPC 53 grade cement — 50 kg bag,Shree,hyderabad,Sri Nidhi Traders,"Kukatpally, Hyderabad",IndiaMART,dealer,330.00,bag,330.00,bag,EXCL,18,2523,18.00,12.50,2.00,327.50,327.50,,,unknown,,BRAND_LICENSED,,1,,,12.17,lcv,computed,2026-08-05T06:19:42.606Z,https://www.indiamart.com/proddetail/shree-ulta-red-oxide-cement-2851953491330.html
p_044be66f6ff78c89,cement,Shree PPC 53 grade cement — 50 kg bag,Shree,hyderabad,Sri Vigneshwara Traders,"Vikarabad, Dist. Hyderabad",IndiaMART,dealer,290.00,bag,290.00,bag,EXCL,18,2523,18.00,12.50,2.00,327.50,327.50,,,unknown,,BRAND_LICENSED,,1,,,16.98,lcv,seeded_fallback,2026-08-05T06:19:42.606Z,https://www.indiamart.com/proddetail/shree-ppc-cement-2852354616473.html
p_044be66f6ff78c89,cement,Shree PPC 53 grade cement — 50 kg bag,Shree,hyderabad,Moin Cement Agencies,"Bahadurpura, Hyderabad",IndiaMART,dealer,385.00,bag,385.00,bag,EXCL,18,2523,18.00,12.50,2.00,327.50,327.50,,,unknown,,BRAND_LICENSED,,1,,,24.01,lcv,seeded_fallback,2026-08-05T06:19:49.360Z,https://www.indiamart.com/proddetail/shree-roofon-concrete-ppc-53-grade-cement-2852687123130.html
p_24b7d4cad734fa0a,cement,ACC PPC 53 grade cement — 50 kg bag,ACC,hyderabad,Construction Material Mart (CM Mart),"Old Malakpet, Hyderabad",IndiaMART,dealer,290.00,bag,290.00,bag,EXCL,18,2523,18.00,12.50,2.00,330.74,330.74,,,unknown,,BRAND_LICENSED,,1,,,27.11,lcv,seeded_fallback,2026-08-05T06:12:32.085Z,https://www.indiamart.com/proddetail/acc-cement-50kg-2859458415412.html
p_24b7d4cad734fa0a,cement,ACC PPC 53 grade cement — 50 kg bag,ACC,hyderabad,National Trading Company,"Secunderabad, Dist. Hyderabad",IndiaMART,dealer,305.00,bag,305.00,bag,EXCL,18,2523,22.41,12.50,2.00,330.74,330.74,,,unknown,,BRAND_LICENSED,,1,3.4,44,37.35,lcv,seeded_fallback,2026-08-05T06:12:32.085Z,https://www.indiamart.com/proddetail/acc-cement-50kg-2855347681973.html
p_24b7d4cad734fa0a,cement,ACC PPC 53 grade cement — 50 kg bag,ACC,hyderabad,Srinivasa Steel Traders,Hyderabad,IndiaMART,dealer,280.00,bag,280.00,bag,EXCL,18,2523,18.00,12.50,2.00,330.74,330.74,,,unknown,,BRAND_LICENSED,,1,,,18.56,lcv,seeded_fallback,2026-08-05T06:12:32.085Z,https://www.indiamart.com/proddetail/acc-ppc-cement-2855391589362.html
p_24b7d4cad734fa0a,cement,ACC PPC 53 grade cement — 50 kg bag,ACC,hyderabad,SV Steel Agencies,Hyderabad,IndiaMART,dealer,250.00,bag,250.00,bag,EXCL,18,2523,21.24,12.50,2.00,330.74,330.74,,,unknown,,BRAND_LICENSED,,1,5,2,35.4,lcv,seeded_fallback,2026-08-05T06:12:32.085Z,https://www.indiamart.com/proddetail/adani-acc-super-cement-2858067752388.html
p_24b7d4cad734fa0a,cement,ACC PPC 53 grade cement — 50 kg bag,ACC,hyderabad,Tirumala Steel And Cement Traders,Hyderabad,IndiaMART,dealer,315.00,bag,315.00,bag,EXCL,18,2523,18.00,12.50,2.00,330.74,330.74,,,unknown,,BRAND_LICENSED,,1,4.2,13,19.55,lcv,seeded_fallback,2026-08-05T06:12:32.085Z,https://www.indiamart.com/proddetail/acc-cement-2852300869812.html
p_24b7d4cad734fa0a,cement,ACC PPC 53 grade cement — 50 kg bag,ACC,hyderabad,Maruthi Traders,"Secunderabad, Dist. Hyderabad",IndiaMART,dealer,260.00,bag,260.00,bag,EXCL,18,2523,18.00,12.50,2.00,330.74,330.74,,,unknown,,BRAND_LICENSED,,1,,,18.46,lcv,seeded_fallback,2026-08-05T06:12:32.085Z,https://www.indiamart.com/proddetail/acc-cement-bag-13576498788.html
p_24b7d4cad734fa0a,cement,ACC PPC 53 grade cement — 50 kg bag,ACC,hyderabad,Sri Lakshmi Enterprises,Hyderabad,IndiaMART,dealer,300.00,bag,300.00,bag,EXCL,18,2523,18.00,12.50,2.00,330.74,330.74,,,unknown,,BRAND_LICENSED,,1,,,29.76,lcv,seeded_fallback,2026-08-01T00:12:39.831Z,https://www.indiamart.com/proddetail/acc-super-cement-2858939420655.html
p_24b7d4cad734fa0a,cement,ACC PPC 53 grade cement — 50 kg bag,ACC,hyderabad,Manikanta Cement Agency,"Gachibowli, Hyderabad",IndiaMART,dealer,320.00,bag,320.00,bag,EXCL,18,2523,23.96,12.50,2.00,330.74,330.74,,,unknown,,BRAND_LICENSED,,1,,,39.93,lcv,seeded_fallback,2026-08-05T06:12:32.085Z,https://www.indiamart.com/proddetail/acc-ppc-53-grade-cement-2850044723312.html
p_24b7d4cad734fa0a,cement,ACC PPC 53 grade cement — 50 kg bag,ACC,hyderabad,Sri Laxmi Agency,Hyderabad,IndiaMART,dealer,380.00,bag,380.00,bag,EXCL,18,2523,18.00,12.50,2.00,330.74,330.74,,,unknown,,BRAND_LICENSED,,1,,,23.38,lcv,seeded_fallback,2026-08-05T06:12:32.085Z,https://www.indiamart.com/proddetail/acc-cement-53-grade-27604834891.html
p_24b7d4cad734fa0a,cement,ACC PPC 53 grade cement — 50 kg bag,ACC,hyderabad,Mahalaxmi Traders,Hyderabad,IndiaMART,dealer,255.00,bag,255.00,bag,EXCL,18,2523,18.00,12.50,2.00,330.74,330.74,,,unknown,,BRAND_LICENSED,,1,,,13.19,lcv,seeded_fallback,2026-08-05T06:12:42.489Z,https://www.indiamart.com/proddetail/adani-acc-cement-22495519212.html
p_24b7d4cad734fa0a,cement,ACC PPC 53 grade cement — 50 kg bag,ACC,hyderabad,PSK Building Solutions Pvt. Ltd.,Hyderabad,IndiaMART,dealer,330.00,bag,330.00,bag,EXCL,18,2523,18.00,12.50,2.00,330.74,330.74,,,unknown,,BRAND_LICENSED,,1,,,10.1,lcv,seeded_fallback,2026-08-05T06:12:38.992Z,https://www.indiamart.com/proddetail/acc-limited-cement-2857222481233.html
p_24b7d4cad734fa0a,cement,ACC PPC 53 grade cement — 50 kg bag,ACC,hyderabad,Tirumala Steel & Cements,Hyderabad,IndiaMART,dealer,340.00,bag,340.00,bag,EXCL,18,2523,18.00,12.50,2.00,330.74,330.74,,,unknown,,BRAND_LICENSED,,1,3.7,55,26.09,lcv,seeded_fallback,2026-08-01T04:24:28.603Z,https://www.indiamart.com/proddetail/acc-cement-22568031812.html
p_24b7d4cad734fa0a,cement,ACC PPC 53 grade cement — 50 kg bag,ACC,hyderabad,Bhavani Enterprises,"Malkajgiri, Dist. Hyderabad",IndiaMART,dealer,390.00,bag,390.00,bag,EXCL,18,2523,18.00,12.50,2.00,330.74,330.74,,,unknown,,BRAND_LICENSED,,1,5,1,22.7,lcv,seeded_fallback,2026-08-01T04:24:35.465Z,https://www.indiamart.com/proddetail/50kg-acc-cement-24323635697.html
p_24b7d4cad734fa0a,cement,ACC PPC 53 grade cement — 50 kg bag,ACC,hyderabad,Sri Sai Balaji Steel Traders,Hyderabad,IndiaMART,dealer,360.00,bag,360.00,bag,EXCL,18,2523,18.00,12.50,2.00,330.74,330.74,,,unknown,,BRAND_LICENSED,,1,5,1,9.97,lcv,seeded_fallback,2026-08-01T13:27:01.754Z,https://www.indiamart.com/proddetail/acc-ppc-cement-2852881859948.html
p_24b7d4cad734fa0a,cement,ACC PPC 53 grade cement — 50 kg bag,ACC,hyderabad,Modern Marketing Associates,Hyderabad,IndiaMART,dealer,255.00,bag,255.00,bag,EXCL,18,2523,24.40,12.50,2.00,330.74,330.74,,,unknown,,BRAND_LICENSED,,1,4.4,57,40.66,lcv,seeded_fallback,2026-08-05T06:12:32.085Z,https://www.indiamart.com/proddetail/acc-cement-43-grade-23192866230.html
p_af4bb5626e0d4f0d,cement,Ramco Supercrete OPC 43 grade cement — 50 kg bag,Ramco Supercrete,hyderabad,Sri Rama Steel And Cement,Hyderabad,IndiaMART,dealer,250.00,bag,250.00,bag,EXCL,18,2523,21.93,12.50,2.00,331.43,331.43,,,unknown,,BRAND_LICENSED,,1,,,36.55,lcv,seeded_fallback,2026-08-02T10:29:47.313Z,https://www.indiamart.com/proddetail/ramco-supercrete-cement-2854551747112.html
p_af4bb5626e0d4f0d,cement,Ramco Supercrete OPC 43 grade cement — 50 kg bag,Ramco Supercrete,hyderabad,Meenakshi Steel & Cement Traders,Hyderabad,IndiaMART,dealer,350.00,bag,350.00,bag,EXCL,18,2523,18.00,12.50,2.00,331.43,331.43,,,unknown,,BRAND_LICENSED,,1,,,21.19,lcv,seeded_fallback,2026-08-01T13:30:45.282Z,https://www.indiamart.com/proddetail/ramco-supercrete-43-grade-cement-2856583506955.html
p_af4bb5626e0d4f0d,cement,Ramco Supercrete OPC 43 grade cement — 50 kg bag,Ramco Supercrete,hyderabad,Sri Durga Marketing,"Tarnaka, Hyderabad",IndiaMART,dealer,280.00,bag,280.00,bag,EXCL,18,2523,18.00,12.50,2.00,331.43,331.43,,,unknown,,BRAND_LICENSED,,1,,,13.63,lcv,seeded_fallback,2026-08-02T10:29:43.889Z,https://www.indiamart.com/proddetail/ramco-supercrete-cement-2854502022297.html
p_76d1be0c187bfe22,cement,ACC Suraksha OPC cement — 50 kg bag,ACC Suraksha,hyderabad,BigBMart,Hyderabad,BigBMart,platform,295.00,bag,295.00,bag,INCL,18,2523,22.67,12.50,2.00,332.17,332.17,,,unknown,,BRAND_LICENSED,,1,,,37.78,lcv,seeded_fallback,2026-08-01T00:00:00.000Z,https://bigbmart.com/product/acc-suraksha-opc-cement/
p_57c9d45da0720e21,cement,Ambuja PPC cement — 50 kg bag,Ambuja,hyderabad,BigBMart,Hyderabad,BigBMart,platform,330.00,bag,330.00,bag,INCL,18,2523,22.67,12.50,2.00,333.40,333.40,,,unknown,,BRAND_LICENSED,,1,,,37.78,lcv,seeded_fallback,2026-08-01T00:00:00.000Z,https://bigbmart.com/product/ambuja-ppc-cement/
p_57c9d45da0720e21,cement,Ambuja PPC cement — 50 kg bag,Ambuja,hyderabad,Nawanirman Materials And Builders Private Limited,Hyderabad,IndiaMART,dealer,260.00,bag,260.00,bag,EXCL,18,2523,24.47,12.50,2.00,333.40,333.40,,,unknown,,BRAND_LICENSED,,1,,,40.78,lcv,seeded_fallback,2026-08-05T06:15:22.953Z,https://www.indiamart.com/proddetail/ambuja-cement-ppc-2859366801188.html
p_57c9d45da0720e21,cement,Ambuja PPC cement — 50 kg bag,Ambuja,hyderabad,G S R Marketig Limited,"Nallakunta, Hyderabad",IndiaMART,dealer,300.00,bag,300.00,bag,EXCL,18,2523,18.00,12.50,2.00,333.40,333.40,,,unknown,,BRAND_LICENSED,,1,,,23.11,lcv,computed,2026-08-05T06:15:22.953Z,https://www.indiamart.com/proddetail/ambuja-cement-grade-53-2853258926791.html
p_57c9d45da0720e21,cement,Ambuja PPC cement — 50 kg bag,Ambuja,hyderabad,Mahalaxmi Traders,Hyderabad,IndiaMART,dealer,255.00,bag,255.00,bag,EXCL,18,2523,18.00,12.50,2.00,333.40,333.40,,,unknown,,BRAND_LICENSED,,1,,,13.19,lcv,seeded_fallback,2026-08-05T06:15:22.953Z,https://www.indiamart.com/proddetail/ambuja-cement-ppc-21883161797.html
p_57c9d45da0720e21,cement,Ambuja PPC cement — 50 kg bag,Ambuja,hyderabad,PSK Building Solutions Pvt. Ltd.,Hyderabad,IndiaMART,dealer,330.00,bag,330.00,bag,EXCL,18,2523,18.00,12.50,2.00,333.40,333.40,,,unknown,,BRAND_LICENSED,,1,,,10.1,lcv,seeded_fallback,2026-08-05T06:15:22.953Z,https://www.indiamart.com/proddetail/ambuja-ppc-and-opc-cement-2857222556091.html
p_57c9d45da0720e21,cement,Ambuja PPC cement — 50 kg bag,Ambuja,hyderabad,National Trading Company,"Secunderabad, Dist. Hyderabad",IndiaMART,dealer,290.00,bag,290.00,bag,EXCL,18,2523,22.41,12.50,2.00,333.40,333.40,,,unknown,,BRAND_LICENSED,,1,3.4,44,37.35,lcv,seeded_fallback,2026-08-05T06:15:22.953Z,https://www.indiamart.com/proddetail/ambuja-ppc-cement-2855347674697.html
p_57c9d45da0720e21,cement,Ambuja PPC cement — 50 kg bag,Ambuja,hyderabad,Manju Marketing,"Jubilee Hills, Hyderabad",IndiaMART,dealer,315.00,bag,315.00,bag,EXCL,18,2523,18.50,12.50,2.00,333.40,333.40,,,unknown,,BRAND_LICENSED,,1,4.5,34,30.83,lcv,computed,2026-08-05T06:15:22.953Z,https://www.indiamart.com/proddetail/ambuja-ppc-cement-22802645930.html
p_57c9d45da0720e21,cement,Ambuja PPC cement — 50 kg bag,Ambuja,hyderabad,Sai Ram Steel Traders,"Ecil, Hyderabad",IndiaMART,dealer,380.00,bag,380.00,bag,EXCL,18,2523,18.00,12.50,2.00,333.40,333.40,,,unknown,,BRAND_LICENSED,,1,,,21.64,lcv,seeded_fallback,2026-08-05T06:15:22.953Z,https://www.indiamart.com/proddetail/50-kg-ambuja-ppc-cement-2852689664273.html
p_57c9d45da0720e21,cement,Ambuja PPC cement — 50 kg bag,Ambuja,hyderabad,NSB Traders,"Kukatpally, Hyderabad",IndiaMART,dealer,275.00,bag,275.00,bag,EXCL,18,2523,18.00,12.50,2.00,333.40,333.40,,,unknown,,BRAND_LICENSED,,1,4.6,5,12.17,lcv,computed,2026-08-05T06:15:22.953Z,https://www.indiamart.com/proddetail/ambuja-cement-2858996607591.html
p_57c9d45da0720e21,cement,Ambuja PPC cement — 50 kg bag,Ambuja,hyderabad,Panchamukhi Cement Agency,"Kukatpally, Hyderabad",IndiaMART,dealer,275.00,bag,275.00,bag,EXCL,18,2523,18.00,12.50,2.00,333.40,333.40,,,unknown,,BRAND_LICENSED,,1,,,12.17,lcv,computed,2026-08-05T06:15:22.953Z,https://www.indiamart.com/proddetail/ppc-ambuja-cement-27258451112.html
p_57c9d45da0720e21,cement,Ambuja PPC cement — 50 kg bag,Ambuja,hyderabad,Sri Lakshmi Enterprises,Hyderabad,IndiaMART,dealer,270.00,bag,270.00,bag,EXCL,18,2523,18.00,12.50,2.00,333.40,333.40,,,unknown,,BRAND_LICENSED,,1,2.5,2,29.76,lcv,seeded_fallback,2026-08-05T06:15:22.953Z,https://www.indiamart.com/proddetail/ambuja-ppc-grade-cement-2859178160588.html
p_57c9d45da0720e21,cement,Ambuja PPC cement — 50 kg bag,Ambuja,hyderabad,J B Steels And Cement Traders,Hyderabad,IndiaMART,dealer,270.00,bag,270.00,bag,EXCL,18,2523,18.00,12.50,2.00,333.40,333.40,,,unknown,,BRAND_LICENSED,,1,3.6,9,20.18,lcv,seeded_fallback,2026-08-05T06:15:22.953Z,https://www.indiamart.com/proddetail/ambuja-cement-43-grade-2854022162630.html
p_57c9d45da0720e21,cement,Ambuja PPC cement — 50 kg bag,Ambuja,hyderabad,Sai Cements & Building Products,Hyderabad,IndiaMART,dealer,370.00,bag,370.00,bag,EXCL,18,2523,18.00,12.50,2.00,333.40,333.40,,,unknown,,BRAND_LICENSED,,1,,,18.6,lcv,seeded_fallback,2026-08-05T06:15:30.013Z,https://www.indiamart.com/proddetail/50-kg-ambuja-kawach-water-shield-cement-2852439364688.html
p_57c9d45da0720e21,cement,Ambuja PPC cement — 50 kg bag,Ambuja,hyderabad,S A Patel And Co,"Amberpet, Hyderabad",IndiaMART,dealer,310.00,bag,310.00,bag,EXCL,18,2523,18.00,12.50,2.00,333.40,333.40,,,unknown,,BRAND_LICENSED,,1,4.5,10,15.79,lcv,seeded_fallback,2026-08-05T06:15:22.953Z,https://www.indiamart.com/proddetail/ambuja-cement-2849252460148.html
p_57c9d45da0720e21,cement,Ambuja PPC cement — 50 kg bag,Ambuja,hyderabad,Sri Nidhi Traders,"Kukatpally, Hyderabad",IndiaMART,dealer,330.00,bag,330.00,bag,EXCL,18,2523,18.00,12.50,2.00,333.40,333.40,,,unknown,,BRAND_LICENSED,,1,,,12.17,lcv,computed,2026-08-05T06:15:22.953Z,https://www.indiamart.com/proddetail/ambuja-giant-compressive-strength-cement-2849377575855.html
p_57c9d45da0720e21,cement,Ambuja PPC cement — 50 kg bag,Ambuja,hyderabad,Dhanlakshmi Traders,"Secunderabad, Dist. Hyderabad",IndiaMART,dealer,325.00,bag,325.00,bag,EXCL,18,2523,18.00,12.50,2.00,333.40,333.40,,,unknown,,BRAND_LICENSED,,1,,,18.38,lcv,seeded_fallback,2026-08-05T06:15:22.953Z,https://www.indiamart.com/proddetail/ambuja-kawach-ppc-cement-2852008149248.html
p_57c9d45da0720e21,cement,Ambuja PPC cement — 50 kg bag,Ambuja,hyderabad,Moin Cement Agencies,"Bahadurpura, Hyderabad",IndiaMART,dealer,420.00,bag,420.00,bag,EXCL,18,2523,18.00,12.50,2.00,333.40,333.40,,,unknown,,BRAND_LICENSED,,1,,,24.01,lcv,seeded_fallback,2026-08-05T06:15:22.953Z,https://www.indiamart.com/proddetail/ambuja-ppc-43-grade-cement-2852687949597.html
p_57c9d45da0720e21,cement,Ambuja PPC cement — 50 kg bag,Ambuja,hyderabad,Bhavani Enterprises,"Malkajgiri, Dist. Hyderabad",IndiaMART,dealer,390.00,bag,390.00,bag,EXCL,18,2523,18.00,12.50,2.00,333.40,333.40,,,unknown,,BRAND_LICENSED,,1,5,1,22.7,lcv,seeded_fallback,2026-08-05T06:15:22.953Z,https://www.indiamart.com/proddetail/50kg-ambuja-cement-24323864830.html
p_57c9d45da0720e21,cement,Ambuja PPC cement — 50 kg bag,Ambuja,hyderabad,Mahalaxmi Traders,Hyderabad,IndiaMART,dealer,280.00,bag,280.00,bag,EXCL,18,2523,18.00,12.50,2.00,333.40,333.40,,,unknown,,BRAND_LICENSED,,1,,,13.19,lcv,seeded_fallback,2026-08-05T06:15:36.991Z,https://www.indiamart.com/proddetail/ambuja-plus-cement-2857251660248.html
p_57c9d45da0720e21,cement,Ambuja PPC cement — 50 kg bag,Ambuja,hyderabad,Sai Cements & Building Products,Hyderabad,IndiaMART,dealer,420.00,bag,420.00,bag,EXCL,18,2523,18.00,12.50,2.00,333.40,333.40,,,unknown,,BRAND_LICENSED,,1,,,18.6,lcv,seeded_fallback,2026-08-05T06:15:22.953Z,https://www.indiamart.com/proddetail/50-kg-ambuja-plus-ppc-cement-2853043573591.html
p_57c9d45da0720e21,cement,Ambuja PPC cement — 50 kg bag,Ambuja,hyderabad,Aaral Marketing,Hyderabad,IndiaMART,dealer,270.00,bag,270.00,bag,EXCL,18,2523,18.00,12.50,2.00,333.40,333.40,,,unknown,,BRAND_LICENSED,,1,,,29.61,lcv,seeded_fallback,2026-08-05T06:12:56.545Z,https://www.indiamart.com/proddetail/ambuja-cement-ppc-2855089741855.html
p_57c9d45da0720e21,cement,Ambuja PPC cement — 50 kg bag,Ambuja,hyderabad,Nawanirman Materials And Builders Private Limited,Hyderabad,IndiaMART,dealer,260.00,bag,260.00,bag,EXCL,18,2523,24.47,12.50,2.00,333.40,333.40,,,unknown,,BRAND_LICENSED,,1,,,40.78,lcv,seeded_fallback,2026-08-01T04:24:49.560Z,https://www.indiamart.com/proddetail/ambuja-cement-2856922424773.html
p_54fdf9bd05a7b9ed,cement,Bharathi PPC cement — 50 kg bag,Bharathi,hyderabad,BigBMart,Hyderabad,BigBMart,platform,300.00,bag,300.00,bag,INCL,18,2523,22.67,12.50,2.00,333.40,333.40,,,unknown,,BRAND_LICENSED,,1,,,37.78,lcv,seeded_fallback,2026-08-01T00:00:00.000Z,https://bigbmart.com/product/bharathi-ppc-cement/
p_54fdf9bd05a7b9ed,cement,Bharathi PPC cement — 50 kg bag,Bharathi,hyderabad,G S R Marketig Limited,"Nallakunta, Hyderabad",IndiaMART,dealer,400.00,bag,400.00,bag,EXCL,18,2523,18.00,12.50,2.00,333.40,333.40,,,unknown,,BRAND_LICENSED,,1,,,23.11,lcv,computed,2026-08-05T06:17:50.096Z,https://www.indiamart.com/proddetail/bharathi-cement-opc-43-2853259076997.html
p_54fdf9bd05a7b9ed,cement,Bharathi PPC cement — 50 kg bag,Bharathi,hyderabad,Nawanirman Materials And Builders Private Limited,Hyderabad,IndiaMART,dealer,255.00,bag,255.00,bag,EXCL,18,2523,24.47,12.50,2.00,333.40,333.40,,,unknown,,BRAND_LICENSED,,1,3.6,73,40.78,lcv,seeded_fallback,2026-08-05T06:17:43.200Z,https://www.indiamart.com/proddetail/bharathi-43-ppc-cement-23207228062.html
p_54fdf9bd05a7b9ed,cement,Bharathi PPC cement — 50 kg bag,Bharathi,hyderabad,Aaral Marketing,Hyderabad,IndiaMART,dealer,265.00,bag,265.00,bag,EXCL,18,2523,18.00,12.50,2.00,333.40,333.40,,,unknown,,BRAND_LICENSED,,1,4.3,93,29.61,lcv,seeded_fallback,2026-08-05T06:17:50.096Z,https://www.indiamart.com/proddetail/bharathi-cement-ppc-2855341167730.html
p_54fdf9bd05a7b9ed,cement,Bharathi PPC cement — 50 kg bag,Bharathi,hyderabad,Sai Ram Steel Traders,"Ecil, Hyderabad",IndiaMART,dealer,315.00,bag,315.00,bag,EXCL,18,2523,18.00,12.50,2.00,333.40,333.40,,,unknown,,BRAND_LICENSED,,1,,,21.64,lcv,seeded_fallback,2026-08-05T06:17:43.200Z,https://www.indiamart.com/proddetail/50-kg-bharathi-ppc-cement-2854345516688.html
p_54fdf9bd05a7b9ed,cement,Bharathi PPC cement — 50 kg bag,Bharathi,hyderabad,NSB Traders,"Kukatpally, Hyderabad",IndiaMART,dealer,270.00,bag,270.00,bag,EXCL,18,2523,18.00,12.50,2.00,333.40,333.40,,,unknown,,BRAND_LICENSED,,1,4.6,5,12.17,lcv,computed,2026-08-05T06:17:43.200Z,https://www.indiamart.com/proddetail/bharathi-cement-ppc-2857130583955.html
p_54fdf9bd05a7b9ed,cement,Bharathi PPC cement — 50 kg bag,Bharathi,hyderabad,Sriman Enterprises,Hyderabad,IndiaMART,dealer,310.00,bag,310.00,bag,EXCL,18,2523,18.00,12.50,2.00,333.40,333.40,,,unknown,,BRAND_LICENSED,,1,,,12.36,lcv,seeded_fallback,2026-08-05T06:17:43.200Z,https://www.indiamart.com/proddetail/bharathi-cement-2853505600197.html
p_54fdf9bd05a7b9ed,cement,Bharathi PPC cement — 50 kg bag,Bharathi,hyderabad,Sri Laxmi Agency,Hyderabad,IndiaMART,dealer,380.00,bag,380.00,bag,EXCL,18,2523,18.00,12.50,2.00,333.40,333.40,,,unknown,,BRAND_LICENSED,,1,,,23.38,lcv,seeded_fallback,2026-08-05T06:17:43.200Z,https://www.indiamart.com/proddetail/bharathi-ppc-53-grade-cement-27604704891.html
p_54fdf9bd05a7b9ed,cement,Bharathi PPC cement — 50 kg bag,Bharathi,hyderabad,Manikanta Cement Agency,"Gachibowli, Hyderabad",IndiaMART,dealer,350.00,bag,350.00,bag,EXCL,18,2523,23.96,12.50,2.00,333.40,333.40,,,unknown,,BRAND_LICENSED,,1,5,1,39.93,lcv,seeded_fallback,2026-08-05T06:18:04.137Z,https://www.indiamart.com/proddetail/bharathi-ppc-53-grade-cement-2850044723112.html
p_54fdf9bd05a7b9ed,cement,Bharathi PPC cement — 50 kg bag,Bharathi,hyderabad,Durga Bhavani Steel And Cement,Hyderabad,IndiaMART,dealer,290.00,bag,290.00,bag,EXCL,18,2523,20.21,12.50,2.00,333.40,333.40,,,unknown,,BRAND_LICENSED,,1,,,33.69,lcv,seeded_fallback,2026-08-02T10:32:48.743Z,https://www.indiamart.com/proddetail/bharathi-53-grade-cement-2858956872030.html
p_54fdf9bd05a7b9ed,cement,Bharathi PPC cement — 50 kg bag,Bharathi,hyderabad,Mahalaxmi Traders,Hyderabad,IndiaMART,dealer,255.00,bag,255.00,bag,EXCL,18,2523,18.00,12.50,2.00,333.40,333.40,,,unknown,,BRAND_LICENSED,,1,,,13.19,lcv,seeded_fallback,2026-08-05T06:17:43.200Z,https://www.indiamart.com/proddetail/ppc-bharathi-cement-21820133155.html
p_54fdf9bd05a7b9ed,cement,Bharathi PPC cement — 50 kg bag,Bharathi,hyderabad,Nagarjuna Steel Enterprises,Hyderabad,IndiaMART,dealer,325.00,bag,325.00,bag,EXCL,18,2523,18.00,12.50,2.00,333.40,333.40,,,unknown,,BRAND_LICENSED,,1,,,26.03,lcv,seeded_fallback,2026-08-05T06:17:43.200Z,https://www.indiamart.com/proddetail/bharati-cement-bag-11029508488.html
p_54fdf9bd05a7b9ed,cement,Bharathi PPC cement — 50 kg bag,Bharathi,hyderabad,Nawanirman Materials And Builders Private Limited,Hyderabad,IndiaMART,dealer,270.00,bag,270.00,bag,EXCL,18,2523,24.47,12.50,2.00,333.40,333.40,,,unknown,,BRAND_LICENSED,,1,,,40.78,lcv,seeded_fallback,2026-08-05T06:17:57.079Z,https://www.indiamart.com/proddetail/bharathi-cement-ppc-23639917488.html
p_54fdf9bd05a7b9ed,cement,Bharathi PPC cement — 50 kg bag,Bharathi,hyderabad,Dyumani Materials Private Limited,"Jubilee Hills, Hyderabad",IndiaMART,dealer,335.00,bag,335.00,bag,EXCL,18,2523,18.50,12.50,2.00,333.40,333.40,,,unknown,,BRAND_LICENSED,,1,,,30.83,lcv,computed,2026-08-02T10:33:58.834Z,https://www.indiamart.com/proddetail/bharathi-cement-23735931562.html
p_f29e7d34cfe84700,cement,Birla PPC cement — 50 kg bag,Birla,hyderabad,Nawanirman Materials And Builders Private Limited,Hyderabad,IndiaMART,dealer,251.00,bag,251.00,bag,EXCL,18,2523,24.47,12.50,2.00,333.40,333.40,,,unknown,,BRAND_LICENSED,,1,,,40.78,lcv,seeded_fallback,2026-08-05T06:18:32.283Z,https://www.indiamart.com/proddetail/birla-samrat-cement-26102256297.html
p_f29e7d34cfe84700,cement,Birla PPC cement — 50 kg bag,Birla,hyderabad,Madhav Marketing Services,Hyderabad,IndiaMART,dealer,290.00,bag,290.00,bag,EXCL,18,2523,18.00,12.50,2.00,333.40,333.40,,,unknown,,BRAND_LICENSED,,1,5,2,10.14,lcv,seeded_fallback,2026-08-05T06:18:32.283Z,https://www.indiamart.com/proddetail/birla-samrat-cement-2855767297912.html
p_f29e7d34cfe84700,cement,Birla PPC cement — 50 kg bag,Birla,hyderabad,Sri Nidhi Traders,"Kukatpally, Hyderabad",IndiaMART,dealer,290.00,bag,290.00,bag,EXCL,18,2523,18.00,12.50,2.00,333.40,333.40,,,unknown,,BRAND_LICENSED,,1,,,12.17,lcv,computed,2026-08-05T06:18:32.283Z,https://www.indiamart.com/proddetail/birla-cement-perfect-plus-ppc-2849377575455.html
p_f29e7d34cfe84700,cement,Birla PPC cement — 50 kg bag,Birla,hyderabad,Aaral Marketing,Hyderabad,IndiaMART,dealer,255.00,bag,255.00,bag,EXCL,18,2523,18.00,12.50,2.00,333.40,333.40,,,unknown,,BRAND_LICENSED,,1,4.3,93,29.61,lcv,seeded_fallback,2026-08-05T06:18:39.209Z,https://www.indiamart.com/proddetail/birla-samrat-cement-2854881532833.html
p_f86f3ab71527bc67,cement,JK PPC 53 grade cement — 50 kg bag,JK,hyderabad,Mahalaxmi Traders,Hyderabad,IndiaMART,dealer,255.00,bag,255.00,bag,EXCL,18,2523,18.00,12.50,2.00,333.40,333.40,,,unknown,,BRAND_LICENSED,,1,,,13.19,lcv,seeded_fallback,2026-08-05T06:19:00.303Z,https://www.indiamart.com/proddetail/j-k-cement-2851607821333.html
p_f86f3ab71527bc67,cement,JK PPC 53 grade cement — 50 kg bag,JK,hyderabad,Abdullah Enterprises,Hyderabad,IndiaMART,dealer,345.00,bag,345.00,bag,EXCL,18,2523,18.00,12.50,2.00,333.40,333.40,,,unknown,,BRAND_LICENSED,,1,,,24.53,lcv,seeded_fallback,2026-08-05T06:19:00.303Z,https://www.indiamart.com/proddetail/jk-cement-2859027323448.html
p_f86f3ab71527bc67,cement,JK PPC 53 grade cement — 50 kg bag,JK,hyderabad,Narendra Traders,Hyderabad,IndiaMART,dealer,500.00,bag,500.00,bag,EXCL,18,2523,18.00,12.50,2.00,333.40,333.40,,,unknown,,BRAND_LICENSED,,1,,,7.74,lcv,seeded_fallback,2026-08-05T06:19:00.303Z,https://www.indiamart.com/proddetail/j-k-cement-2859056287955.html
p_f86f3ab71527bc67,cement,JK PPC 53 grade cement — 50 kg bag,JK,hyderabad,Sai Cements & Building Products,Hyderabad,IndiaMART,dealer,365.00,bag,365.00,bag,EXCL,18,2523,18.00,12.50,2.00,333.40,333.40,,,unknown,,BRAND_LICENSED,,1,,,18.6,lcv,seeded_fallback,2026-08-05T06:19:00.303Z,https://www.indiamart.com/proddetail/50-kg-jk-ppc-super-cement-2853040569630.html
p_f86f3ab71527bc67,cement,JK PPC 53 grade cement — 50 kg bag,JK,hyderabad,Sri Venkateshwara Building Materials,Hyderabad,IndiaMART,dealer,280.00,bag,280.00,bag,EXCL,18,2523,18.00,12.50,2.00,333.40,333.40,,,unknown,,BRAND_LICENSED,,1,,,29.41,lcv,seeded_fallback,2026-08-05T06:19:00.303Z,https://www.indiamart.com/proddetail/jk-super-cement-2857913770112.html
p_f86f3ab71527bc67,cement,JK PPC 53 grade cement — 50 kg bag,JK,hyderabad,Sowmya Building Material Suppliers,Hyderabad,IndiaMART,dealer,295.00,bag,295.00,bag,EXCL,18,2523,19.80,12.50,2.00,333.40,333.40,,,unknown,,BRAND_LICENSED,,1,,,33,lcv,seeded_fallback,2026-08-01T13:33:33.410Z,https://www.indiamart.com/proddetail/jk-super-ppc-cement-16355221830.html
p_f9c6787290ff0cfb,cement,Ramco Super PPC 53 grade cement — 50 kg bag,Ramco Super,hyderabad,Navkar Steel And Cement,"Alwal, Hyderabad",IndiaMART,dealer,255.00,bag,255.00,bag,EXCL,18,2523,18.00,12.50,2.00,333.40,333.40,,,unknown,,BRAND_LICENSED,,1,3.9,77,13.81,lcv,computed,2026-08-05T06:16:12.060Z,https://www.indiamart.com/proddetail/ramco-super-cement-23830966930.html
p_f9c6787290ff0cfb,cement,Ramco Super PPC 53 grade cement — 50 kg bag,Ramco Super,hyderabad,Sri Lakshmi Enterprises,Hyderabad,IndiaMART,dealer,280.00,bag,280.00,bag,EXCL,18,2523,18.00,12.50,2.00,333.40,333.40,,,unknown,,BRAND_LICENSED,,1,,,29.76,lcv,seeded_fallback,2026-08-02T10:29:50.903Z,https://www.indiamart.com/proddetail/ramco-super-fast-portland-pozzolana-cement-2858960502912.html
p_b530e8dd88dcecec,cement,Ramco Supercrete PPC 43 grade cement — 50 kg bag,Ramco Supercrete,hyderabad,Nawanirman Materials And Builders Private Limited,Hyderabad,IndiaMART,dealer,290.00,bag,290.00,bag,EXCL,18,2523,24.47,12.50,2.00,333.40,333.40,,,unknown,,BRAND_LICENSED,,1,,,40.78,lcv,seeded_fallback,2026-08-05T06:16:12.060Z,https://www.indiamart.com/proddetail/ramco-supercrete-cement-23370797497.html
p_b530e8dd88dcecec,cement,Ramco Supercrete PPC 43 grade cement — 50 kg bag,Ramco Supercrete,hyderabad,National Trading Company,"Secunderabad, Dist. Hyderabad",IndiaMART,dealer,330.00,bag,330.00,bag,EXCL,18,2523,22.41,12.50,2.00,333.40,333.40,,,unknown,,BRAND_LICENSED,,1,,,37.35,lcv,seeded_fallback,2026-08-05T06:16:12.060Z,https://www.indiamart.com/proddetail/ramco-supercrete-cement-2852547021991.html
p_b530e8dd88dcecec,cement,Ramco Supercrete PPC 43 grade cement — 50 kg bag,Ramco Supercrete,hyderabad,Sai Ram Steel Traders,"Ecil, Hyderabad",IndiaMART,dealer,320.00,bag,320.00,bag,EXCL,18,2523,18.00,12.50,2.00,333.40,333.40,,,unknown,,BRAND_LICENSED,,1,,,21.64,lcv,seeded_fallback,2026-08-05T06:16:12.060Z,https://www.indiamart.com/proddetail/ramco-supercrete-ppc-cement-2853135514288.html
p_b530e8dd88dcecec,cement,Ramco Supercrete PPC 43 grade cement — 50 kg bag,Ramco Supercrete,hyderabad,SV Steel Agencies,Hyderabad,IndiaMART,dealer,320.00,bag,320.00,bag,EXCL,18,2523,21.24,12.50,2.00,333.40,333.40,,,unknown,,BRAND_LICENSED,,1,,,35.4,lcv,seeded_fallback,2026-08-05T06:16:12.060Z,https://www.indiamart.com/proddetail/ramco-supercrete-cement-2858949265812.html
p_b530e8dd88dcecec,cement,Ramco Supercrete PPC 43 grade cement — 50 kg bag,Ramco Supercrete,hyderabad,NSB Traders,"Kukatpally, Hyderabad",IndiaMART,dealer,295.00,bag,295.00,bag,EXCL,18,2523,18.00,12.50,2.00,333.40,333.40,,,unknown,,BRAND_LICENSED,,1,4.6,5,12.17,lcv,computed,2026-08-05T06:16:18.969Z,https://www.indiamart.com/proddetail/ramco-supercrete-cement-2856563415497.html
p_b530e8dd88dcecec,cement,Ramco Supercrete PPC 43 grade cement — 50 kg bag,Ramco Supercrete,hyderabad,J B Steels And Cement Traders,Hyderabad,IndiaMART,dealer,285.00,bag,285.00,bag,EXCL,18,2523,18.00,12.50,2.00,333.40,333.40,,,unknown,,BRAND_LICENSED,,1,,,20.18,lcv,seeded_fallback,2026-08-05T06:16:12.060Z,https://www.indiamart.com/proddetail/ramco-supercrete-cement-2849670922830.html
p_b530e8dd88dcecec,cement,Ramco Supercrete PPC 43 grade cement — 50 kg bag,Ramco Supercrete,hyderabad,Mahalaxmi Traders,Hyderabad,IndiaMART,dealer,255.00,bag,255.00,bag,EXCL,18,2523,18.00,12.50,2.00,333.40,333.40,,,unknown,,BRAND_LICENSED,,1,,,13.19,lcv,seeded_fallback,2026-08-05T06:16:18.969Z,https://www.indiamart.com/proddetail/ramco-supercrete-cement-2857606190473.html
p_45d8e0a05c753e01,cement,JSW PPC 53 grade cement — 50 kg bag,JSW,hyderabad,Nawanirman Materials And Builders Private Limited,Hyderabad,IndiaMART,dealer,250.00,bag,250.00,bag,EXCL,18,2523,24.47,12.50,2.00,333.97,333.97,,,unknown,,BRAND_LICENSED,,1,,,40.78,lcv,seeded_fallback,2026-08-05T06:17:22.100Z,https://www.indiamart.com/proddetail/jsw-conceal-hd-cement-26116880697.html
p_45d8e0a05c753e01,cement,JSW PPC 53 grade cement — 50 kg bag,JSW,hyderabad,Sri Durga Ambika Traders,Hyderabad,IndiaMART,dealer,270.00,bag,270.00,bag,EXCL,18,2523,23.74,12.50,2.00,333.97,333.97,,,unknown,,BRAND_LICENSED,,1,,,39.57,lcv,seeded_fallback,2026-08-05T06:17:15.396Z,https://www.indiamart.com/proddetail/50-kg-concreel-hd-grade-jsw-cement-2859468549133.html
p_45d8e0a05c753e01,cement,JSW PPC 53 grade cement — 50 kg bag,JSW,hyderabad,Icon Traders,Hyderabad,IndiaMART,dealer,310.00,bag,310.00,bag,EXCL,18,2523,18.00,12.50,2.00,333.97,333.97,,,unknown,,BRAND_LICENSED,,1,,,21.89,lcv,seeded_fallback,2026-08-05T06:17:15.396Z,https://www.indiamart.com/proddetail/jsw-cement-2851661751691.html
p_45d8e0a05c753e01,cement,JSW PPC 53 grade cement — 50 kg bag,JSW,hyderabad,Moin Cement Agencies,"Bahadurpura, Hyderabad",IndiaMART,dealer,420.00,bag,420.00,bag,EXCL,18,2523,18.00,12.50,2.00,333.97,333.97,,,unknown,,BRAND_LICENSED,,1,,,24.01,lcv,seeded_fallback,2026-08-05T06:17:15.396Z,https://www.indiamart.com/proddetail/jsw-power-pro-ppc-53-grade-cement-2852687746655.html
p_45d8e0a05c753e01,cement,JSW PPC 53 grade cement — 50 kg bag,JSW,hyderabad,Sri Sai Lakshmi Traders,Hyderabad,IndiaMART,dealer,350.00,bag,350.00,bag,EXCL,18,2523,22.17,12.50,2.00,333.97,333.97,,,unknown,,BRAND_LICENSED,,1,,,36.95,lcv,seeded_fallback,2026-08-05T06:17:15.396Z,https://www.indiamart.com/proddetail/jsw-cement-2854725262548.html
p_45d8e0a05c753e01,cement,JSW PPC 53 grade cement — 50 kg bag,JSW,hyderabad,Sri Rama Cement,Hyderabad,IndiaMART,dealer,350.00,bag,350.00,bag,EXCL,18,2523,24.98,12.50,2.00,333.97,333.97,,,unknown,,BRAND_LICENSED,,1,,,41.63,lcv,seeded_fallback,2026-08-05T06:17:15.396Z,https://www.indiamart.com/proddetail/jsw-ppc-cement-2854972962991.html
p_45d8e0a05c753e01,cement,JSW PPC 53 grade cement — 50 kg bag,JSW,hyderabad,Dyumani Materials Private Limited,"Jubilee Hills, Hyderabad",IndiaMART,dealer,315.00,bag,315.00,bag,EXCL,18,2523,18.50,12.50,2.00,333.97,333.97,,,unknown,,BRAND_LICENSED,,1,,,30.83,lcv,computed,2026-08-05T06:17:22.100Z,https://www.indiamart.com/proddetail/jsw-cement-23736880048.html
p_45d8e0a05c753e01,cement,JSW PPC 53 grade cement — 50 kg bag,JSW,hyderabad,Sri Vigneshwara Traders,"Vikarabad, Dist. Hyderabad",IndiaMART,dealer,280.00,bag,280.00,bag,EXCL,18,2523,18.00,12.50,2.00,333.97,333.97,,,unknown,,BRAND_LICENSED,,1,3.7,3,16.98,lcv,seeded_fallback,2026-08-01T13:31:55.476Z,https://www.indiamart.com/proddetail/jsw-power-pro-cement-2852356726433.html
p_447424b9cf31fa88,cement,Unbranded OPC cement — 50 kg bag,,hyderabad,BigBMart,Hyderabad,BigBMart,platform,299.00,bag,299.00,bag,INCL,18,2523,22.67,12.50,2.00,336.17,336.17,,,unknown,,NOT_DECLARED,,1,,,37.78,lcv,seeded_fallback,2026-08-01T00:00:00.000Z,https://bigbmart.com/product/anjani-super-gold-cement/
p_cab7a9f672237819,cement,Ambuja OPC 53 grade cement — 50 kg bag,Ambuja,hyderabad,Sri Venkateshwara Building Materials,Hyderabad,IndiaMART,dealer,260.00,bag,260.00,bag,EXCL,18,2523,18.00,12.50,2.00,339.30,339.30,,,unknown,,BRAND_LICENSED,,1,2,4,29.41,lcv,seeded_fallback,2026-08-05T06:15:22.953Z,https://www.indiamart.com/proddetail/adani-ambuja-cement-2859088245012.html
p_cab7a9f672237819,cement,Ambuja OPC 53 grade cement — 50 kg bag,Ambuja,hyderabad,Suryatheja Distributors,"Secunderabad, Dist. Hyderabad",IndiaMART,dealer,440.00,bag,440.00,bag,EXCL,18,2523,18.00,12.50,2.00,339.30,339.30,,,unknown,,BRAND_LICENSED,,1,,,26.17,lcv,seeded_fallback,2026-08-05T06:15:22.953Z,https://www.indiamart.com/proddetail/ambuja-cement-2855228151655.html
p_cab7a9f672237819,cement,Ambuja OPC 53 grade cement — 50 kg bag,Ambuja,hyderabad,Rudra Steel Agency,Hyderabad,IndiaMART,dealer,310.00,bag,310.00,bag,EXCL,18,2523,18.00,12.50,2.00,339.30,339.30,,,unknown,,BRAND_LICENSED,,1,,,11.32,lcv,seeded_fallback,2026-08-05T06:15:22.953Z,https://www.indiamart.com/proddetail/ambuja-kawach-cement-2855327998948.html
p_cab7a9f672237819,cement,Ambuja OPC 53 grade cement — 50 kg bag,Ambuja,hyderabad,Sri Lakshmi Enterprises,Hyderabad,IndiaMART,dealer,290.00,bag,290.00,bag,EXCL,18,2523,18.00,12.50,2.00,339.30,339.30,,,unknown,,BRAND_LICENSED,,1,2.5,2,29.76,lcv,seeded_fallback,2026-08-05T06:15:30.013Z,https://www.indiamart.com/proddetail/ambuja-opc-cement-2859178173791.html
p_cab7a9f672237819,cement,Ambuja OPC 53 grade cement — 50 kg bag,Ambuja,hyderabad,G S R Marketig Limited,"Nallakunta, Hyderabad",IndiaMART,dealer,300.00,bag,300.00,bag,EXCL,18,2523,18.00,12.50,2.00,339.30,339.30,,,unknown,,BRAND_LICENSED,,1,,,23.11,lcv,computed,2026-08-05T06:18:11.173Z,https://www.indiamart.com/proddetail/ambuja-cement-53-grade-27116046297.html
p_a14bb8d816da590e,cement,Bharathi OPC 43 grade cement — 50 kg bag,Bharathi,hyderabad,Sri Sai Steel And Cement,Hyderabad,IndiaMART,dealer,280.00,bag,280.00,bag,EXCL,18,2523,18.00,12.50,2.00,339.30,339.30,,,unknown,,BRAND_LICENSED,,1,,,21.28,lcv,seeded_fallback,2026-08-05T06:17:43.200Z,https://www.indiamart.com/proddetail/bharathi-opc-43-cement-2855348946633.html
p_a14bb8d816da590e,cement,Bharathi OPC 43 grade cement — 50 kg bag,Bharathi,hyderabad,S A Patel And Co,"Amberpet, Hyderabad",IndiaMART,dealer,300.00,bag,300.00,bag,EXCL,18,2523,18.00,12.50,2.00,339.30,339.30,,,unknown,,BRAND_LICENSED,,1,4.5,10,15.79,lcv,seeded_fallback,2026-08-05T06:17:43.200Z,https://www.indiamart.com/proddetail/bharathi-cement-2854616356012.html
p_a14bb8d816da590e,cement,Bharathi OPC 43 grade cement — 50 kg bag,Bharathi,hyderabad,Sri Lakshmi Enterprises,Hyderabad,IndiaMART,dealer,260.00,bag,260.00,bag,EXCL,18,2523,18.00,12.50,2.00,339.30,339.30,,,unknown,,BRAND_LICENSED,,1,2.5,2,29.76,lcv,seeded_fallback,2026-08-02T10:32:55.743Z,https://www.indiamart.com/proddetail/bharathi-43-grade-ordinary-portland-cement-2858949210848.html
p_a14bb8d816da590e,cement,Bharathi OPC 43 grade cement — 50 kg bag,Bharathi,hyderabad,Sri Karthikeya Enterprises,Hyderabad,IndiaMART,dealer,315.00,bag,315.00,bag,EXCL,18,2523,18.00,12.50,2.00,339.30,339.30,,,unknown,,BRAND_LICENSED,,1,,,28.27,lcv,seeded_fallback,2026-08-05T06:14:55.498Z,https://www.indiamart.com/proddetail/bharathi-ordinary-portland-cement-2851078660812.html
p_daa99653b348ad6a,cement,MP Birla Perfect Plus PPC cement — 50 kg bag,MP Birla Perfect Plus,hyderabad,Aaral Marketing,Hyderabad,IndiaMART,dealer,275.00,bag,275.00,bag,EXCL,18,2523,18.00,12.50,2.00,339.30,339.30,,,unknown,,BRAND_LICENSED,,1,,,29.61,lcv,seeded_fallback,2026-08-05T06:18:53.192Z,https://www.indiamart.com/proddetail/mp-birla-perfect-plus-cement-2851877406691.html
p_daa99653b348ad6a,cement,MP Birla Perfect Plus PPC cement — 50 kg bag,MP Birla Perfect Plus,hyderabad,Moin Cement Agencies,"Bahadurpura, Hyderabad",IndiaMART,dealer,415.00,bag,415.00,bag,EXCL,18,2523,18.00,12.50,2.00,339.30,339.30,,,unknown,,BRAND_LICENSED,,1,,,24.01,lcv,seeded_fallback,2026-08-05T06:18:39.209Z,https://www.indiamart.com/proddetail/mp-birla-perfect-plus-ppc-53-grade-cement-2852687688073.html
p_daa99653b348ad6a,cement,MP Birla Perfect Plus PPC cement — 50 kg bag,MP Birla Perfect Plus,hyderabad,Sree Associates,"Somajiguda, Hyderabad",IndiaMART,dealer,280.00,bag,280.00,bag,EXCL,18,2523,18.00,12.50,2.00,339.30,339.30,,,unknown,,BRAND_LICENSED,,1,4.3,6,23.44,lcv,seeded_fallback,2026-08-05T06:18:32.283Z,https://www.indiamart.com/proddetail/mp-birla-perfect-plus-cement-2858085366030.html
p_daa99653b348ad6a,cement,MP Birla Perfect Plus PPC cement — 50 kg bag,MP Birla Perfect Plus,hyderabad,Saibaba Enterprises,Hyderabad,IndiaMART,dealer,340.00,bag,340.00,bag,EXCL,18,2523,22.85,12.50,2.00,339.30,339.30,,,unknown,,BRAND_LICENSED,,1,,,38.09,lcv,seeded_fallback,2026-08-05T06:18:39.209Z,https://www.indiamart.com/proddetail/mp-birla-perfect-plus-cement-2853187219633.html
p_daa99653b348ad6a,cement,MP Birla Perfect Plus PPC cement — 50 kg bag,MP Birla Perfect Plus,hyderabad,PSK Building Solutions Pvt. Ltd.,Hyderabad,IndiaMART,dealer,330.00,bag,330.00,bag,EXCL,18,2523,18.00,12.50,2.00,339.30,339.30,,,unknown,,BRAND_LICENSED,,1,,,10.1,lcv,seeded_fallback,2026-08-01T13:33:26.520Z,https://www.indiamart.com/proddetail/mp-birla-perfect-plus-53-grade-cement-2857222437197.html
p_daa99653b348ad6a,cement,MP Birla Perfect Plus PPC cement — 50 kg bag,MP Birla Perfect Plus,hyderabad,Sri Venkateshwara Building Materials,Hyderabad,IndiaMART,dealer,260.00,bag,260.00,bag,EXCL,18,2523,18.00,12.50,2.00,339.30,339.30,,,unknown,,BRAND_LICENSED,,1,,,29.41,lcv,seeded_fallback,2026-08-05T06:18:32.283Z,https://www.indiamart.com/proddetail/mp-birla-perfect-plus-cement-2859115713648.html
p_daa99653b348ad6a,cement,MP Birla Perfect Plus PPC cement — 50 kg bag,MP Birla Perfect Plus,hyderabad,Sri Venkatasai Steel House,Hyderabad,IndiaMART,dealer,320.00,bag,320.00,bag,EXCL,18,2523,24.91,12.50,2.00,339.30,339.30,,,unknown,,BRAND_LICENSED,,1,,,41.52,lcv,seeded_fallback,2026-08-01T04:30:18.175Z,https://www.indiamart.com/proddetail/mp-birla-perfect-plus-cement-2853229094448.html
p_80c7684ffcbcfc74,cement,MP Birla Samrat OPC cement — 50 kg bag,MP Birla Samrat,hyderabad,Sree Associates,"Somajiguda, Hyderabad",IndiaMART,dealer,260.00,bag,260.00,bag,EXCL,18,2523,18.00,12.50,2.00,339.30,339.30,,,unknown,,BRAND_LICENSED,,1,,,23.44,lcv,seeded_fallback,2026-08-01T04:30:12.144Z,https://www.indiamart.com/proddetail/mp-birla-samrat-cement-2858189329612.html
p_f649c21812984395,cement,Shree OPC cement — 50 kg bag,Shree,hyderabad,Varun Traders,Hyderabad,IndiaMART,dealer,260.00,bag,260.00,bag,EXCL,18,2523,18.00,12.50,2.00,339.30,339.30,,,unknown,,BRAND_LICENSED,,1,4,58,9.03,lcv,seeded_fallback,2026-08-05T06:19:42.606Z,https://www.indiamart.com/proddetail/shree-opc-cement-22363525291.html
p_a51d261804e440e8,cement,Shree Jung Rodhak OPC 43 grade cement — 50 kg bag,Shree Jung Rodhak,hyderabad,Bhaiya Enterprises,Hyderabad,IndiaMART,dealer,260.00,bag,260.00,bag,EXCL,18,2523,18.00,12.50,2.00,339.30,339.30,,,unknown,,BRAND_LICENSED,,1,4,14,25.31,lcv,seeded_fallback,2026-08-05T06:19:42.606Z,https://www.indiamart.com/proddetail/shree-jung-rodhak-cement-2854985052097.html
p_f9a178b54da3b680,cement,UltraTech Super OPC 43 grade cement — 50 kg bag,UltraTech Super,hyderabad,Samyukta Cement And Steel Traders,Hyderabad,IndiaMART,dealer,290.00,bag,290.00,bag,EXCL,18,2523,18.00,12.50,2.00,339.30,339.30,,,unknown,,BRAND_LICENSED,,1,,,28.78,lcv,seeded_fallback,2026-08-05T06:12:14.910Z,https://www.indiamart.com/proddetail/ultratech-super-cement-2850509810091.html
p_f9a178b54da3b680,cement,UltraTech Super OPC 43 grade cement — 50 kg bag,UltraTech Super,hyderabad,PSK Building Solutions Pvt. Ltd.,Hyderabad,IndiaMART,dealer,330.00,bag,330.00,bag,EXCL,18,2523,18.00,12.50,2.00,339.30,339.30,,,unknown,,BRAND_LICENSED,,1,,,10.1,lcv,seeded_fallback,2026-08-01T13:26:40.764Z,https://www.indiamart.com/proddetail/ultratech-super-43-grade-cement-2857222408873.html
p_f9a178b54da3b680,cement,UltraTech Super OPC 43 grade cement — 50 kg bag,UltraTech Super,hyderabad,Nawanirman Materials And Builders Private Limited,Hyderabad,IndiaMART,dealer,300.00,bag,300.00,bag,EXCL,18,2523,24.47,12.50,2.00,339.30,339.30,,,unknown,,BRAND_LICENSED,,1,,,40.78,lcv,seeded_fallback,2026-08-05T06:12:14.910Z,https://www.indiamart.com/proddetail/ultratech-super-cement-2857430299033.html
p_f9a178b54da3b680,cement,UltraTech Super OPC 43 grade cement — 50 kg bag,UltraTech Super,hyderabad,Manju Marketing,"Jubilee Hills, Hyderabad",IndiaMART,dealer,290.00,bag,290.00,bag,EXCL,18,2523,18.50,12.50,2.00,339.30,339.30,,,unknown,,BRAND_LICENSED,,1,4.5,34,30.83,lcv,computed,2026-08-01T13:26:34.142Z,https://www.indiamart.com/proddetail/ultratech-super-cement-2852883898048.html
p_f9a178b54da3b680,cement,UltraTech Super OPC 43 grade cement — 50 kg bag,UltraTech Super,hyderabad,Sri Venkateshwara Building Materials,Hyderabad,IndiaMART,dealer,260.00,bag,260.00,bag,EXCL,18,2523,18.00,12.50,2.00,339.30,339.30,,,unknown,,BRAND_LICENSED,,1,,,29.41,lcv,seeded_fallback,2026-08-05T06:12:14.910Z,https://www.indiamart.com/proddetail/ultratech-super-cement-2859088234562.html
p_1206e2687c53021a,cement,JSW Concreel PPC cement — 50 kg bag,JSW Concreel,hyderabad,G S R Marketig Limited,"Nallakunta, Hyderabad",IndiaMART,dealer,300.00,bag,300.00,bag,EXCL,18,2523,18.00,12.50,2.00,339.87,339.87,,,unknown,,BRAND_LICENSED,,1,,,23.11,lcv,computed,2026-08-05T06:17:22.100Z,https://www.indiamart.com/proddetail/jsw-concreel-hd-cement-2853259012433.html
p_1206e2687c53021a,cement,JSW Concreel PPC cement — 50 kg bag,JSW Concreel,hyderabad,Nawanirman Materials And Builders Private Limited,Hyderabad,IndiaMART,dealer,255.00,bag,255.00,bag,EXCL,18,2523,24.47,12.50,2.00,339.87,339.87,,,unknown,,BRAND_LICENSED,,1,,,40.78,lcv,seeded_fallback,2026-08-05T06:17:15.396Z,https://www.indiamart.com/proddetail/jsw-concreel-hd-cement-23640102430.html
p_5dc6cb1284aa20a6,cement,Shree OPC 43 grade cement — 50 kg bag,Shree,hyderabad,Nawanirman Materials And Builders Private Limited,Hyderabad,IndiaMART,dealer,255.00,bag,255.00,bag,EXCL,18,2523,24.47,12.50,2.00,339.87,339.87,,,unknown,,BRAND_LICENSED,,1,,,40.78,lcv,seeded_fallback,2026-08-01T13:29:00.252Z,https://www.indiamart.com/proddetail/shree-cement-43-grade-cement-23640071973.html
p_5dc6cb1284aa20a6,cement,Shree OPC 43 grade cement — 50 kg bag,Shree,hyderabad,Construction Material Mart (CM Mart),"Old Malakpet, Hyderabad",IndiaMART,dealer,295.00,bag,295.00,bag,EXCL,18,2523,18.00,12.50,2.00,339.87,339.87,,,unknown,,BRAND_LICENSED,,1,,,27.11,lcv,seeded_fallback,2026-08-05T06:19:42.606Z,https://www.indiamart.com/proddetail/shree-53-grade-opc-cement-2855738125391.html
p_e5d0563c60247acd,cement,Shree Jung Rodhak OPC 53 grade cement — 50 kg bag,Shree Jung Rodhak,hyderabad,Nawanirman Materials And Builders Private Limited,Hyderabad,IndiaMART,dealer,255.00,bag,255.00,bag,EXCL,18,2523,24.47,12.50,2.00,339.87,339.87,,,unknown,,BRAND_LICENSED,,1,3.6,73,40.78,lcv,seeded_fallback,2026-08-01T13:34:50.608Z,https://www.indiamart.com/proddetail/shree-jung-rodhak-cement-53-grade-25934305712.html
p_e5d0563c60247acd,cement,Shree Jung Rodhak OPC 53 grade cement — 50 kg bag,Shree Jung Rodhak,hyderabad,Sri Rama Steel And Cement,Hyderabad,IndiaMART,dealer,300.00,bag,300.00,bag,EXCL,18,2523,21.93,12.50,2.00,339.87,339.87,,,unknown,,BRAND_LICENSED,,1,,,36.55,lcv,seeded_fallback,2026-08-05T06:19:42.606Z,https://www.indiamart.com/proddetail/shree-jung-rodhak-cement-21161609997.html
p_e5d0563c60247acd,cement,Shree Jung Rodhak OPC 53 grade cement — 50 kg bag,Shree Jung Rodhak,hyderabad,Meenakshi Steel & Cement Traders,Hyderabad,IndiaMART,dealer,320.00,bag,320.00,bag,EXCL,18,2523,18.00,12.50,2.00,339.87,339.87,,,unknown,,BRAND_LICENSED,,1,,,21.19,lcv,seeded_fallback,2026-08-05T06:19:42.606Z,https://www.indiamart.com/proddetail/shree-jungrodhak-grade-53-cement-2849235168033.html
p_e5d0563c60247acd,cement,Shree Jung Rodhak OPC 53 grade cement — 50 kg bag,Shree Jung Rodhak,hyderabad,SN Infra,Hyderabad,IndiaMART,dealer,300.00,bag,300.00,bag,EXCL,18,2523,18.00,12.50,2.00,339.87,339.87,,,unknown,,BRAND_LICENSED,,1,,,7.64,lcv,seeded_fallback,2026-08-05T06:19:42.606Z,https://www.indiamart.com/proddetail/shree-jung-rodhak-cement-2855091051030.html
p_f0201c775bccbeb5,cement,Zuari OPC 53 grade cement — 50 kg bag,Zuari,hyderabad,Munnalal Bros,"Secunderabad, Dist. Hyderabad",IndiaMART,dealer,255.00,bag,255.00,bag,EXCL,18,2523,24.77,12.50,2.00,340.17,340.17,,,unknown,,BRAND_LICENSED,,1,4.1,33,41.29,lcv,seeded_fallback,2026-08-01T13:32:37.464Z,https://www.indiamart.com/proddetail/zuari-opc-53-grade-2858245550488.html
p_3cd875f858642fe6,cement,Bangur OPC cement — 50 kg bag,Bangur,hyderabad,BigBMart,Hyderabad,BigBMart,platform,305.00,bag,305.00,bag,INCL,18,2523,22.67,12.50,2.00,342.16,342.16,,,unknown,,BRAND_LICENSED,,1,,,37.78,lcv,seeded_fallback,2026-08-01T00:00:00.000Z,https://bigbmart.com/product/bangur-opc-cement/
p_39a70c3e99addfec,cement,Bhavya OPC cement — 50 kg bag,Bhavya,hyderabad,BigBMart,Hyderabad,BigBMart,platform,305.00,bag,305.00,bag,INCL,18,2523,22.67,12.50,2.00,342.16,342.16,,,unknown,,BRAND_LICENSED,,1,,,37.78,lcv,seeded_fallback,2026-08-01T00:00:00.000Z,https://bigbmart.com/product/bhavya-opc-cement/
p_e0e3009a87daf9eb,cement,Nagarjuna OPC cement — 50 kg bag,Nagarjuna,hyderabad,BigBMart,Hyderabad,BigBMart,platform,305.00,bag,305.00,bag,INCL,18,2523,22.67,12.50,2.00,342.16,342.16,,,unknown,,BRAND_LICENSED,,1,,,37.78,lcv,seeded_fallback,2026-08-01T00:00:00.000Z,https://bigbmart.com/product/nagarjuna-opc-cement/
p_d771e356deacd1c1,cement,UltraTech Super OPC cement — 50 kg bag,UltraTech Super,hyderabad,BigBMart,Hyderabad,BigBMart,platform,305.00,bag,305.00,bag,INCL,18,2523,22.67,12.50,2.00,342.16,342.16,,,unknown,,BRAND_LICENSED,,1,,,37.78,lcv,seeded_fallback,2026-08-01T00:00:00.000Z,https://bigbmart.com/product/ultratech-super-cement/
p_4abf4153aea33549,cement,ACC Suraksha Power PPC cement — 50 kg bag,ACC Suraksha Power,hyderabad,Aaral Marketing,Hyderabad,IndiaMART,dealer,265.00,bag,265.00,bag,EXCL,18,2523,18.00,12.50,2.00,345.20,345.20,,,unknown,,BRAND_LICENSED,,1,4.3,93,29.61,lcv,seeded_fallback,2026-08-05T06:12:32.085Z,https://www.indiamart.com/proddetail/acc-suraksha-power-22112339512.html
p_4abf4153aea33549,cement,ACC Suraksha Power PPC cement — 50 kg bag,ACC Suraksha Power,hyderabad,Dhanlakshmi Traders,"Secunderabad, Dist. Hyderabad",IndiaMART,dealer,325.00,bag,325.00,bag,EXCL,18,2523,18.00,12.50,2.00,345.20,345.20,,,unknown,,BRAND_LICENSED,,1,,,18.38,lcv,seeded_fallback,2026-08-01T00:12:39.831Z,https://www.indiamart.com/proddetail/acc-suraksha-power-cement-27551714662.html
p_4abf4153aea33549,cement,ACC Suraksha Power PPC cement — 50 kg bag,ACC Suraksha Power,hyderabad,Jani Miyan And Company,Hyderabad,IndiaMART,dealer,275.00,bag,275.00,bag,EXCL,18,2523,18.00,12.50,2.00,345.20,345.20,,,unknown,,BRAND_LICENSED,,1,,,17.17,lcv,seeded_fallback,2026-08-05T06:12:36.135Z,https://www.indiamart.com/proddetail/acc-suraksha-power-cement-2850433655062.html
p_fec429cfcc13db53,cement,ACC Suraksha Power OPC cement — 50 kg bag,ACC Suraksha Power,hyderabad,Varun Traders,Hyderabad,IndiaMART,dealer,265.00,bag,265.00,bag,EXCL,18,2523,18.00,12.50,2.00,345.20,345.20,,,unknown,,BRAND_LICENSED,,1,4,58,9.03,lcv,seeded_fallback,2026-08-02T10:29:12.388Z,https://www.indiamart.com/proddetail/acc-suraksha-power-23442692312.html
p_e14811c49f12a6d2,cement,Bangur Magna PPC cement — 50 kg bag,Bangur Magna,hyderabad,Aaral Marketing,Hyderabad,IndiaMART,dealer,280.00,bag,280.00,bag,EXCL,18,2523,18.00,12.50,2.00,345.20,345.20,,,unknown,,BRAND_LICENSED,,1,,,29.61,lcv,seeded_fallback,2026-08-05T06:19:14.348Z,https://www.indiamart.com/proddetail/bangur-magna-17249125948.html
p_e14811c49f12a6d2,cement,Bangur Magna PPC cement — 50 kg bag,Bangur Magna,hyderabad,Sri Lakshmi Enterprises,Hyderabad,IndiaMART,dealer,280.00,bag,280.00,bag,EXCL,18,2523,18.00,12.50,2.00,345.20,345.20,,,unknown,,BRAND_LICENSED,,1,2.5,2,29.76,lcv,seeded_fallback,2026-08-05T06:19:14.348Z,https://www.indiamart.com/proddetail/bangur-magna-solid-concrete-cement-2858960578633.html
p_e14811c49f12a6d2,cement,Bangur Magna PPC cement — 50 kg bag,Bangur Magna,hyderabad,Mahadev Traders,"Saidabad Colony, Hyderabad",IndiaMART,dealer,350.00,bag,350.00,bag,EXCL,18,2523,18.00,12.50,2.00,345.20,345.20,,,unknown,,BRAND_LICENSED,,1,,,29.02,lcv,computed,2026-08-05T06:19:14.348Z,https://www.indiamart.com/proddetail/bangur-magna-cement-2853474604233.html
p_e14811c49f12a6d2,cement,Bangur Magna PPC cement — 50 kg bag,Bangur Magna,hyderabad,Mahalaxmi Traders,Hyderabad,IndiaMART,dealer,265.00,bag,265.00,bag,EXCL,18,2523,18.00,12.50,2.00,345.20,345.20,,,unknown,,BRAND_LICENSED,,1,,,13.19,lcv,seeded_fallback,2026-08-05T06:19:14.348Z,https://www.indiamart.com/proddetail/bangur-magna-cement-22040185655.html
p_ae7a8cefe6058169,cement,Birla A1 OPC cement — 50 kg bag,Birla A1,hyderabad,Adinath Polyvinyls,"Secunderabad, Dist. Hyderabad",IndiaMART,dealer,265.00,bag,265.00,bag,EXCL,18,2523,18.00,12.50,2.00,345.20,345.20,,,unknown,,BRAND_LICENSED,,1,3.1,8,23.24,lcv,seeded_fallback,2026-08-02T10:34:40.856Z,https://www.indiamart.com/proddetail/birla-a1-cement-27461087173.html
p_a23e81cc7c3ceb36,cement,Birla Shakti OPC 53 grade cement — 50 kg bag,Birla Shakti,hyderabad,Varun Traders,Hyderabad,IndiaMART,dealer,265.00,bag,265.00,bag,EXCL,18,2523,18.00,12.50,2.00,345.20,345.20,,,unknown,,BRAND_LICENSED,,1,4,58,9.03,lcv,seeded_fallback,2026-08-02T10:29:05.249Z,https://www.indiamart.com/proddetail/birla-shakti-cement-53-grade-21640109897.html
p_a835e41514d4f119,cement,JSW OPC cement — 50 kg bag,JSW,hyderabad,Aaral Marketing,Hyderabad,IndiaMART,dealer,265.00,bag,265.00,bag,EXCL,18,2523,18.00,12.50,2.00,345.20,345.20,,,unknown,,BRAND_LICENSED,,1,4.3,93,29.61,lcv,seeded_fallback,2026-08-05T06:17:15.396Z,https://www.indiamart.com/proddetail/jsw-cement-supplier-2857289490673.html
p_4f09bcbd33aa62ec,cement,ACC OPC 43 grade cement — 50 kg bag,ACC,hyderabad,Global Steels And Cement,Hyderabad,IndiaMART,dealer,270.00,bag,270.00,bag,EXCL,18,2523,18.00,12.50,2.00,345.77,345.77,,,unknown,,BRAND_LICENSED,,1,3.7,3,23.74,lcv,seeded_fallback,2026-08-05T06:12:32.085Z,https://www.indiamart.com/proddetail/50kg-acc-ppc-cement-23476682630.html
p_4f09bcbd33aa62ec,cement,ACC OPC 43 grade cement — 50 kg bag,ACC,hyderabad,Nawanirman Materials And Builders Private Limited,Hyderabad,IndiaMART,dealer,260.00,bag,260.00,bag,EXCL,18,2523,24.47,12.50,2.00,345.77,345.77,,,unknown,,BRAND_LICENSED,,1,,,40.78,lcv,seeded_fallback,2026-08-05T06:12:32.085Z,https://www.indiamart.com/proddetail/acc-cement-43-grade-23207227848.html
p_668e9d6081a8de38,cement,Birla A1 OPC cement — 50 kg bag,Birla A1,hyderabad,BigBMart,Hyderabad,BigBMart,platform,310.00,bag,310.00,bag,INCL,18,2523,22.67,12.50,2.00,347.17,347.17,,,unknown,,BRAND_LICENSED,,1,,,37.78,lcv,seeded_fallback,2026-08-01T00:00:00.000Z,https://bigbmart.com/product/birla-a1-orient-green-cement/
p_875acc6da6824839,cement,Maha OPC cement — 50 kg bag,Maha,hyderabad,BigBMart,Hyderabad,BigBMart,platform,310.00,bag,310.00,bag,INCL,18,2523,22.67,12.50,2.00,347.17,347.17,,,unknown,,BRAND_LICENSED,,1,,,37.78,lcv,seeded_fallback,2026-08-01T00:00:00.000Z,https://bigbmart.com/product/maha-opc-cement/
p_b0c4c49a814376c5,cement,Parasakti OPC cement — 50 kg bag,Parasakti,hyderabad,BigBMart,Hyderabad,BigBMart,platform,310.00,bag,310.00,bag,INCL,18,2523,22.67,12.50,2.00,347.17,347.17,,,unknown,,BRAND_LICENSED,,1,,,37.78,lcv,seeded_fallback,2026-08-01T00:00:00.000Z,https://bigbmart.com/product/parasakti-opc-cement/
p_805061cd46a87a09,cement,ACC Suraksha OPC 43 grade cement — 50 kg bag,ACC Suraksha,hyderabad,Bhaiya Enterprises,Hyderabad,IndiaMART,dealer,270.00,bag,270.00,bag,EXCL,18,2523,18.00,12.50,2.00,351.10,351.10,,,unknown,,BRAND_LICENSED,,1,,,25.31,lcv,seeded_fallback,2026-08-05T06:12:42.489Z,https://www.indiamart.com/proddetail/acc-suraksha-cement-2851451039988.html
p_0eeef981bb5356d5,cement,Bangur OPC 43 grade cement — 50 kg bag,Bangur,hyderabad,PSK Building Solutions Pvt. Ltd.,Hyderabad,IndiaMART,dealer,330.00,bag,330.00,bag,EXCL,18,2523,18.00,12.50,2.00,351.10,351.10,,,unknown,,BRAND_LICENSED,,1,3.9,35,10.1,lcv,seeded_fallback,2026-08-05T06:19:14.348Z,https://www.indiamart.com/proddetail/bangur-power-cement-2854123300233.html
p_0eeef981bb5356d5,cement,Bangur OPC 43 grade cement — 50 kg bag,Bangur,hyderabad,Sri Rama Steel And Cement,Hyderabad,IndiaMART,dealer,270.00,bag,270.00,bag,EXCL,18,2523,21.93,12.50,2.00,351.10,351.10,,,unknown,,BRAND_LICENSED,,1,,,36.55,lcv,seeded_fallback,2026-08-01T13:34:01.496Z,https://www.indiamart.com/proddetail/50-kg-bangur-cement-2854551747291.html
p_0eeef981bb5356d5,cement,Bangur OPC 43 grade cement — 50 kg bag,Bangur,hyderabad,Sri Durga Marketing,"Tarnaka, Hyderabad",IndiaMART,dealer,270.00,bag,270.00,bag,EXCL,18,2523,18.00,12.50,2.00,351.10,351.10,,,unknown,,BRAND_LICENSED,,1,3.7,7,13.63,lcv,seeded_fallback,2026-08-05T06:19:14.348Z,https://www.indiamart.com/proddetail/bangur-cement-50-kg-2854734401633.html
p_c04368f2d658a732,cement,Bharathi OPC cement — 50 kg bag,Bharathi,hyderabad,Sri Sai Balaji Steel Traders,Hyderabad,IndiaMART,dealer,270.00,bag,270.00,bag,EXCL,18,2523,18.00,12.50,2.00,351.10,351.10,,,unknown,,BRAND_LICENSED,,1,5,1,9.97,lcv,seeded_fallback,2026-08-05T06:17:43.200Z,https://www.indiamart.com/proddetail/bharathi-opc-cement-25525836491.html
p_0132227f9ce7530c,cement,JSW OPC 53 grade cement — 50 kg bag,JSW,hyderabad,Sri Venkateshwara Building Materials,Hyderabad,IndiaMART,dealer,270.00,bag,270.00,bag,EXCL,18,2523,18.00,12.50,2.00,351.10,351.10,,,unknown,,BRAND_LICENSED,,1,,,29.41,lcv,seeded_fallback,2026-08-05T06:17:22.100Z,https://www.indiamart.com/proddetail/jsw-cement-2859213480333.html
p_0132227f9ce7530c,cement,JSW OPC 53 grade cement — 50 kg bag,JSW,hyderabad,Sri Ganesh Steel & Cements Gandimaisamma,Hyderabad,IndiaMART,dealer,330.00,bag,330.00,bag,EXCL,18,2523,22.54,12.50,2.00,351.10,351.10,,,unknown,,BRAND_LICENSED,,1,,,37.57,lcv,seeded_fallback,2026-08-05T06:17:15.396Z,https://www.indiamart.com/proddetail/jsw-opc-cement-2857524889130.html
p_0132227f9ce7530c,cement,JSW OPC 53 grade cement — 50 kg bag,JSW,hyderabad,Sree Associates,"Somajiguda, Hyderabad",IndiaMART,dealer,290.00,bag,290.00,bag,EXCL,18,2523,18.00,12.50,2.00,351.10,351.10,,,unknown,,BRAND_LICENSED,,1,,,23.44,lcv,seeded_fallback,2026-08-05T06:17:36.067Z,https://www.indiamart.com/proddetail/jsw-opc-53-grade-cement-2855640746655.html
p_0132227f9ce7530c,cement,JSW OPC 53 grade cement — 50 kg bag,JSW,hyderabad,Hari Hara Steel Traders,"Kukatpally, Hyderabad",IndiaMART,dealer,320.00,bag,320.00,bag,EXCL,18,2523,18.00,12.50,2.00,351.10,351.10,,,unknown,,BRAND_LICENSED,,1,5,1,12.17,lcv,computed,2026-08-05T06:17:15.396Z,https://www.indiamart.com/proddetail/jsw-opc-cement-2853878548962.html
p_0132227f9ce7530c,cement,JSW OPC 53 grade cement — 50 kg bag,JSW,hyderabad,Sri Venkateshwara Building Materials,Hyderabad,IndiaMART,dealer,280.00,bag,280.00,bag,EXCL,18,2523,18.00,12.50,2.00,351.10,351.10,,,unknown,,BRAND_LICENSED,,1,,,29.41,lcv,seeded_fallback,2026-08-05T06:17:15.396Z,https://www.indiamart.com/proddetail/jsw-opc-cement-53-grade-2859225685955.html
p_cd8166b4a8eb492f,cement,KCP OPC cement — 50 kg bag,KCP,hyderabad,Mahalaxmi Traders,Hyderabad,IndiaMART,dealer,270.00,bag,270.00,bag,EXCL,18,2523,18.00,12.50,2.00,351.10,351.10,,,unknown,,BRAND_LICENSED,,1,,,13.19,lcv,seeded_fallback,2026-08-05T06:12:46.164Z,https://www.indiamart.com/proddetail/kcp-super-sreshtaa-2857606145997.html
p_68ad42e67bdbf451,cement,Priya PSC 43 grade cement — 50 kg bag,Priya,hyderabad,Sree Lakshmi Steel & Cements,Hyderabad,IndiaMART,dealer,270.00,bag,270.00,bag,EXCL,18,2523,18.00,12.50,2.00,351.10,351.10,,,unknown,,BRAND_LICENSED,,1,3.3,3,18.68,lcv,seeded_fallback,2026-08-02T10:33:44.817Z,https://www.indiamart.com/proddetail/priya-cement-22988984633.html
p_3694758c9a1957da,cement,Ramco Supergrade OPC 53 grade cement — 50 kg bag,Ramco Supergrade,hyderabad,Sri Maruti Enterprises,"Boduppal, Hyderabad",IndiaMART,dealer,270.00,bag,270.00,bag,EXCL,18,2523,18.00,12.50,2.00,351.10,351.10,,,unknown,,BRAND_LICENSED,,1,,,16.12,lcv,computed,2026-08-01T00:18:35.540Z,https://www.indiamart.com/proddetail/ramco-supergrade-cement-2857773923162.html
p_3694758c9a1957da,cement,Ramco Supergrade OPC 53 grade cement — 50 kg bag,Ramco Supergrade,hyderabad,Nawanirman Materials And Builders Private Limited,Hyderabad,IndiaMART,dealer,265.00,bag,265.00,bag,EXCL,18,2523,24.47,12.50,2.00,351.10,351.10,,,unknown,,BRAND_LICENSED,,1,3.6,73,40.78,lcv,seeded_fallback,2026-08-01T13:30:59.669Z,https://www.indiamart.com/proddetail/ramco-super-grade-cement-23370786688.html
p_a049fa5d32eece2e,cement,UltraTech Super OPC 53 grade cement — 50 kg bag,UltraTech Super,hyderabad,Sri Sai JNR Buildpro,Hyderabad,IndiaMART,dealer,305.00,bag,305.00,bag,EXCL,18,2523,18.00,12.50,2.00,351.10,351.10,,,unknown,,BRAND_LICENSED,,1,,,21.47,lcv,seeded_fallback,2026-08-05T06:12:14.910Z,https://www.indiamart.com/proddetail/ultratech-super-53-grade-cement-2855003666448.html
p_a049fa5d32eece2e,cement,UltraTech Super OPC 53 grade cement — 50 kg bag,UltraTech Super,hyderabad,Construction Material Mart (CM Mart),"Old Malakpet, Hyderabad",IndiaMART,dealer,320.00,bag,320.00,bag,EXCL,18,2523,18.00,12.50,2.00,351.10,351.10,,,unknown,,BRAND_LICENSED,,1,,,27.11,lcv,seeded_fallback,2026-08-05T06:12:14.910Z,https://www.indiamart.com/proddetail/ultra-tech-super-cement-2855725631830.html
p_a049fa5d32eece2e,cement,UltraTech Super OPC 53 grade cement — 50 kg bag,UltraTech Super,hyderabad,Sri Venkateshwara Building Materials,Hyderabad,IndiaMART,dealer,270.00,bag,270.00,bag,EXCL,18,2523,18.00,12.50,2.00,351.10,351.10,,,unknown,,BRAND_LICENSED,,1,,,29.41,lcv,seeded_fallback,2026-08-05T06:12:21.467Z,https://www.indiamart.com/proddetail/ultratech-super-cement-2859186312655.html
p_a049fa5d32eece2e,cement,UltraTech Super OPC 53 grade cement — 50 kg bag,UltraTech Super,hyderabad,Panchamukhi Cement Agency,"Kukatpally, Hyderabad",IndiaMART,dealer,310.00,bag,310.00,bag,EXCL,18,2523,18.00,12.50,2.00,351.10,351.10,,,unknown,,BRAND_LICENSED,,1,5,2,12.17,lcv,computed,2026-08-05T06:12:14.910Z,https://www.indiamart.com/proddetail/ultratech-super-cement-2852126824962.html
p_a049fa5d32eece2e,cement,UltraTech Super OPC 53 grade cement — 50 kg bag,UltraTech Super,hyderabad,Manju Marketing,"Jubilee Hills, Hyderabad",IndiaMART,dealer,350.00,bag,350.00,bag,EXCL,18,2523,18.50,12.50,2.00,351.10,351.10,,,unknown,,BRAND_LICENSED,,1,4.5,34,30.83,lcv,computed,2026-08-05T06:12:14.910Z,https://www.indiamart.com/proddetail/ultratech-super-22802663497.html
p_4b66bdb0261aa6db,cement,Bharathi Ultrafast OPC cement — 50 kg bag,Bharathi Ultrafast,hyderabad,BigBMart,Hyderabad,BigBMart,platform,315.00,bag,315.00,bag,INCL,18,2523,22.67,12.50,2.00,352.17,352.17,,,unknown,,BRAND_LICENSED,,1,,,37.78,lcv,seeded_fallback,2026-08-01T00:00:00.000Z,https://bigbmart.com/product/bharathi-ultrafast-cement/
p_f4a7ac06e2e04176,cement,ACC Concrete Plus PPC 53 grade cement — 50 kg bag,ACC Concrete Plus,hyderabad,Shree Ambica Steel Udyog,Hyderabad,IndiaMART,dealer,270.00,bag,270.00,bag,EXCL,18,2523,19.89,12.50,2.00,352.99,352.99,,,unknown,,BRAND_LICENSED,,1,,,33.15,lcv,seeded_fallback,2026-08-05T06:12:36.135Z,https://www.indiamart.com/proddetail/50-kg-acc-concrete-plus-cement-19444776462.html
p_f4a7ac06e2e04176,cement,ACC Concrete Plus PPC 53 grade cement — 50 kg bag,ACC Concrete Plus,hyderabad,Sri Lakshmi Enterprises,Hyderabad,IndiaMART,dealer,290.00,bag,290.00,bag,EXCL,18,2523,18.00,12.50,2.00,352.99,352.99,,,unknown,,BRAND_LICENSED,,1,,,29.76,lcv,seeded_fallback,2026-08-01T13:26:51.243Z,https://www.indiamart.com/proddetail/acc-concrete-plus-cement-2858939362233.html
p_f4a7ac06e2e04176,cement,ACC Concrete Plus PPC 53 grade cement — 50 kg bag,ACC Concrete Plus,hyderabad,Aaral Marketing,Hyderabad,IndiaMART,dealer,290.00,bag,290.00,bag,EXCL,18,2523,18.00,12.50,2.00,352.99,352.99,,,unknown,,BRAND_LICENSED,,1,,,29.61,lcv,seeded_fallback,2026-08-01T13:27:08.763Z,https://www.indiamart.com/proddetail/acc-concrete-plus-cement-22112275233.html
p_9440e6d9336fcdaa,cement,Unbranded OPC 33 grade cement — 50 kg bag,,hyderabad,Sri Madhav & Company,"Madhapur, Hyderabad",IndiaMART,dealer,270.00,bag,270.00,bag,EXCL,18,2523,20.81,12.50,2.00,353.91,353.91,,,unknown,,NOT_DECLARED,,1,,,34.69,lcv,seeded_fallback,2026-08-05T06:13:00.185Z,https://www.indiamart.com/proddetail/anjani-super-gold-cement-15100948888.html
p_b68030d47bc3e369,cement,Ramco Supergrade OPC 33 grade cement — 50 kg bag,Ramco Supergrade,hyderabad,Sri Rama Steel And Cement,Hyderabad,IndiaMART,dealer,270.00,bag,270.00,bag,EXCL,18,2523,21.93,12.50,2.00,355.03,355.03,,,unknown,,BRAND_LICENSED,,1,,,36.55,lcv,seeded_fallback,2026-08-01T00:14:00.203Z,https://www.indiamart.com/proddetail/ramco-super-grade-cement-21161610048.html
p_92a32d75a7306541,cement,Bharathi Ultrafast OPC 53 grade cement — 50 kg bag,Bharathi Ultrafast,hyderabad,Panchamukhi Cement Agency,"Kukatpally, Hyderabad",IndiaMART,dealer,275.00,bag,275.00,bag,EXCL,18,2523,18.00,12.50,2.00,357.00,357.00,,,unknown,,BRAND_LICENSED,,1,,,12.17,lcv,computed,2026-08-05T06:17:43.200Z,https://www.indiamart.com/proddetail/bharathi-ultrafast-cement-2853625793788.html
p_92a32d75a7306541,cement,Bharathi Ultrafast OPC 53 grade cement — 50 kg bag,Bharathi Ultrafast,hyderabad,Meenakshi Steel & Cement Traders,Hyderabad,IndiaMART,dealer,340.00,bag,340.00,bag,EXCL,18,2523,18.00,12.50,2.00,357.00,357.00,,,unknown,,BRAND_LICENSED,,1,,,21.19,lcv,seeded_fallback,2026-08-05T06:17:43.200Z,https://www.indiamart.com/proddetail/bharathi-ultrafast-53-grade-cement-2849235167788.html
p_f5b9637711919bc7,cement,MP Birla OPC 43 grade cement — 50 kg bag,MP Birla,hyderabad,Pride Marketing,Hyderabad,IndiaMART,dealer,275.00,bag,275.00,bag,EXCL,18,2523,18.00,12.50,2.00,357.00,357.00,,,unknown,,BRAND_LICENSED,,1,4,5,17.92,lcv,seeded_fallback,2026-08-05T06:18:32.283Z,https://www.indiamart.com/proddetail/samrat-mp-birla-cement-2854606187948.html
p_c273b3329e6476d7,cement,Ramco Supergrade OPC cement — 50 kg bag,Ramco Supergrade,hyderabad,NSB Traders,"Kukatpally, Hyderabad",IndiaMART,dealer,275.00,bag,275.00,bag,EXCL,18,2523,18.00,12.50,2.00,357.00,357.00,,,unknown,,BRAND_LICENSED,,1,4.6,5,12.17,lcv,computed,2026-08-05T06:16:12.060Z,https://www.indiamart.com/proddetail/ramco-supergrade-2856563407362.html
p_2d0937c362bd038d,cement,CCI OPC cement — 50 kg bag,CCI,hyderabad,BigBMart,Hyderabad,BigBMart,platform,320.00,bag,320.00,bag,INCL,18,2523,22.67,12.50,2.00,357.17,357.17,,,unknown,,BRAND_LICENSED,,1,,,37.78,lcv,seeded_fallback,2026-08-01T00:00:00.000Z,https://bigbmart.com/product/cci-opc-cement/
p_ba2ab00dec3cdc23,cement,KCP OPC cement — 50 kg bag,KCP,hyderabad,BigBMart,Hyderabad,BigBMart,platform,320.00,bag,320.00,bag,INCL,18,2523,22.67,12.50,2.00,357.17,357.17,,,unknown,,BRAND_LICENSED,,1,,,37.78,lcv,seeded_fallback,2026-08-01T00:00:00.000Z,https://bigbmart.com/product/kcp-opc-cement/
p_d8314fc4238e38b0,cement,UltraTech PSC cement — 50 kg bag,UltraTech,hyderabad,BigBMart,Hyderabad,BigBMart,platform,320.00,bag,320.00,bag,INCL,18,2523,22.67,12.50,2.00,357.17,357.17,,,unknown,,BRAND_LICENSED,,1,,,37.78,lcv,seeded_fallback,2026-08-01T00:00:00.000Z,https://bigbmart.com/product/ultratech-psc-cement/
p_d8314fc4238e38b0,cement,UltraTech PSC cement — 50 kg bag,UltraTech,hyderabad,Sri Venkatasai Steel House,Hyderabad,IndiaMART,dealer,365.00,bag,365.00,bag,EXCL,18,2523,24.91,12.50,2.00,357.17,357.17,,,unknown,,BRAND_LICENSED,,1,,,41.52,lcv,seeded_fallback,2026-08-01T04:24:11.487Z,https://www.indiamart.com/proddetail/50-kg-ultratech-premium-cement-2853229544191.html
p_d8314fc4238e38b0,cement,UltraTech PSC cement — 50 kg bag,UltraTech,hyderabad,Construction Adda,"Medipalli, Hyderabad",IndiaMART,dealer,340.00,bag,340.00,bag,EXCL,18,2523,18.00,12.50,2.00,357.17,357.17,,,unknown,,BRAND_LICENSED,,1,2.7,3,17.14,lcv,computed,2026-08-02T10:34:12.795Z,https://www.indiamart.com/proddetail/ultratech-weatherproof-cement-2850434111012.html
p_29c3d84bbd09dfd7,cement,Deccan PPC cement — 50 kg bag,Deccan,hyderabad,BigBMart,Hyderabad,BigBMart,platform,325.00,bag,325.00,bag,INCL,18,2523,22.67,12.50,2.00,362.17,362.17,,,unknown,,BRAND_LICENSED,,1,,,37.78,lcv,seeded_fallback,2026-08-01T00:00:00.000Z,https://bigbmart.com/product/deccan-ppc-cement/
p_29c3d84bbd09dfd7,cement,Deccan PPC cement — 50 kg bag,Deccan,hyderabad,Dyumani Materials Private Limited,"Jubilee Hills, Hyderabad",IndiaMART,dealer,305.00,bag,305.00,bag,EXCL,18,2523,18.50,12.50,2.00,362.17,362.17,,,unknown,,BRAND_LICENSED,,1,,,30.83,lcv,computed,2026-08-02T10:33:44.817Z,https://www.indiamart.com/proddetail/deccan-cement-ppc-23736847455.html
p_d59e3b07d1edefdb,cement,ACC Concrete Plus Xtra Strong PPC 53 grade cement — 50 kg bag,ACC Concrete Plus Xtra Strong,hyderabad,Jani Miyan And Company,Hyderabad,IndiaMART,dealer,295.00,bag,295.00,bag,EXCL,18,2523,18.00,12.50,2.00,362.90,362.90,,,unknown,,BRAND_LICENSED,,1,,,17.17,lcv,seeded_fallback,2026-08-05T06:12:32.085Z,https://www.indiamart.com/proddetail/acc-concrete-plus-xtra-strong-cement-2850433655212.html
p_d59e3b07d1edefdb,cement,ACC Concrete Plus Xtra Strong PPC 53 grade cement — 50 kg bag,ACC Concrete Plus Xtra Strong,hyderabad,Sri Madhav & Company,"Madhapur, Hyderabad",IndiaMART,dealer,320.00,bag,320.00,bag,EXCL,18,2523,20.81,12.50,2.00,362.90,362.90,,,unknown,,BRAND_LICENSED,,1,,,34.69,lcv,seeded_fallback,2026-08-05T06:12:32.085Z,https://www.indiamart.com/proddetail/acc-concrete-plus-xtra-strong-cement-2850670427448.html
p_d59e3b07d1edefdb,cement,ACC Concrete Plus Xtra Strong PPC 53 grade cement — 50 kg bag,ACC Concrete Plus Xtra Strong,hyderabad,Mahalaxmi Traders,Hyderabad,IndiaMART,dealer,280.00,bag,280.00,bag,EXCL,18,2523,18.00,12.50,2.00,362.90,362.90,,,unknown,,BRAND_LICENSED,,1,,,13.19,lcv,seeded_fallback,2026-08-01T13:27:01.754Z,https://www.indiamart.com/proddetail/acc-concrete-plus-xtra-strong-21534873948.html
p_a86efe3742746f5c,cement,Bangur OPC 53 grade cement — 50 kg bag,Bangur,hyderabad,Construction Material Mart (CM Mart),"Old Malakpet, Hyderabad",IndiaMART,dealer,290.00,bag,290.00,bag,EXCL,18,2523,18.00,12.50,2.00,362.90,362.90,,,unknown,,BRAND_LICENSED,,1,,,27.11,lcv,seeded_fallback,2026-08-01T13:34:01.496Z,https://www.indiamart.com/proddetail/bangur-grade-53-opc-cement-2855745022388.html
p_a86efe3742746f5c,cement,Bangur OPC 53 grade cement — 50 kg bag,Bangur,hyderabad,National Trading Company,"Secunderabad, Dist. Hyderabad",IndiaMART,dealer,295.00,bag,295.00,bag,EXCL,18,2523,22.41,12.50,2.00,362.90,362.90,,,unknown,,BRAND_LICENSED,,1,,,37.35,lcv,seeded_fallback,2026-08-05T06:19:14.348Z,https://www.indiamart.com/proddetail/bangur-power-cement-2852547022133.html
p_a86efe3742746f5c,cement,Bangur OPC 53 grade cement — 50 kg bag,Bangur,hyderabad,Garuda Flyash Brics,Hyderabad,IndiaMART,dealer,280.00,bag,280.00,bag,EXCL,18,2523,18.00,12.50,2.00,362.90,362.90,,,unknown,,BRAND_LICENSED,,1,,,12.77,lcv,seeded_fallback,2026-08-05T06:19:14.348Z,https://www.indiamart.com/proddetail/bangur-shree-opc-53-cement-2858214996012.html
p_a86efe3742746f5c,cement,Bangur OPC 53 grade cement — 50 kg bag,Bangur,hyderabad,Construction Adda,"Medipalli, Hyderabad",IndiaMART,dealer,310.00,bag,310.00,bag,EXCL,18,2523,18.00,12.50,2.00,362.90,362.90,,,unknown,,BRAND_LICENSED,,1,2.7,3,17.14,lcv,computed,2026-08-05T06:19:14.348Z,https://www.indiamart.com/proddetail/construction-bangur-cement-2849248354091.html
p_a86efe3742746f5c,cement,Bangur OPC 53 grade cement — 50 kg bag,Bangur,hyderabad,Manju Marketing,"Jubilee Hills, Hyderabad",IndiaMART,dealer,340.00,bag,340.00,bag,EXCL,18,2523,18.50,12.50,2.00,362.90,362.90,,,unknown,,BRAND_LICENSED,,1,4.5,34,30.83,lcv,computed,2026-08-05T06:19:14.348Z,https://www.indiamart.com/proddetail/bangur-53-grade-cement-opc-22802636630.html
p_a86efe3742746f5c,cement,Bangur OPC 53 grade cement — 50 kg bag,Bangur,hyderabad,Sri Venkateshwara Building Materials,Hyderabad,IndiaMART,dealer,280.00,bag,280.00,bag,EXCL,18,2523,18.00,12.50,2.00,362.90,362.90,,,unknown,,BRAND_LICENSED,,1,,,29.41,lcv,seeded_fallback,2026-08-05T06:19:14.348Z,https://www.indiamart.com/proddetail/bangur-concrete-cement-2859536218355.html
p_a86efe3742746f5c,cement,Bangur OPC 53 grade cement — 50 kg bag,Bangur,hyderabad,Sri Lakshmi Enterprises,Hyderabad,IndiaMART,dealer,285.00,bag,285.00,bag,EXCL,18,2523,18.00,12.50,2.00,362.90,362.90,,,unknown,,BRAND_LICENSED,,1,2.5,2,29.76,lcv,seeded_fallback,2026-08-05T06:19:28.172Z,https://www.indiamart.com/proddetail/bangur-53-grade-opc-cement-2858960568562.html
p_a86efe3742746f5c,cement,Bangur OPC 53 grade cement — 50 kg bag,Bangur,hyderabad,Sri Venkateshwara Building Materials,Hyderabad,IndiaMART,dealer,285.00,bag,285.00,bag,EXCL,18,2523,18.00,12.50,2.00,362.90,362.90,,,unknown,,BRAND_LICENSED,,1,,,29.41,lcv,seeded_fallback,2026-08-01T13:34:15.508Z,https://www.indiamart.com/proddetail/bangur-opc-53-grade-2859536294533.html
p_a86efe3742746f5c,cement,Bangur OPC 53 grade cement — 50 kg bag,Bangur,hyderabad,Modern Marketing Associates,Hyderabad,IndiaMART,dealer,330.00,bag,330.00,bag,EXCL,18,2523,24.40,12.50,2.00,362.90,362.90,,,unknown,,BRAND_LICENSED,,1,,,40.66,lcv,seeded_fallback,2026-08-05T06:19:14.348Z,https://www.indiamart.com/proddetail/bangur-50-kg-opc-cement-2851646102448.html
p_a86efe3742746f5c,cement,Bangur OPC 53 grade cement — 50 kg bag,Bangur,hyderabad,Construction Material Mart (CM Mart),Hyderabad,IndiaMART,dealer,280.00,bag,280.00,bag,EXCL,18,2523,23.67,12.50,2.00,362.90,362.90,,,unknown,,BRAND_LICENSED,,1,5,7,39.45,lcv,seeded_fallback,2026-08-05T06:19:14.348Z,https://www.indiamart.com/proddetail/opc-cement-2857031206588.html
p_d73dea197fe1a8dc,cement,Bharathi OPC 53 grade cement — 50 kg bag,Bharathi,hyderabad,National Trading Company,"Secunderabad, Dist. Hyderabad",IndiaMART,dealer,330.00,bag,330.00,bag,EXCL,18,2523,22.41,12.50,2.00,362.90,362.90,,,unknown,,BRAND_LICENSED,,1,,,37.35,lcv,seeded_fallback,2026-08-05T06:17:43.200Z,https://www.indiamart.com/proddetail/bharathi-opc-cement-2852547022791.html
p_d73dea197fe1a8dc,cement,Bharathi OPC 53 grade cement — 50 kg bag,Bharathi,hyderabad,Sri Durga Ambika Traders,Hyderabad,IndiaMART,dealer,295.00,bag,295.00,bag,EXCL,18,2523,23.74,12.50,2.00,362.90,362.90,,,unknown,,BRAND_LICENSED,,1,,,39.57,lcv,seeded_fallback,2026-08-05T06:17:43.200Z,https://www.indiamart.com/proddetail/50-kg-opc-53-grade-bharathi-cement-2859468525455.html
p_d73dea197fe1a8dc,cement,Bharathi OPC 53 grade cement — 50 kg bag,Bharathi,hyderabad,Sri Lakshmi Enterprises,Hyderabad,IndiaMART,dealer,280.00,bag,280.00,bag,EXCL,18,2523,18.00,12.50,2.00,362.90,362.90,,,unknown,,BRAND_LICENSED,,1,2.5,2,29.76,lcv,seeded_fallback,2026-08-05T06:17:43.200Z,https://www.indiamart.com/proddetail/bharathi-cement-opc-53-2858627077288.html
p_d73dea197fe1a8dc,cement,Bharathi OPC 53 grade cement — 50 kg bag,Bharathi,hyderabad,Sree Lakshmi Steel & Cements,Hyderabad,IndiaMART,dealer,295.00,bag,295.00,bag,EXCL,18,2523,18.00,12.50,2.00,362.90,362.90,,,unknown,,BRAND_LICENSED,,1,3.3,3,18.68,lcv,seeded_fallback,2026-08-05T06:17:43.200Z,https://www.indiamart.com/proddetail/bharathi-cement-opc-53-22988976562.html
p_d73dea197fe1a8dc,cement,Bharathi OPC 53 grade cement — 50 kg bag,Bharathi,hyderabad,G S R Marketig Limited,"Nallakunta, Hyderabad",IndiaMART,dealer,300.00,bag,300.00,bag,EXCL,18,2523,18.00,12.50,2.00,362.90,362.90,,,unknown,,BRAND_LICENSED,,1,,,23.11,lcv,computed,2026-08-05T06:17:43.200Z,https://www.indiamart.com/proddetail/bharathi-opc-53-grade-cement-23551722830.html
p_d73dea197fe1a8dc,cement,Bharathi OPC 53 grade cement — 50 kg bag,Bharathi,hyderabad,Tirumala Steel & Cements,Hyderabad,IndiaMART,dealer,340.00,bag,340.00,bag,EXCL,18,2523,18.00,12.50,2.00,362.90,362.90,,,unknown,,BRAND_LICENSED,,1,3.7,55,26.09,lcv,seeded_fallback,2026-08-05T06:17:43.200Z,https://www.indiamart.com/proddetail/bharthi-cement-21638949062.html
p_d73dea197fe1a8dc,cement,Bharathi OPC 53 grade cement — 50 kg bag,Bharathi,hyderabad,Sri Lakshmi Enterprises,Hyderabad,IndiaMART,dealer,290.00,bag,290.00,bag,EXCL,18,2523,18.00,12.50,2.00,362.90,362.90,,,unknown,,BRAND_LICENSED,,1,2.5,2,29.76,lcv,seeded_fallback,2026-08-05T06:14:55.498Z,https://www.indiamart.com/proddetail/bharathi-opc-53-grade-ordinary-portland-cement-2858949284948.html
p_a253ffe6a4c9a226,cement,JK OPC 43 grade cement — 50 kg bag,JK,hyderabad,MNR Agencies,"Secunderabad, Dist. Hyderabad",IndiaMART,dealer,500.00,bag,500.00,bag,EXCL,18,2523,18.00,12.50,2.00,362.90,362.90,,,unknown,,BRAND_LICENSED,,1,,,13.32,lcv,seeded_fallback,2026-08-05T06:19:00.303Z,https://www.indiamart.com/proddetail/jk-super-protect-cement-2859172978012.html
p_a253ffe6a4c9a226,cement,JK OPC 43 grade cement — 50 kg bag,JK,hyderabad,Sowmya Building Material Suppliers,Hyderabad,IndiaMART,dealer,325.00,bag,325.00,bag,EXCL,18,2523,19.80,12.50,2.00,362.90,362.90,,,unknown,,BRAND_LICENSED,,1,,,33,lcv,seeded_fallback,2026-08-05T06:19:00.303Z,https://www.indiamart.com/proddetail/jk-opc-43-super-cement-2852717856055.html
p_a253ffe6a4c9a226,cement,JK OPC 43 grade cement — 50 kg bag,JK,hyderabad,Sai Cements & Building Products,Hyderabad,IndiaMART,dealer,415.00,bag,415.00,bag,EXCL,18,2523,18.00,12.50,2.00,362.90,362.90,,,unknown,,BRAND_LICENSED,,1,,,18.6,lcv,seeded_fallback,2026-08-01T13:33:47.474Z,https://www.indiamart.com/proddetail/jk-super-opc-43-cement-2853040643833.html
p_a253ffe6a4c9a226,cement,JK OPC 43 grade cement — 50 kg bag,JK,hyderabad,Mahalaxmi Traders,Hyderabad,IndiaMART,dealer,280.00,bag,280.00,bag,EXCL,18,2523,18.00,12.50,2.00,362.90,362.90,,,unknown,,BRAND_LICENSED,,1,,,13.19,lcv,seeded_fallback,2026-08-05T06:14:49.087Z,https://www.indiamart.com/proddetail/43-grade-opc-cement-2854208357730.html
p_ae32f0028441d1b2,cement,JSW Concreel OPC cement — 50 kg bag,JSW Concreel,hyderabad,Sri Balaji Steel And Cement Traders,"Badangpet, Hyderabad",IndiaMART,dealer,280.00,bag,280.00,bag,EXCL,18,2523,18.00,12.50,2.00,362.90,362.90,,,unknown,,BRAND_LICENSED,,1,,,10.89,lcv,seeded_fallback,2026-08-05T06:17:22.100Z,https://www.indiamart.com/proddetail/jsw-concreel-hd-grade-cement-2857790242412.html
p_17488245d1ad9875,cement,KCP OPC 53 grade cement — 50 kg bag,KCP,hyderabad,Srinivasa Steel Traders,Hyderabad,IndiaMART,dealer,280.00,bag,280.00,bag,EXCL,18,2523,18.00,12.50,2.00,362.90,362.90,,,unknown,,BRAND_LICENSED,,1,,,18.56,lcv,seeded_fallback,2026-08-05T06:13:00.185Z,https://www.indiamart.com/proddetail/kcp-opc-53-grade-cement-2855391588791.html
p_17488245d1ad9875,cement,KCP OPC 53 grade cement — 50 kg bag,KCP,hyderabad,Sri Sai JNR Buildpro,Hyderabad,IndiaMART,dealer,350.00,bag,350.00,bag,EXCL,18,2523,18.00,12.50,2.00,362.90,362.90,,,unknown,,BRAND_LICENSED,,1,4.1,9,21.47,lcv,seeded_fallback,2026-08-05T06:13:00.185Z,https://www.indiamart.com/proddetail/kcp-opc-53-grade-cement-2857133915455.html
p_17488245d1ad9875,cement,KCP OPC 53 grade cement — 50 kg bag,KCP,hyderabad,Sri Sai Steel And Cement,Hyderabad,IndiaMART,dealer,450.00,bag,450.00,bag,EXCL,18,2523,18.00,12.50,2.00,362.90,362.90,,,unknown,,BRAND_LICENSED,,1,,,21.28,lcv,seeded_fallback,2026-08-05T06:13:00.185Z,https://www.indiamart.com/proddetail/kcp-opc-53-grade-cement-2855348948912.html
p_17488245d1ad9875,cement,KCP OPC 53 grade cement — 50 kg bag,KCP,hyderabad,Adinath Polyvinyls,"Secunderabad, Dist. Hyderabad",IndiaMART,dealer,280.00,bag,280.00,bag,EXCL,18,2523,18.00,12.50,2.00,362.90,362.90,,,unknown,,BRAND_LICENSED,,1,3.1,8,23.24,lcv,seeded_fallback,2026-08-05T06:13:00.185Z,https://www.indiamart.com/proddetail/kcp-opc-53-grade-cement-26561865512.html
p_17488245d1ad9875,cement,KCP OPC 53 grade cement — 50 kg bag,KCP,hyderabad,Sri Balaji Steel And Cement Traders,"Badangpet, Hyderabad",IndiaMART,dealer,295.00,bag,295.00,bag,EXCL,18,2523,18.00,12.50,2.00,362.90,362.90,,,unknown,,BRAND_LICENSED,,1,,,10.89,lcv,seeded_fallback,2026-08-05T06:13:00.185Z,https://www.indiamart.com/proddetail/kcp-opc-53-grade-super-sreshtaa-cement-2857789904848.html
p_17488245d1ad9875,cement,KCP OPC 53 grade cement — 50 kg bag,KCP,hyderabad,Mahalaxmi Traders,Hyderabad,IndiaMART,dealer,295.00,bag,295.00,bag,EXCL,18,2523,18.00,12.50,2.00,362.90,362.90,,,unknown,,BRAND_LICENSED,,1,,,13.19,lcv,seeded_fallback,2026-08-05T06:13:00.185Z,https://www.indiamart.com/proddetail/kcp-opc-53-grade-cement-21611596191.html
p_17488245d1ad9875,cement,KCP OPC 53 grade cement — 50 kg bag,KCP,hyderabad,Aaral Marketing,Hyderabad,IndiaMART,dealer,295.00,bag,295.00,bag,EXCL,18,2523,18.00,12.50,2.00,362.90,362.90,,,unknown,,BRAND_LICENSED,,1,4.3,93,29.61,lcv,seeded_fallback,2026-08-05T06:13:00.185Z,https://www.indiamart.com/proddetail/kcp-opc-cement-21447059991.html
p_090e4dacca2fa7fe,cement,MP Birla Perfect Plus OPC cement — 50 kg bag,MP Birla Perfect Plus,hyderabad,Sree Associates,"Somajiguda, Hyderabad",IndiaMART,dealer,280.00,bag,280.00,bag,EXCL,18,2523,18.00,12.50,2.00,362.90,362.90,,,unknown,,BRAND_LICENSED,,1,4.3,6,23.44,lcv,seeded_fallback,2026-08-05T06:18:53.192Z,https://www.indiamart.com/proddetail/mp-birla-perfect-plus-cement-2858189329812.html
p_1e589378723914ec,cement,MP Birla Samrat OPC 33 grade cement — 50 kg bag,MP Birla Samrat,hyderabad,Swastik Steel Udyog,Hyderabad,IndiaMART,dealer,280.00,bag,280.00,bag,EXCL,18,2523,18.00,12.50,2.00,362.90,362.90,,,unknown,,BRAND_LICENSED,,1,,,6.05,lcv,seeded_fallback,2026-08-05T06:18:32.283Z,https://www.indiamart.com/proddetail/mp-birla-samrat-cement-19726911530.html
p_232887be2cea9e19,cement,Parasakti OPC 53 grade cement — 50 kg bag,Parasakti,hyderabad,J B Steels And Cement Traders,Hyderabad,IndiaMART,dealer,280.00,bag,280.00,bag,EXCL,18,2523,18.00,12.50,2.00,362.90,362.90,,,unknown,,BRAND_LICENSED,,1,,,20.18,lcv,seeded_fallback,2026-08-05T06:13:00.185Z,https://www.indiamart.com/proddetail/parasakti-opc-53-grade-cement-2849670881433.html
p_232887be2cea9e19,cement,Parasakti OPC 53 grade cement — 50 kg bag,Parasakti,hyderabad,PSK Building Solutions Pvt. Ltd.,Hyderabad,IndiaMART,dealer,310.00,bag,310.00,bag,EXCL,18,2523,18.00,12.50,2.00,362.90,362.90,,,unknown,,BRAND_LICENSED,,1,3.9,35,10.1,lcv,seeded_fallback,2026-08-05T06:13:00.185Z,https://www.indiamart.com/proddetail/parasakti-cement-opc-53-grade-2849011775830.html
p_4dc027bcaee2aaaa,cement,Maha OPC 53 grade cement — 50 kg bag,Maha,hyderabad,NSB Traders,"Kukatpally, Hyderabad",IndiaMART,dealer,290.00,bag,290.00,bag,EXCL,18,2523,18.00,12.50,2.00,366.44,366.44,,,unknown,,BRAND_LICENSED,,1,,,12.17,lcv,computed,2026-08-05T06:13:00.185Z,https://www.indiamart.com/proddetail/50-kg-maha-opc-53-grade-cement-2855350928697.html
p_4dc027bcaee2aaaa,cement,Maha OPC 53 grade cement — 50 kg bag,Maha,hyderabad,Sri Balaji Steel And Cement Traders,"Badangpet, Hyderabad",IndiaMART,dealer,283.00,bag,283.00,bag,EXCL,18,2523,18.00,12.50,2.00,366.44,366.44,,,unknown,,BRAND_LICENSED,,1,,,10.89,lcv,seeded_fallback,2026-08-01T13:27:19.336Z,https://www.indiamart.com/proddetail/maha-opc-53-grade-cement-2857764000788.html
p_4dc027bcaee2aaaa,cement,Maha OPC 53 grade cement — 50 kg bag,Maha,hyderabad,PSK Building Solutions Pvt. Ltd.,Hyderabad,IndiaMART,dealer,330.00,bag,330.00,bag,EXCL,18,2523,18.00,12.50,2.00,366.44,366.44,,,unknown,,BRAND_LICENSED,,1,3.9,35,10.1,lcv,seeded_fallback,2026-08-05T06:14:34.067Z,https://www.indiamart.com/proddetail/maha-opc-53-cement-2857222419497.html
p_0030991b2f6fde7b,cement,Chettinad OPC 53 grade cement — 50 kg bag,Chettinad,hyderabad,BigBMart,Hyderabad,BigBMart,platform,335.00,bag,335.00,bag,INCL,18,2523,22.67,12.50,2.00,367.11,367.11,,,unknown,,BRAND_LICENSED,,1,,,37.78,lcv,seeded_fallback,2026-08-01T00:00:00.000Z,https://bigbmart.com/product/chettinad-53-grade-opc-cement/
p_0030991b2f6fde7b,cement,Chettinad OPC 53 grade cement — 50 kg bag,Chettinad,hyderabad,Narender Enterprises,Hyderabad,IndiaMART,dealer,280.00,bag,280.00,bag,EXCL,18,2523,22.21,12.50,2.00,367.11,367.11,,,unknown,,BRAND_LICENSED,,1,,,37.02,lcv,seeded_fallback,2026-08-05T06:14:55.498Z,https://www.indiamart.com/proddetail/portland-cement-2851476288997.html
p_c6bd5fd87497e194,cement,Coromandel PPC cement — 50 kg bag,Coromandel,hyderabad,BigBMart,Hyderabad,BigBMart,platform,330.00,bag,330.00,bag,INCL,18,2523,22.67,12.50,2.00,367.17,367.17,,,unknown,,BRAND_LICENSED,,1,,,37.78,lcv,seeded_fallback,2026-08-01T00:00:00.000Z,https://bigbmart.com/product/coromandel-king-ppc-cement/
p_424a4b692b8ca58c,cement,Dalmia OPC cement — 50 kg bag,Dalmia,hyderabad,BigBMart,Hyderabad,BigBMart,platform,330.00,bag,330.00,bag,INCL,18,2523,22.67,12.50,2.00,367.17,367.17,,,unknown,,BRAND_LICENSED,,1,,,37.78,lcv,seeded_fallback,2026-08-01T00:00:00.000Z,https://bigbmart.com/product/dalmia-opc-cement/
p_1d851163194f2051,cement,Unbranded OPC cement — 50 kg bag,,hyderabad,Varun Traders,Hyderabad,IndiaMART,dealer,285.00,bag,285.00,bag,EXCL,18,2523,18.00,12.50,2.00,368.80,368.80,,,unknown,,NOT_DECLARED,,1,4,58,9.03,lcv,seeded_fallback,2026-08-05T06:15:15.904Z,https://www.indiamart.com/proddetail/bharthi-ultrafast-cement-21649308591.html
p_60ccf9add0620322,cement,Bharathi Ultrafast PPC 53 grade cement — 50 kg bag,Bharathi Ultrafast,hyderabad,Mahalaxmi Traders,Hyderabad,IndiaMART,dealer,285.00,bag,285.00,bag,EXCL,18,2523,18.00,12.50,2.00,368.80,368.80,,,unknown,,BRAND_LICENSED,,1,,,13.19,lcv,seeded_fallback,2026-08-05T06:18:04.137Z,https://www.indiamart.com/proddetail/bharathi-ultrafast-cement-21820145033.html
p_60ccf9add0620322,cement,Bharathi Ultrafast PPC 53 grade cement — 50 kg bag,Bharathi Ultrafast,hyderabad,Moin Cement Agencies,"Bahadurpura, Hyderabad",IndiaMART,dealer,365.00,bag,365.00,bag,EXCL,18,2523,18.00,12.50,2.00,368.80,368.80,,,unknown,,BRAND_LICENSED,,1,,,24.01,lcv,seeded_fallback,2026-08-05T06:17:43.200Z,https://www.indiamart.com/proddetail/bharathi-ultrafast-ppc-53-grade-cement-2852688524155.html
p_60ccf9add0620322,cement,Bharathi Ultrafast PPC 53 grade cement — 50 kg bag,Bharathi Ultrafast,hyderabad,NSB Traders,"Kukatpally, Hyderabad",IndiaMART,dealer,295.00,bag,295.00,bag,EXCL,18,2523,18.00,12.50,2.00,368.80,368.80,,,unknown,,BRAND_LICENSED,,1,4.6,5,12.17,lcv,computed,2026-08-05T06:18:11.173Z,https://www.indiamart.com/proddetail/bharathi-ultrafast-cement-2857130599512.html
p_0a5d0d595e35844d,cement,Bharathi Ultrafast OPC 43 grade cement — 50 kg bag,Bharathi Ultrafast,hyderabad,J B Steels And Cement Traders,Hyderabad,IndiaMART,dealer,285.00,bag,285.00,bag,EXCL,18,2523,18.00,12.50,2.00,368.80,368.80,,,unknown,,BRAND_LICENSED,,1,,,20.18,lcv,seeded_fallback,2026-08-05T06:17:43.200Z,https://www.indiamart.com/proddetail/bharathi-ultrafast-cement-2851798688112.html
p_4e9b2ebf958f68dd,cement,Ramco Super OPC 43 grade cement — 50 kg bag,Ramco Super,hyderabad,Sri Lakshmi Enterprises,Hyderabad,IndiaMART,dealer,285.00,bag,285.00,bag,EXCL,18,2523,18.00,12.50,2.00,368.80,368.80,,,unknown,,BRAND_LICENSED,,1,2.5,2,29.76,lcv,seeded_fallback,2026-08-01T04:28:18.875Z,https://www.indiamart.com/proddetail/ramco-superfine-efc-cement-2858960490448.html
p_ed83520918b6cf3b,cement,Ramco Super PSC 53 grade cement — 50 kg bag,Ramco Super,hyderabad,Sri Lakshmi Enterprises,Hyderabad,IndiaMART,dealer,285.00,bag,285.00,bag,EXCL,18,2523,18.00,12.50,2.00,368.80,368.80,,,unknown,,BRAND_LICENSED,,1,2.5,2,29.76,lcv,seeded_fallback,2026-08-02T10:29:47.313Z,https://www.indiamart.com/proddetail/ramco-super-steel-portland-slag-cement-2858960493348.html
p_ab7a3786dc192bff,cement,UltraTech Super PPC cement — 50 kg bag,UltraTech Super,hyderabad,Varun Traders,Hyderabad,IndiaMART,dealer,285.00,bag,285.00,bag,EXCL,18,2523,18.00,12.50,2.00,368.80,368.80,,,unknown,,BRAND_LICENSED,,1,4,58,9.03,lcv,seeded_fallback,2026-08-05T06:14:55.498Z,https://www.indiamart.com/proddetail/ultratech-super-cement-21640145397.html
p_ab7a3786dc192bff,cement,UltraTech Super PPC cement — 50 kg bag,UltraTech Super,hyderabad,MS Traders,Hyderabad,IndiaMART,dealer,340.00,bag,340.00,bag,EXCL,18,2523,18.00,12.50,2.00,368.80,368.80,,,unknown,,BRAND_LICENSED,,1,4.7,7,27.73,lcv,seeded_fallback,2026-08-05T06:12:46.164Z,https://www.indiamart.com/proddetail/ultratech-super-cement-2852553049212.html
p_ab7a3786dc192bff,cement,UltraTech Super PPC cement — 50 kg bag,UltraTech Super,hyderabad,Aaral Marketing,Hyderabad,IndiaMART,dealer,295.00,bag,295.00,bag,EXCL,18,2523,18.00,12.50,2.00,368.80,368.80,,,unknown,,BRAND_LICENSED,,1,,,29.61,lcv,seeded_fallback,2026-08-05T06:12:14.910Z,https://www.indiamart.com/proddetail/ultratech-super-cement-2856821236630.html
p_ab7a3786dc192bff,cement,UltraTech Super PPC cement — 50 kg bag,UltraTech Super,hyderabad,Srinivasa Steel Traders,Hyderabad,IndiaMART,dealer,315.00,bag,315.00,bag,EXCL,18,2523,18.00,12.50,2.00,368.80,368.80,,,unknown,,BRAND_LICENSED,,1,,,18.56,lcv,seeded_fallback,2026-08-05T06:12:19.040Z,https://www.indiamart.com/proddetail/ultratech-super-cement-2855391707048.html
p_ab7a3786dc192bff,cement,UltraTech Super PPC cement — 50 kg bag,UltraTech Super,hyderabad,SV Steel Agencies,Hyderabad,IndiaMART,dealer,300.00,bag,300.00,bag,EXCL,18,2523,21.24,12.50,2.00,368.80,368.80,,,unknown,,BRAND_LICENSED,,1,,,35.4,lcv,seeded_fallback,2026-08-05T06:12:14.910Z,https://www.indiamart.com/proddetail/ultratech-super-cement-2858067743933.html
p_ab7a3786dc192bff,cement,UltraTech Super PPC cement — 50 kg bag,UltraTech Super,hyderabad,NSB Traders,"Kukatpally, Hyderabad",IndiaMART,dealer,285.00,bag,285.00,bag,EXCL,18,2523,18.00,12.50,2.00,368.80,368.80,,,unknown,,BRAND_LICENSED,,1,,,12.17,lcv,computed,2026-08-05T06:12:14.910Z,https://www.indiamart.com/proddetail/aditya-birla-ultratech-super-cement-2855350624091.html
p_ab7a3786dc192bff,cement,UltraTech Super PPC cement — 50 kg bag,UltraTech Super,hyderabad,National Trading Company,"Secunderabad, Dist. Hyderabad",IndiaMART,dealer,335.00,bag,335.00,bag,EXCL,18,2523,22.41,12.50,2.00,368.80,368.80,,,unknown,,BRAND_LICENSED,,1,3.4,44,37.35,lcv,seeded_fallback,2026-08-05T06:12:19.040Z,https://www.indiamart.com/proddetail/ultratech-super-cement-2855849090333.html
p_ab7a3786dc192bff,cement,UltraTech Super PPC cement — 50 kg bag,UltraTech Super,hyderabad,PSK Building Solutions Pvt. Ltd.,Hyderabad,IndiaMART,dealer,330.00,bag,330.00,bag,EXCL,18,2523,18.00,12.50,2.00,368.80,368.80,,,unknown,,BRAND_LICENSED,,1,,,10.1,lcv,seeded_fallback,2026-08-05T06:12:14.910Z,https://www.indiamart.com/proddetail/ultratech-super-cement-2857213729733.html
p_ab7a3786dc192bff,cement,UltraTech Super PPC cement — 50 kg bag,UltraTech Super,hyderabad,Mahalaxmi Traders,Hyderabad,IndiaMART,dealer,285.00,bag,285.00,bag,EXCL,18,2523,18.00,12.50,2.00,368.80,368.80,,,unknown,,BRAND_LICENSED,,1,,,13.19,lcv,seeded_fallback,2026-08-05T06:12:14.910Z,https://www.indiamart.com/proddetail/ultratech-super-cement-2857550691512.html
p_165cb74f36470c12,cement,ACC Concrete Plus OPC 53 grade cement — 50 kg bag,ACC Concrete Plus,hyderabad,Nawanirman Materials And Builders Private Limited,Hyderabad,IndiaMART,dealer,280.00,bag,280.00,bag,EXCL,18,2523,24.47,12.50,2.00,369.30,369.30,,,unknown,,BRAND_LICENSED,,1,,,40.78,lcv,seeded_fallback,2026-08-05T06:12:36.135Z,https://www.indiamart.com/proddetail/acc-concrete-plus-cement-2856567066848.html
p_165cb74f36470c12,cement,ACC Concrete Plus OPC 53 grade cement — 50 kg bag,ACC Concrete Plus,hyderabad,Nawanirman Materials And Builders Private Limited,Hyderabad,IndiaMART,dealer,285.00,bag,285.00,bag,EXCL,18,2523,24.47,12.50,2.00,369.30,369.30,,,unknown,,BRAND_LICENSED,,1,,,40.78,lcv,seeded_fallback,2026-08-05T06:13:00.185Z,https://www.indiamart.com/proddetail/acc-concrete-plus-opc-cement-23639965230.html
p_165cb74f36470c12,cement,ACC Concrete Plus OPC 53 grade cement — 50 kg bag,ACC Concrete Plus,hyderabad,Modern Marketing Associates,Hyderabad,IndiaMART,dealer,280.00,bag,280.00,bag,EXCL,18,2523,24.40,12.50,2.00,369.30,369.30,,,unknown,,BRAND_LICENSED,,1,,,40.66,lcv,seeded_fallback,2026-08-05T06:13:00.185Z,https://www.indiamart.com/proddetail/acc-concrete-plus-opc-cement-23912046230.html
p_dc301041dc4f52be,cement,Unbranded PSC cement — 50 kg bag,,hyderabad,Sri Dattatreya Enterprises,"Secunderabad, Dist. Hyderabad",IndiaMART,dealer,285.00,bag,285.00,bag,EXCL,18,2523,19.28,12.50,2.00,370.08,370.08,,,unknown,,NOT_DECLARED,,1,4.5,6,32.13,lcv,seeded_fallback,2026-08-02T10:33:44.817Z,https://www.indiamart.com/proddetail/shakti-super-concrete-psc-cement-2852752892362.html
p_dc301041dc4f52be,cement,Unbranded PSC cement — 50 kg bag,,hyderabad,MJPR Builders,Hyderabad,IndiaMART,dealer,400.00,bag,400.00,bag,EXCL,18,2523,18.29,12.50,2.00,370.08,370.08,,,unknown,,NOT_DECLARED,,1,,,30.49,lcv,seeded_fallback,2026-08-02T10:33:44.817Z,https://www.indiamart.com/proddetail/portland-slag-cement-2849215682233.html
p_98d8fbc67c46b2f2,cement,UltraTech OPC 43 grade cement — 50 kg bag,UltraTech,hyderabad,Nawanirman Materials And Builders Private Limited,Hyderabad,IndiaMART,dealer,300.00,bag,300.00,bag,EXCL,18,2523,24.47,12.50,2.00,370.69,370.69,,,unknown,,BRAND_LICENSED,,1,,,40.78,lcv,seeded_fallback,2026-08-05T06:12:19.040Z,https://www.indiamart.com/proddetail/ultratech-construction-cement-2858783000297.html
p_98d8fbc67c46b2f2,cement,UltraTech OPC 43 grade cement — 50 kg bag,UltraTech,hyderabad,Shree Ambica Steel Udyog,Hyderabad,IndiaMART,dealer,285.00,bag,285.00,bag,EXCL,18,2523,19.89,12.50,2.00,370.69,370.69,,,unknown,,BRAND_LICENSED,,1,,,33.15,lcv,seeded_fallback,2026-08-05T06:12:24.959Z,https://www.indiamart.com/proddetail/50kg-ultratech-opc-cement-19444776673.html
p_98d8fbc67c46b2f2,cement,UltraTech OPC 43 grade cement — 50 kg bag,UltraTech,hyderabad,Nawanirman Materials And Builders Private Limited,Hyderabad,IndiaMART,dealer,300.00,bag,300.00,bag,EXCL,18,2523,24.47,12.50,2.00,370.69,370.69,,,unknown,,BRAND_LICENSED,,1,,,40.78,lcv,seeded_fallback,2026-08-01T13:26:40.764Z,https://www.indiamart.com/proddetail/50kg-ultratech-opc-cement-23207152097.html
p_98d8fbc67c46b2f2,cement,UltraTech OPC 43 grade cement — 50 kg bag,UltraTech,hyderabad,Midhun Steel Traders,Hyderabad,IndiaMART,dealer,365.00,bag,365.00,bag,EXCL,18,2523,24.37,12.50,2.00,370.69,370.69,,,unknown,,BRAND_LICENSED,,1,,,40.62,lcv,seeded_fallback,2026-08-05T06:13:00.185Z,https://www.indiamart.com/proddetail/ultratech-opc-43-grade-cement-26438826662.html
p_98d8fbc67c46b2f2,cement,UltraTech OPC 43 grade cement — 50 kg bag,UltraTech,hyderabad,Manikanta Cement Agency,Hyderabad,IndiaMART,dealer,345.00,bag,345.00,bag,EXCL,18,2523,19.90,12.50,2.00,370.69,370.69,,,unknown,,BRAND_LICENSED,,1,,,33.16,lcv,seeded_fallback,2026-08-05T06:14:49.087Z,https://www.indiamart.com/proddetail/ultratech-opc-43-grade-cement-2850676881262.html
p_744fe96e87273ff1,cement,Bhavya PPC cement — 50 kg bag,Bhavya,hyderabad,BigBMart,Hyderabad,BigBMart,platform,335.00,bag,335.00,bag,INCL,18,2523,22.67,12.50,2.00,372.17,372.17,,,unknown,,BRAND_LICENSED,,1,,,37.78,lcv,seeded_fallback,2026-08-01T00:00:00.000Z,https://bigbmart.com/product/bhavya-ppc-cement/
p_990e22f592244167,cement,Birla Gold PPC cement — 50 kg bag,Birla Gold,hyderabad,BigBMart,Hyderabad,BigBMart,platform,335.00,bag,335.00,bag,INCL,18,2523,22.67,12.50,2.00,372.17,372.17,,,unknown,,BRAND_LICENSED,,1,,,37.78,lcv,seeded_fallback,2026-08-01T00:00:00.000Z,https://bigbmart.com/product/birla-gold-ppc-cement/
p_f547463287a320fa,cement,ACC Concrete Plus Xtra Strong OPC cement — 50 kg bag,ACC Concrete Plus Xtra Strong,hyderabad,Bhaiya Enterprises,Hyderabad,IndiaMART,dealer,290.00,bag,290.00,bag,EXCL,18,2523,18.00,12.50,2.00,374.70,374.70,,,unknown,,BRAND_LICENSED,,1,,,25.31,lcv,seeded_fallback,2026-08-05T06:12:32.085Z,https://www.indiamart.com/proddetail/acc-concrete-plus-xtra-strong-cement-25295208730.html
p_d76e2dd5a825e0b7,cement,Ambuja OPC 43 grade cement — 50 kg bag,Ambuja,hyderabad,Trimurthi Cement Distributors,Hyderabad,IndiaMART,dealer,290.00,bag,290.00,bag,EXCL,18,2523,18.00,12.50,2.00,374.70,374.70,,,unknown,,BRAND_LICENSED,,1,3.7,7,7.73,lcv,seeded_fallback,2026-08-05T06:15:22.953Z,https://www.indiamart.com/proddetail/ambuja-cement-2854503905812.html
p_d76e2dd5a825e0b7,cement,Ambuja OPC 43 grade cement — 50 kg bag,Ambuja,hyderabad,G K R Traders,Hyderabad,IndiaMART,dealer,300.00,bag,300.00,bag,EXCL,18,2523,18.00,12.50,2.00,374.70,374.70,,,unknown,,BRAND_LICENSED,,1,,,21.08,lcv,seeded_fallback,2026-08-05T06:15:22.953Z,https://www.indiamart.com/proddetail/ambuja-cement-plus-2854944378891.html
p_b1ab196ab4907942,cement,Bangur Magna OPC 53 grade cement — 50 kg bag,Bangur Magna,hyderabad,Construction Material Mart (CM Mart),"Old Malakpet, Hyderabad",IndiaMART,dealer,290.00,bag,290.00,bag,EXCL,18,2523,18.00,12.50,2.00,374.70,374.70,,,unknown,,BRAND_LICENSED,,1,,,27.11,lcv,seeded_fallback,2026-08-01T13:34:22.622Z,https://www.indiamart.com/proddetail/bangur-magna-grade-53-cement-2855725767188.html
p_1afce59fb0090cca,cement,Bangur Rockstrong OPC 53 grade cement — 50 kg bag,Bangur Rockstrong,hyderabad,Aaral Marketing,Hyderabad,IndiaMART,dealer,290.00,bag,290.00,bag,EXCL,18,2523,18.00,12.50,2.00,374.70,374.70,,,unknown,,BRAND_LICENSED,,1,,,29.61,lcv,seeded_fallback,2026-08-05T06:19:28.172Z,https://www.indiamart.com/proddetail/bangur-rockstrong-opc-53-2858087950188.html
p_00d314f9022f2628,cement,Bharathi OPC cement — 50 kg bag,Bharathi,hyderabad,Navkar Steel And Cement,"Alwal, Hyderabad",IndiaMART,dealer,290.00,bag,290.00,bag,EXCL,18,2523,18.00,12.50,2.00,374.70,374.70,,,unknown,,BRAND_LICENSED,,1,,,13.81,lcv,computed,2026-08-05T06:17:43.200Z,https://www.indiamart.com/proddetail/bharathi-opc-cement-23765269888.html
p_5ca7c93796a651f9,cement,CCI OPC 53 grade cement — 50 kg bag,CCI,hyderabad,Aaral Marketing,Hyderabad,IndiaMART,dealer,290.00,bag,290.00,bag,EXCL,18,2523,18.00,12.50,2.00,374.70,374.70,,,unknown,,BRAND_LICENSED,,1,4.3,93,29.61,lcv,seeded_fallback,2026-08-05T06:14:34.067Z,https://www.indiamart.com/proddetail/cci-cement-grade-53-opc-22604455155.html
p_5ca7c93796a651f9,cement,CCI OPC 53 grade cement — 50 kg bag,CCI,hyderabad,Mahalaxmi Traders,Hyderabad,IndiaMART,dealer,295.00,bag,295.00,bag,EXCL,18,2523,18.00,12.50,2.00,374.70,374.70,,,unknown,,BRAND_LICENSED,,1,,,13.19,lcv,seeded_fallback,2026-08-05T06:14:40.956Z,https://www.indiamart.com/proddetail/cci-opc-53-grade-cement-22317660262.html
p_5ca7c93796a651f9,cement,CCI OPC 53 grade cement — 50 kg bag,CCI,hyderabad,National Trading Company,"Secunderabad, Dist. Hyderabad",IndiaMART,dealer,310.00,bag,310.00,bag,EXCL,18,2523,22.41,12.50,2.00,374.70,374.70,,,unknown,,BRAND_LICENSED,,1,3.4,44,37.35,lcv,seeded_fallback,2026-08-05T06:13:00.185Z,https://www.indiamart.com/proddetail/cci-opc-53-grade-cement-2852547022062.html
p_5ca7c93796a651f9,cement,CCI OPC 53 grade cement — 50 kg bag,CCI,hyderabad,Manju Marketing,"Jubilee Hills, Hyderabad",IndiaMART,dealer,315.00,bag,315.00,bag,EXCL,18,2523,18.50,12.50,2.00,374.70,374.70,,,unknown,,BRAND_LICENSED,,1,4.5,34,30.83,lcv,computed,2026-08-05T06:14:34.067Z,https://www.indiamart.com/proddetail/cci-grade-53-opc-cement-22802651273.html
p_5ca7c93796a651f9,cement,CCI OPC 53 grade cement — 50 kg bag,CCI,hyderabad,Nawanirman Materials And Builders Private Limited,Hyderabad,IndiaMART,dealer,285.00,bag,285.00,bag,EXCL,18,2523,24.47,12.50,2.00,374.70,374.70,,,unknown,,BRAND_LICENSED,,1,,,40.78,lcv,seeded_fallback,2026-08-05T06:14:40.956Z,https://www.indiamart.com/proddetail/cci-opc-53-grade-cement-23639998997.html
p_5ca7c93796a651f9,cement,CCI OPC 53 grade cement — 50 kg bag,CCI,hyderabad,Nawanirman Materials And Builders Private Limited,Hyderabad,IndiaMART,dealer,285.00,bag,285.00,bag,EXCL,18,2523,24.47,12.50,2.00,374.70,374.70,,,unknown,,BRAND_LICENSED,,1,,,40.78,lcv,seeded_fallback,2026-08-01T04:24:56.565Z,https://www.indiamart.com/proddetail/cci-opc-53-grade-cement-25933980148.html
p_5ca7c93796a651f9,cement,CCI OPC 53 grade cement — 50 kg bag,CCI,hyderabad,Asian Enterprises,"Toli Chowki, Hyderabad",IndiaMART,dealer,320.00,bag,320.00,bag,EXCL,18,2523,22.09,12.50,2.00,374.70,374.70,,,unknown,,BRAND_LICENSED,,1,3.8,12,36.81,lcv,seeded_fallback,2026-08-02T10:33:16.768Z,https://www.indiamart.com/proddetail/cci-cement-24277440748.html
p_287e049dbbddf7c7,cement,Dalmia OPC 43 grade cement — 50 kg bag,Dalmia,hyderabad,S A Patel And Co,"Amberpet, Hyderabad",IndiaMART,dealer,290.00,bag,290.00,bag,EXCL,18,2523,18.00,12.50,2.00,374.70,374.70,,,unknown,,BRAND_LICENSED,,1,4.5,10,15.79,lcv,seeded_fallback,2026-08-05T06:15:51.048Z,https://www.indiamart.com/proddetail/dalmia-cement-2854616377488.html
p_090aa562175e18a9,cement,KCP OPC 43 grade cement — 50 kg bag,KCP,hyderabad,G S R Marketig Limited,"Nallakunta, Hyderabad",IndiaMART,dealer,290.00,bag,290.00,bag,EXCL,18,2523,18.00,12.50,2.00,374.70,374.70,,,unknown,,BRAND_LICENSED,,1,,,23.11,lcv,computed,2026-08-05T06:13:00.185Z,https://www.indiamart.com/proddetail/kcp-cement-opc-23554288997.html
p_090aa562175e18a9,cement,KCP OPC 43 grade cement — 50 kg bag,KCP,hyderabad,NSB Traders,"Kukatpally, Hyderabad",IndiaMART,dealer,290.00,bag,290.00,bag,EXCL,18,2523,18.00,12.50,2.00,374.70,374.70,,,unknown,,BRAND_LICENSED,,1,4.6,5,12.17,lcv,computed,2026-08-05T06:12:46.164Z,https://www.indiamart.com/proddetail/kcp-super-sreshtaa-2856435609755.html
p_f36b2be3a0b74815,cement,Ramco Supercrete OPC cement — 50 kg bag,Ramco Supercrete,hyderabad,Sri Srinivasa Traders,"Pedda Amberpet, Rangareddy",IndiaMART,dealer,290.00,bag,290.00,bag,EXCL,18,2523,18.00,12.50,2.00,374.70,374.70,,,unknown,,BRAND_LICENSED,,1,,,8.92,lcv,seeded_fallback,2026-08-02T10:33:16.768Z,https://www.indiamart.com/proddetail/ramco-supercrete-cement-26282898562.html
p_3e742cf688e18d65,cement,Shree Jung Rodhak OPC cement — 50 kg bag,Shree Jung Rodhak,hyderabad,Madhav Marketing Services,Hyderabad,IndiaMART,dealer,290.00,bag,290.00,bag,EXCL,18,2523,18.00,12.50,2.00,374.70,374.70,,,unknown,,BRAND_LICENSED,,1,,,10.14,lcv,seeded_fallback,2026-08-05T06:19:42.606Z,https://www.indiamart.com/proddetail/50-kg-shree-jung-rodhak-cement-26270918530.html
p_c89f72bbe4b19269,cement,ACC Suraksha Power OPC cement — 50 kg bag,ACC Suraksha Power,hyderabad,BigBMart,Hyderabad,BigBMart,platform,340.00,bag,340.00,bag,INCL,18,2523,22.67,12.50,2.00,377.18,377.18,,,unknown,,BRAND_LICENSED,,1,,,37.78,lcv,seeded_fallback,2026-08-01T00:00:00.000Z,https://bigbmart.com/product/acc-suraksha-power-plus-cement/
p_aa059013a9acc392,cement,Deccan OPC cement — 50 kg bag,Deccan,hyderabad,BigBMart,Hyderabad,BigBMart,platform,340.00,bag,340.00,bag,INCL,18,2523,22.67,12.50,2.00,377.18,377.18,,,unknown,,BRAND_LICENSED,,1,,,37.78,lcv,seeded_fallback,2026-08-01T00:00:00.000Z,https://bigbmart.com/product/deccan-opc-cement/
p_9ef6abd932d16794,cement,UltraTech OPC 53 grade cement — 50 kg bag,UltraTech,hyderabad,R. K. Agencies,"Sanjeev Reddy Nagar, Hyderabad",IndiaMART,dealer,320.00,bag,320.00,bag,EXCL,18,2523,21.06,12.50,2.00,380.44,380.44,,,unknown,,BRAND_LICENSED,,1,4.3,29,35.1,lcv,seeded_fallback,2026-08-05T06:18:11.173Z,https://www.indiamart.com/proddetail/cement-2855405376548.html
p_9ef6abd932d16794,cement,UltraTech OPC 53 grade cement — 50 kg bag,UltraTech,hyderabad,"VA Trading Company, VA Roadlines, Miracle Properties",Deals in Hyderabad,IndiaMART,dealer,380.00,bag,380.00,bag,EXCL,18,2523,18.00,12.50,2.00,380.44,380.44,,,unknown,,BRAND_LICENSED,,1,,,16.36,lcv,seeded_fallback,2026-08-01T04:29:58.390Z,https://www.indiamart.com/proddetail/ultratech-cement-opc-53-2856485006673.html
p_9ef6abd932d16794,cement,UltraTech OPC 53 grade cement — 50 kg bag,UltraTech,hyderabad,"VA Trading Company, VA Roadlines, Miracle Properties",Deals in Hyderabad,IndiaMART,dealer,380.00,bag,380.00,bag,EXCL,18,2523,18.00,12.50,2.00,380.44,380.44,,,unknown,,BRAND_LICENSED,,1,,,16.36,lcv,seeded_fallback,2026-08-05T06:18:11.173Z,https://www.indiamart.com/proddetail/53-grade-opc-cement-2858958515597.html
p_9ef6abd932d16794,cement,UltraTech OPC 53 grade cement — 50 kg bag,UltraTech,hyderabad,PSK Building Solutions Pvt. Ltd.,Hyderabad,IndiaMART,dealer,350.00,bag,350.00,bag,EXCL,18,2523,18.00,12.50,2.00,380.44,380.44,,,unknown,,BRAND_LICENSED,,1,3.9,35,10.1,lcv,seeded_fallback,2026-08-05T06:12:19.040Z,https://www.indiamart.com/proddetail/ultratech-opc-53-grade-cement-2849011775473.html
p_9ef6abd932d16794,cement,UltraTech OPC 53 grade cement — 50 kg bag,UltraTech,hyderabad,Manju Marketing,"Jubilee Hills, Hyderabad",IndiaMART,dealer,350.00,bag,350.00,bag,EXCL,18,2523,18.50,12.50,2.00,380.44,380.44,,,unknown,,BRAND_LICENSED,,1,4.5,34,30.83,lcv,computed,2026-08-05T06:12:19.040Z,https://www.indiamart.com/proddetail/ultratech-cement-2849551610230.html
p_9ef6abd932d16794,cement,UltraTech OPC 53 grade cement — 50 kg bag,UltraTech,hyderabad,Sri Durga Ambika Traders,Hyderabad,IndiaMART,dealer,290.00,bag,290.00,bag,EXCL,18,2523,23.74,12.50,2.00,380.44,380.44,,,unknown,,BRAND_LICENSED,,1,,,39.57,lcv,seeded_fallback,2026-08-05T06:12:14.910Z,https://www.indiamart.com/proddetail/50-kg-opc-53-grade-ultratech-cement-2859468157948.html
p_9ef6abd932d16794,cement,UltraTech OPC 53 grade cement — 50 kg bag,UltraTech,hyderabad,Buildenza,"Kondapur, Hyderabad",IndiaMART,dealer,355.00,bag,355.00,bag,EXCL,18,2523,18.00,12.50,2.00,380.44,380.44,,,unknown,,BRAND_LICENSED,,1,,,21.41,lcv,seeded_fallback,2026-08-05T06:12:14.910Z,https://www.indiamart.com/proddetail/50-kg-ultratech-53-grade-opc-cement-2859207692912.html
p_9ef6abd932d16794,cement,UltraTech OPC 53 grade cement — 50 kg bag,UltraTech,hyderabad,Mahalaxmi Traders,Hyderabad,IndiaMART,dealer,300.00,bag,300.00,bag,EXCL,18,2523,18.00,12.50,2.00,380.44,380.44,,,unknown,,BRAND_LICENSED,,1,,,13.19,lcv,seeded_fallback,2026-08-01T00:12:29.332Z,https://www.indiamart.com/proddetail/ultratech-cement-53-grade-2857783604648.html
p_9ef6abd932d16794,cement,UltraTech OPC 53 grade cement — 50 kg bag,UltraTech,hyderabad,Srinivasa Steel Traders,Hyderabad,IndiaMART,dealer,315.00,bag,315.00,bag,EXCL,18,2523,18.00,12.50,2.00,380.44,380.44,,,unknown,,BRAND_LICENSED,,1,,,18.56,lcv,seeded_fallback,2026-08-05T06:12:14.910Z,https://www.indiamart.com/proddetail/ultratech-opc-cement-2855223949191.html
p_9ef6abd932d16794,cement,UltraTech OPC 53 grade cement — 50 kg bag,UltraTech,hyderabad,"VA Trading Company, VA Roadlines, Miracle Properties",Deals in Hyderabad,IndiaMART,dealer,381.00,piece,381.00,bag,EXCL,18,2523,18.00,12.50,2.00,380.44,380.44,,,unknown,,BRAND_LICENSED,,1,,,16.36,lcv,seeded_fallback,2026-08-02T10:33:16.768Z,https://www.indiamart.com/proddetail/ultratech-cement-opc-53-grade-24145630762.html
p_500049275aec3fde,cement,Unbranded OPC cement — 50 kg bag,,hyderabad,Sicher Overseas Private Limited,Nizampet,ExportersIndia,dealer,300.00,bag,300.00,bag,EXCL,18,2523,12.00,12.50,2.00,380.50,380.50,1000,Bag,unknown,,NOT_DECLARED,,1,,,31.73,10_tyre,seeded_fallback,2026-08-05T06:31:31.692Z,https://www.exportersindia.com/product-detail/portland-cement-8298318372.htm
p_cba35194f3bbd033,cement,Bangur Rockstrong PPC cement — 50 kg bag,Bangur Rockstrong,hyderabad,Panchamukhi Cement Agency,"Kukatpally, Hyderabad",IndiaMART,dealer,295.00,bag,295.00,bag,EXCL,18,2523,18.00,12.50,2.00,380.60,380.60,,,unknown,,BRAND_LICENSED,,1,,,12.17,lcv,computed,2026-08-05T06:19:14.348Z,https://www.indiamart.com/proddetail/grey-bangur-rock-strong-opc53-19450646488.html
p_4f9328da18ee7406,cement,Dalmia OPC 33 grade cement — 50 kg bag,Dalmia,hyderabad,Sree Krishna Enterprises,"Secunderabad, Dist. Hyderabad",IndiaMART,dealer,295.00,bag,295.00,bag,EXCL,18,2523,18.00,12.50,2.00,380.60,380.60,,,unknown,,BRAND_LICENSED,,1,,,8.78,lcv,seeded_fallback,2026-08-05T06:15:51.048Z,https://www.indiamart.com/proddetail/50kg-dalmia-rcf-expert-opc-cement-2855583888155.html
p_1aa0ed7697d6a2db,cement,Priya OPC 43 grade cement — 50 kg bag,Priya,hyderabad,Sri Nidhi Traders,Hyderabad,IndiaMART,dealer,296.00,bag,296.00,bag,EXCL,18,2523,18.00,12.50,2.00,381.78,381.78,,,unknown,,BRAND_LICENSED,,1,4,22,23.51,lcv,seeded_fallback,2026-08-02T10:33:23.744Z,https://www.indiamart.com/proddetail/priya-cement-grade-43-2856854654262.html
p_046a03c1447deb92,cement,Unbranded OPC 43 grade cement — 50 kg bag,,hyderabad,Manikanta Cement Agency,"Gachibowli, Hyderabad",IndiaMART,dealer,350.00,bag,350.00,bag,EXCL,18,2523,23.96,12.50,2.00,386.50,386.50,,,unknown,,NOT_DECLARED,,1,,,39.93,lcv,seeded_fallback,2026-08-05T06:17:43.200Z,https://www.indiamart.com/proddetail/bharati-opc-43-grade-cement-2850676881430.html
p_046a03c1447deb92,cement,Unbranded OPC 43 grade cement — 50 kg bag,,hyderabad,Sai Ram Steel Traders,"Ecil, Hyderabad",IndiaMART,dealer,300.00,bag,300.00,bag,EXCL,18,2523,18.00,12.50,2.00,386.50,386.50,,,unknown,,NOT_DECLARED,,1,,,21.64,lcv,seeded_fallback,2026-08-05T06:13:00.185Z,https://www.indiamart.com/proddetail/opc-cement-2854437817630.html
p_046a03c1447deb92,cement,Unbranded OPC 43 grade cement — 50 kg bag,,hyderabad,Sri Venkatasai Steel House,Hyderabad,IndiaMART,dealer,350.00,bag,350.00,bag,EXCL,18,2523,24.91,12.50,2.00,386.50,386.50,,,unknown,,NOT_DECLARED,,1,,,41.52,lcv,seeded_fallback,2026-08-05T06:13:00.185Z,https://www.indiamart.com/proddetail/bharti-opc-43-grade-cement-2853229455248.html
p_f633dae164e34929,cement,Unbranded OPC cement — 50 kg bag,,hyderabad,Mohit Agencies,Hyderabad,IndiaMART,dealer,300.00,bag,300.00,bag,EXCL,18,2523,18.00,12.50,2.00,386.50,386.50,,,unknown,,NOT_DECLARED,,1,,,22.93,lcv,seeded_fallback,2026-08-05T06:16:40.272Z,https://www.indiamart.com/proddetail/50-kg-peena-cement-27552637988.html
p_9811717fd7545f8b,cement,Unbranded OPC cement — 50 kg bag,,hyderabad,S A Patel And Co,"Amberpet, Hyderabad",IndiaMART,dealer,300.00,bag,300.00,bag,EXCL,18,2523,18.00,12.50,2.00,386.50,386.50,,,unknown,,NOT_DECLARED,,1,4.5,10,15.79,lcv,seeded_fallback,2026-08-05T06:14:55.498Z,https://www.indiamart.com/proddetail/portland-cement-2855608619388.html
p_4ee4b0c8d4db6904,cement,ACC OPC 53 grade cement — 50 kg bag,ACC,hyderabad,Samyukta Cement And Steel Traders,Hyderabad,IndiaMART,dealer,300.00,bag,300.00,bag,EXCL,18,2523,18.00,12.50,2.00,386.50,386.50,,,unknown,,BRAND_LICENSED,,1,,,28.78,lcv,seeded_fallback,2026-08-05T06:12:32.085Z,https://www.indiamart.com/proddetail/acc-cement-50kg-2850642615097.html
p_4ee4b0c8d4db6904,cement,ACC OPC 53 grade cement — 50 kg bag,ACC,hyderabad,MS Traders,Hyderabad,IndiaMART,dealer,305.00,bag,305.00,bag,EXCL,18,2523,18.00,12.50,2.00,386.50,386.50,,,unknown,,BRAND_LICENSED,,1,4.7,7,27.73,lcv,seeded_fallback,2026-08-05T06:12:38.992Z,https://www.indiamart.com/proddetail/acc-surakha-cement-2852593160988.html
p_4ee4b0c8d4db6904,cement,ACC OPC 53 grade cement — 50 kg bag,ACC,hyderabad,G S R Marketig Limited,"Nallakunta, Hyderabad",IndiaMART,dealer,300.00,bag,300.00,bag,EXCL,18,2523,18.00,12.50,2.00,386.50,386.50,,,unknown,,BRAND_LICENSED,,1,,,23.11,lcv,computed,2026-08-05T06:12:36.135Z,https://www.indiamart.com/proddetail/acc-cement-50kg-26390992655.html
p_4ee4b0c8d4db6904,cement,ACC OPC 53 grade cement — 50 kg bag,ACC,hyderabad,Sai Balaji Building Material Suppliers,Hyderabad,IndiaMART,dealer,395.00,bag,395.00,bag,EXCL,18,2523,21.02,12.50,2.00,386.50,386.50,,,unknown,,BRAND_LICENSED,,1,5,2,35.04,lcv,seeded_fallback,2026-08-01T13:27:19.336Z,https://www.indiamart.com/proddetail/opc-53-acc-cement-2850371401712.html
p_4ee4b0c8d4db6904,cement,ACC OPC 53 grade cement — 50 kg bag,ACC,hyderabad,Sri Durga Ambika Traders,Hyderabad,IndiaMART,dealer,310.00,bag,310.00,bag,EXCL,18,2523,23.74,12.50,2.00,386.50,386.50,,,unknown,,BRAND_LICENSED,,1,,,39.57,lcv,seeded_fallback,2026-08-01T13:28:53.260Z,https://www.indiamart.com/proddetail/50-kg-opc-53-grade-acc-cement-2859468158055.html
p_4ee4b0c8d4db6904,cement,ACC OPC 53 grade cement — 50 kg bag,ACC,hyderabad,G S R Marketig Limited,"Nallakunta, Hyderabad",IndiaMART,dealer,300.00,bag,300.00,bag,EXCL,18,2523,18.00,12.50,2.00,386.50,386.50,,,unknown,,BRAND_LICENSED,,1,,,23.11,lcv,computed,2026-08-01T13:27:19.336Z,https://www.indiamart.com/proddetail/opc-53-grade-cement-2851916006291.html
p_4ee4b0c8d4db6904,cement,ACC OPC 53 grade cement — 50 kg bag,ACC,hyderabad,Sri Lakshmi Enterprises,Hyderabad,IndiaMART,dealer,325.00,bag,325.00,bag,EXCL,18,2523,18.00,12.50,2.00,386.50,386.50,,,unknown,,BRAND_LICENSED,,1,2.5,2,29.76,lcv,seeded_fallback,2026-08-05T06:12:38.992Z,https://www.indiamart.com/proddetail/acc-super-shaktimaan-cement-2858939420548.html
p_254a84c53ae97a22,cement,ACC Concrete Plus Xtra Strong OPC cement — 50 kg bag,ACC Concrete Plus Xtra Strong,hyderabad,S A Patel And Co,"Amberpet, Hyderabad",IndiaMART,dealer,300.00,bag,300.00,bag,EXCL,18,2523,18.00,12.50,2.00,386.50,386.50,,,unknown,,BRAND_LICENSED,,1,4.5,10,15.79,lcv,seeded_fallback,2026-08-01T13:26:51.243Z,https://www.indiamart.com/proddetail/acc-concrete-plus-xtra-strong-cement-21984117091.html
p_a3d8f2ba4d2ca26c,cement,Bharathi OPC cement — 50 kg bag,Bharathi,hyderabad,Sri Durga Marketing,"Tarnaka, Hyderabad",IndiaMART,dealer,300.00,bag,300.00,bag,EXCL,18,2523,18.00,12.50,2.00,386.50,386.50,,,unknown,,BRAND_LICENSED,,1,,,13.63,lcv,seeded_fallback,2026-08-05T06:14:55.498Z,https://www.indiamart.com/proddetail/bharathi-ordinary-portland-cement-dealers-in-hyderabad-25832161897.html
p_feccc13e623fd5ed,cement,JSW OPC cement — 50 kg bag,JSW,hyderabad,Sree Associates,"Somajiguda, Hyderabad",IndiaMART,dealer,300.00,bag,300.00,bag,EXCL,18,2523,18.00,12.50,2.00,386.50,386.50,,,unknown,,BRAND_LICENSED,,1,4.3,6,23.44,lcv,seeded_fallback,2026-08-05T06:17:22.100Z,https://www.indiamart.com/proddetail/jsw-water-guard-cement-2858085370012.html
p_3d0cd6ee4a2b914b,cement,Lafarge OPC 43 grade cement — 50 kg bag,Lafarge,hyderabad,G S R Marketig Limited,"Nallakunta, Hyderabad",IndiaMART,dealer,300.00,bag,300.00,bag,EXCL,18,2523,18.00,12.50,2.00,386.50,386.50,,,unknown,,BRAND_LICENSED,,1,,,23.11,lcv,computed,2026-08-01T00:14:38.162Z,https://www.indiamart.com/proddetail/lafarge-cement-opc-2853258959155.html
p_50b4466d90341ca1,cement,MP Birla Samrat OPC 53 grade cement — 50 kg bag,MP Birla Samrat,hyderabad,Sri Venkateshwara Traders,Hyderabad,IndiaMART,dealer,300.00,bag,300.00,bag,EXCL,18,2523,18.00,12.50,2.00,386.50,386.50,,,unknown,,BRAND_LICENSED,,1,,,21.49,lcv,seeded_fallback,2026-08-05T06:18:32.283Z,https://www.indiamart.com/proddetail/50kg-mp-birla-samrat-advanced-cement-2854288503048.html
p_ea5f7b3debdb5338,cement,ACC Concrete OPC cement — 50 kg bag,ACC Concrete,hyderabad,BigBMart,Hyderabad,BigBMart,platform,350.00,bag,350.00,bag,INCL,18,2523,22.67,12.50,2.00,387.17,387.17,,,unknown,,BRAND_LICENSED,,1,,,37.78,lcv,seeded_fallback,2026-08-01T00:00:00.000Z,https://bigbmart.com/product/acc-concrete-opc-cement/
p_93f2ae066ebde24b,cement,Ambuja OPC cement — 50 kg bag,Ambuja,hyderabad,BigBMart,Hyderabad,BigBMart,platform,350.00,bag,350.00,bag,INCL,18,2523,22.67,12.50,2.00,387.17,387.17,,,unknown,,BRAND_LICENSED,,1,,,37.78,lcv,seeded_fallback,2026-08-01T00:00:00.000Z,https://bigbmart.com/product/ambuja-opc-cement/
p_bfe1a8a06d88705b,cement,Coromandel OPC cement — 50 kg bag,Coromandel,hyderabad,BigBMart,Hyderabad,BigBMart,platform,350.00,bag,350.00,bag,INCL,18,2523,22.67,12.50,2.00,387.17,387.17,,,unknown,,BRAND_LICENSED,,1,,,37.78,lcv,seeded_fallback,2026-08-01T00:00:00.000Z,https://bigbmart.com/product/coromandel-king-opc-cement/
p_2285e764972efc60,cement,ACC Suraksha Power OPC 53 grade cement — 50 kg bag,ACC Suraksha Power,hyderabad,Mahadev Traders,"Saidabad Colony, Hyderabad",IndiaMART,dealer,340.00,bag,340.00,bag,EXCL,18,2523,18.00,12.50,2.00,389.31,389.31,,,unknown,,BRAND_LICENSED,,1,,,29.02,lcv,computed,2026-08-05T06:12:32.085Z,https://www.indiamart.com/proddetail/acc-suraksha-power-cement-2849240412588.html
p_2285e764972efc60,cement,ACC Suraksha Power OPC 53 grade cement — 50 kg bag,ACC Suraksha Power,hyderabad,Sri Madhav & Company,"Madhapur, Hyderabad",IndiaMART,dealer,300.00,bag,300.00,bag,EXCL,18,2523,20.81,12.50,2.00,389.31,389.31,,,unknown,,BRAND_LICENSED,,1,4.4,20,34.69,lcv,seeded_fallback,2026-08-05T06:12:36.135Z,https://www.indiamart.com/proddetail/acc-suraksha-power-cement-19392636348.html
p_2285e764972efc60,cement,ACC Suraksha Power OPC 53 grade cement — 50 kg bag,ACC Suraksha Power,hyderabad,Sri Lakshmi Enterprises,Hyderabad,IndiaMART,dealer,325.00,bag,325.00,bag,EXCL,18,2523,18.00,12.50,2.00,389.31,389.31,,,unknown,,BRAND_LICENSED,,1,,,29.76,lcv,seeded_fallback,2026-08-01T00:12:50.337Z,https://www.indiamart.com/proddetail/acc-suraksha-power-cement-2858939420333.html
p_ceea19041a2437fc,cement,JK OPC 53 grade cement — 50 kg bag,JK,hyderabad,PSK Building Solutions Pvt. Ltd.,Hyderabad,IndiaMART,dealer,330.00,bag,330.00,bag,EXCL,18,2523,18.00,12.50,2.00,392.40,392.40,,,unknown,,BRAND_LICENSED,,1,,,10.1,lcv,seeded_fallback,2026-08-05T06:19:00.303Z,https://www.indiamart.com/proddetail/jk-super-cement-2857222481891.html
p_ceea19041a2437fc,cement,JK OPC 53 grade cement — 50 kg bag,JK,hyderabad,Sri Venkateshwara Building Materials,Hyderabad,IndiaMART,dealer,305.00,bag,305.00,bag,EXCL,18,2523,18.00,12.50,2.00,392.40,392.40,,,unknown,,BRAND_LICENSED,,1,,,29.41,lcv,seeded_fallback,2026-08-01T13:33:40.480Z,https://www.indiamart.com/proddetail/jk-super-strong-concrete-special-cement-2857913770288.html
p_cd80c88451562ea3,cement,Birla A1 PPC cement — 50 kg bag,Birla A1,hyderabad,BigBMart,Hyderabad,BigBMart,platform,360.00,bag,360.00,bag,INCL,18,2523,22.67,12.50,2.00,397.16,397.16,,,unknown,,BRAND_LICENSED,,1,,,37.78,lcv,seeded_fallback,2026-08-01T00:00:00.000Z,https://bigbmart.com/product/birla-a1-ppc-cement/
p_42f0da04fcfa6760,cement,Birla Gold OPC cement — 50 kg bag,Birla Gold,hyderabad,BigBMart,Hyderabad,BigBMart,platform,360.00,bag,360.00,bag,INCL,18,2523,22.67,12.50,2.00,397.16,397.16,,,unknown,,BRAND_LICENSED,,1,,,37.78,lcv,seeded_fallback,2026-08-01T00:00:00.000Z,https://bigbmart.com/product/birla-gold-opc-cement/
p_c68f7339878940b8,cement,MP Birla Perfect OPC cement — 50 kg bag,MP Birla Perfect,hyderabad,BigBMart,Hyderabad,BigBMart,platform,360.00,bag,360.00,bag,INCL,18,2523,22.67,12.50,2.00,397.16,397.16,,,unknown,,BRAND_LICENSED,,1,,,37.78,lcv,seeded_fallback,2026-08-01T00:00:00.000Z,https://bigbmart.com/product/mp-birla-perfect-cement-concrete-plus/
p_b16ee70709cec09e,cement,ACC Gold Water Shield PPC 53 grade cement — 50 kg bag,ACC Gold Water Shield,hyderabad,Mahalaxmi Traders,Hyderabad,IndiaMART,dealer,310.00,bag,310.00,bag,EXCL,18,2523,18.00,12.50,2.00,398.30,398.30,,,unknown,,BRAND_LICENSED,,1,,,13.19,lcv,seeded_fallback,2026-08-05T06:12:32.085Z,https://www.indiamart.com/proddetail/acc-gold-water-shield-cement-2857003178791.html
p_92f7b7b1253671d7,cement,Dalmia OPC 53 grade cement — 50 kg bag,Dalmia,hyderabad,Manikanta Cement Agency,"Gachibowli, Hyderabad",IndiaMART,dealer,330.00,bag,330.00,bag,EXCL,18,2523,23.96,12.50,2.00,398.30,398.30,,,unknown,,BRAND_LICENSED,,1,,,39.93,lcv,seeded_fallback,2026-08-05T06:15:51.048Z,https://www.indiamart.com/proddetail/dalmia-opc-53-grade-cement-2850044723830.html
p_92f7b7b1253671d7,cement,Dalmia OPC 53 grade cement — 50 kg bag,Dalmia,hyderabad,Sri Ganesh Steel & Cements Gandimaisamma,Hyderabad,IndiaMART,dealer,320.00,bag,320.00,bag,EXCL,18,2523,22.54,12.50,2.00,398.30,398.30,,,unknown,,BRAND_LICENSED,,1,,,37.57,lcv,seeded_fallback,2026-08-05T06:15:51.048Z,https://www.indiamart.com/proddetail/dalmia-opc-cement-2857524889497.html
p_92f7b7b1253671d7,cement,Dalmia OPC 53 grade cement — 50 kg bag,Dalmia,hyderabad,Meenakshi Steel & Cement Traders,Hyderabad,IndiaMART,dealer,310.00,bag,310.00,bag,EXCL,18,2523,18.00,12.50,2.00,398.30,398.30,,,unknown,,BRAND_LICENSED,,1,,,21.19,lcv,seeded_fallback,2026-08-05T06:15:51.048Z,https://www.indiamart.com/proddetail/dalmia-the-rcf-expert-grade-53-cement-2849235168197.html
p_92f7b7b1253671d7,cement,Dalmia OPC 53 grade cement — 50 kg bag,Dalmia,hyderabad,Sri Vigneshwara Traders,"Vikarabad, Dist. Hyderabad",IndiaMART,dealer,310.00,bag,310.00,bag,EXCL,18,2523,18.00,12.50,2.00,398.30,398.30,,,unknown,,BRAND_LICENSED,,1,3.7,3,16.98,lcv,seeded_fallback,2026-08-05T06:15:51.048Z,https://www.indiamart.com/proddetail/dalmia-opc-cement-2852356726333.html
p_3771104fccb5100a,cement,JSW OPC cement — 50 kg bag,JSW,hyderabad,Sri Vigneshwara Traders,"Vikarabad, Dist. Hyderabad",IndiaMART,dealer,310.00,bag,310.00,bag,EXCL,18,2523,18.00,12.50,2.00,398.30,398.30,,,unknown,,BRAND_LICENSED,,1,3.7,3,16.98,lcv,seeded_fallback,2026-08-01T13:31:41.343Z,https://www.indiamart.com/proddetail/jsw-opc-cement-2852356726697.html
p_1177f461397ae017,cement,JSW OPC cement — 50 kg bag,JSW,hyderabad,Sri Sai Thirumala Traders,Hyderabad,IndiaMART,dealer,310.00,bag,310.00,bag,EXCL,18,2523,18.00,12.50,2.00,398.30,398.30,,,unknown,,BRAND_LICENSED,,1,,,8.44,lcv,seeded_fallback,2026-08-02T10:32:34.693Z,https://www.indiamart.com/proddetail/jsw-power-pro-cement-2855658452930.html
p_cdb44b8f2b5a4d14,cement,Penna OPC 43 grade cement — 50 kg bag,Penna,hyderabad,Sai Balaji Steel & Cement,Hyderabad,IndiaMART,dealer,340.00,bag,340.00,bag,EXCL,18,2523,21.44,12.50,2.00,398.30,398.30,,,unknown,,BRAND_LICENSED,,1,4,9,35.73,lcv,seeded_fallback,2026-08-05T06:16:40.272Z,https://www.indiamart.com/proddetail/penna-cement-21475780997.html
p_cdb44b8f2b5a4d14,cement,Penna OPC 43 grade cement — 50 kg bag,Penna,hyderabad,Meenakshi Steel & Cement Traders,Hyderabad,IndiaMART,dealer,310.00,bag,310.00,bag,EXCL,18,2523,18.00,12.50,2.00,398.30,398.30,,,unknown,,BRAND_LICENSED,,1,,,21.19,lcv,seeded_fallback,2026-08-05T06:16:40.272Z,https://www.indiamart.com/proddetail/penna-maha-grade-43-cement-2849235167688.html
p_cdb44b8f2b5a4d14,cement,Penna OPC 43 grade cement — 50 kg bag,Penna,hyderabad,Tirumala Steel & Cements,Hyderabad,IndiaMART,dealer,320.00,bag,320.00,bag,EXCL,18,2523,18.00,12.50,2.00,398.30,398.30,,,unknown,,BRAND_LICENSED,,1,3.7,55,26.09,lcv,seeded_fallback,2026-08-05T06:16:40.272Z,https://www.indiamart.com/proddetail/penna-cement-22567590755.html
p_f80e3149df4d5972,cement,Ramco OPC 33 grade cement — 50 kg bag,Ramco,hyderabad,Sri Dattatreya Enterprises,Secunderabad,IndiaMART,dealer,310.00,bag,310.00,bag,EXCL,18,2523,18.00,12.50,2.00,398.30,398.30,,,unknown,,BRAND_LICENSED,,1,,,27.66,lcv,seeded_fallback,2026-08-05T06:16:18.969Z,https://www.indiamart.com/proddetail/ramco-cement-super-grade-2849619787833.html
p_757319e793269bf7,cement,Sagar OPC cement — 50 kg bag,Sagar,hyderabad,Mohit Agencies,Hyderabad,IndiaMART,dealer,310.00,bag,310.00,bag,EXCL,18,2523,18.00,12.50,2.00,398.30,398.30,,,unknown,,BRAND_LICENSED,,1,,,22.93,lcv,seeded_fallback,2026-08-05T06:14:55.498Z,https://www.indiamart.com/proddetail/50kg-sagar-ordinary-portland-cement-27552637573.html
p_740013adddd6507b,cement,JSW Concreel OPC cement — 50 kg bag,JSW Concreel,hyderabad,Sri Dattatreya Enterprises,"Secunderabad, Dist. Hyderabad",IndiaMART,dealer,310.00,bag,310.00,bag,EXCL,18,2523,19.28,12.50,2.00,399.58,399.58,,,unknown,,BRAND_LICENSED,,1,4.5,6,32.13,lcv,seeded_fallback,2026-08-05T06:17:15.396Z,https://www.indiamart.com/proddetail/50-kg-jsw-concreel-hd-cement-2852898056073.html
p_3bef4892a9bc9ef6,cement,Ramco Supercrete OPC cement — 50 kg bag,Ramco Supercrete,hyderabad,Sri Manikanta Steel Traders,Hyderabad,IndiaMART,dealer,310.00,bag,310.00,bag,EXCL,18,2523,21.55,12.50,2.00,401.85,401.85,,,unknown,,BRAND_LICENSED,,1,,,35.91,lcv,seeded_fallback,2026-08-05T06:16:32.989Z,https://www.indiamart.com/proddetail/50kg-ramco-supercrete-cement-2855472517233.html
p_f531942a07c53d53,cement,Shree OPC cement — 50 kg bag,Shree,hyderabad,A H United Traders,Hyderabad,IndiaMART,dealer,310.00,bag,310.00,bag,EXCL,18,2523,21.57,12.50,2.00,401.87,401.87,,,unknown,,BRAND_LICENSED,,1,,,35.95,lcv,seeded_fallback,2026-08-05T06:19:42.606Z,https://www.indiamart.com/proddetail/shree-roofon-cement-24162645873.html
p_121cd70565b6ba90,cement,Birla OPC 53 grade cement — 50 kg bag,Birla,hyderabad,Sri Durga Ambika Traders,Hyderabad,IndiaMART,dealer,310.00,bag,310.00,bag,EXCL,18,2523,23.74,12.50,2.00,404.04,404.04,,,unknown,,BRAND_LICENSED,,1,,,39.57,lcv,seeded_fallback,2026-08-05T06:13:00.185Z,https://www.indiamart.com/proddetail/50-kg-opc-53-grade-birla-super-cement-2859492280012.html
p_e4ecafe6fcdd642f,cement,Bharathi OPC cement — 50 kg bag,Bharathi,hyderabad,Mohit Agencies,Hyderabad,IndiaMART,dealer,315.00,bag,315.00,bag,EXCL,18,2523,18.00,12.50,2.00,404.20,404.20,,,unknown,,BRAND_LICENSED,,1,,,22.93,lcv,seeded_fallback,2026-08-05T06:17:43.200Z,https://www.indiamart.com/proddetail/50-kg-bharathi-cement-27552638212.html
p_8684247d292b4140,cement,Shree Jung Rodhak OPC cement — 50 kg bag,Shree Jung Rodhak,hyderabad,G S R Marketig Limited,"Nallakunta, Hyderabad",IndiaMART,dealer,315.00,bag,315.00,bag,EXCL,18,2523,18.00,12.50,2.00,404.20,404.20,,,unknown,,BRAND_LICENSED,,1,4.1,101,23.11,lcv,computed,2026-08-05T06:19:42.606Z,https://www.indiamart.com/proddetail/shree-jung-rodhak-cement-2853258952433.html
p_127756408096e1a5,cement,UltraTech OPC cement — 50 kg bag,UltraTech,hyderabad,Sri Nidhi Traders,Hyderabad,IndiaMART,dealer,315.00,bag,315.00,bag,EXCL,18,2523,18.00,12.50,2.00,404.20,404.20,,,unknown,,BRAND_LICENSED,,1,,,23.51,lcv,seeded_fallback,2026-08-05T06:12:14.910Z,https://www.indiamart.com/proddetail/cement-ultra-tech-ramco-rashi-2856854654312.html
p_e81a058ad52d667f,cement,Bangur Magna OPC cement — 50 kg bag,Bangur Magna,hyderabad,Modern Marketing Associates,Hyderabad,IndiaMART,dealer,310.00,bag,310.00,bag,EXCL,18,2523,24.40,12.50,2.00,404.70,404.70,,,unknown,,BRAND_LICENSED,,1,,,40.66,lcv,seeded_fallback,2026-08-05T06:19:28.172Z,https://www.indiamart.com/proddetail/bangur-magna-cement-2851646101912.html
p_cf4f18c17ef38ea8,cement,JSW OPC cement — 50 kg bag,JSW,hyderabad,Patel Steel Agency,Hyderabad,IndiaMART,dealer,310.00,bag,310.00,bag,EXCL,18,2523,24.94,12.50,2.00,405.24,405.24,,,unknown,,BRAND_LICENSED,,1,4.5,2,41.57,lcv,seeded_fallback,2026-08-05T06:17:15.396Z,https://www.indiamart.com/proddetail/jsw-hd-cement-2850032879497.html
p_6ebf6b02d00d4b71,cement,JSW OPC cement — 50 kg bag,JSW,hyderabad,Master AAC Blocks Industries,"Ghatkesar, Hyderabad",IndiaMART,dealer,315.00,bag,315.00,bag,EXCL,18,2523,20.77,12.50,2.00,406.97,406.97,,,unknown,,BRAND_LICENSED,,1,3.7,7,34.62,lcv,seeded_fallback,2026-08-05T06:17:15.396Z,https://www.indiamart.com/proddetail/jsw-max-super-cement-2853384095548.html
p_49b4bb0a56eb8df3,cement,Birla A1 OPC cement — 50 kg bag,Birla A1,hyderabad,BigBMart,Hyderabad,BigBMart,platform,370.00,bag,370.00,bag,INCL,18,2523,22.67,12.50,2.00,407.17,407.17,,,unknown,,BRAND_LICENSED,,1,,,37.78,lcv,seeded_fallback,2026-08-01T00:00:00.000Z,https://bigbmart.com/product/birla-a1-opc-cement/
p_e2694e27b8e4ff4e,cement,JSW OPC cement — 50 kg bag,JSW,hyderabad,Asian Enterprises,"Toli Chowki, Hyderabad",IndiaMART,dealer,315.00,bag,315.00,bag,EXCL,18,2523,22.09,12.50,2.00,408.29,408.29,,,unknown,,BRAND_LICENSED,,1,3.8,12,36.81,lcv,seeded_fallback,2026-08-05T06:17:15.396Z,https://www.indiamart.com/proddetail/jsw-cement-24277444873.html
p_43d6439e323dd07d,cement,Bangur OPC cement — 50 kg bag,Bangur,hyderabad,Mahadev Traders,"Saidabad Colony, Hyderabad",IndiaMART,dealer,319.00,bag,319.00,bag,EXCL,18,2523,18.00,12.50,2.00,408.92,408.92,,,unknown,,BRAND_LICENSED,,1,,,29.02,lcv,computed,2026-08-05T06:19:28.172Z,https://www.indiamart.com/proddetail/bangur-jungrodhak-cement-2849240412633.html
p_fba8a2d01e9f7ab4,cement,ACC F2R OPC cement — 50 kg bag,ACC F2R,hyderabad,PSK Building Solutions Pvt. Ltd.,Hyderabad,IndiaMART,dealer,320.00,bag,320.00,bag,EXCL,18,2523,18.00,12.50,2.00,410.10,410.10,,,unknown,,BRAND_LICENSED,,1,,,10.1,lcv,seeded_fallback,2026-08-05T06:12:36.135Z,https://www.indiamart.com/proddetail/acc-f2r-superfast-cement-2849011775973.html
p_7e6498a236d419fb,cement,MP Birla OPC 53 grade cement — 50 kg bag,MP Birla,hyderabad,Sri Venkateshwara Building Materials,Hyderabad,IndiaMART,dealer,320.00,bag,320.00,bag,EXCL,18,2523,18.00,12.50,2.00,410.10,410.10,,,unknown,,BRAND_LICENSED,,1,,,29.41,lcv,seeded_fallback,2026-08-01T13:33:05.840Z,https://www.indiamart.com/proddetail/mp-birla-ultimate-ultra-cement-2859122923248.html
p_7e6498a236d419fb,cement,MP Birla OPC 53 grade cement — 50 kg bag,MP Birla,hyderabad,Saibaba Enterprises,Hyderabad,IndiaMART,dealer,340.00,bag,340.00,bag,EXCL,18,2523,22.85,12.50,2.00,410.10,410.10,,,unknown,,BRAND_LICENSED,,1,,,38.09,lcv,seeded_fallback,2026-08-05T06:18:32.283Z,https://www.indiamart.com/proddetail/mp-birla-ultimate-ultra-cement-2853187199355.html
p_e01ff525e4246f7d,cement,MP Birla OPC cement — 50 kg bag,MP Birla,hyderabad,Neenv Enterprises,"Nallakunta, Hyderabad",IndiaMART,dealer,320.00,bag,320.00,bag,EXCL,18,2523,18.00,12.50,2.00,410.10,410.10,,,unknown,,BRAND_LICENSED,,1,,,23.11,lcv,computed,2026-08-05T06:18:32.283Z,https://www.indiamart.com/proddetail/mp-birla-cement-2849009054897.html
p_ec941e3c2b1a356b,cement,Ramco Supercrete OPC cement — 50 kg bag,Ramco Supercrete,hyderabad,G S R Marketig Limited,"Nallakunta, Hyderabad",IndiaMART,dealer,320.00,bag,320.00,bag,EXCL,18,2523,18.00,12.50,2.00,410.10,410.10,,,unknown,,BRAND_LICENSED,,1,,,23.11,lcv,computed,2026-08-05T06:16:18.969Z,https://www.indiamart.com/proddetail/ramco-supercrete-cement-25366166662.html
p_7ebe715851c46b51,cement,Unbranded OPC cement — 50 kg bag,,hyderabad,Mahadev Traders,Hyderabad,IndiaMART,dealer,320.00,bag,320.00,bag,EXCL,18,2523,20.14,12.50,2.00,412.24,412.24,,,unknown,,NOT_DECLARED,,1,,,33.57,lcv,seeded_fallback,2026-08-05T06:14:34.067Z,https://www.indiamart.com/proddetail/suvarna-opc-cement-2853474391048.html
p_7f17ed3d4f90e22e,cement,ACC Concrete Plus Xtra Strong OPC 53 grade cement — 50 kg bag,ACC Concrete Plus Xtra Strong,hyderabad,MS Traders,Hyderabad,IndiaMART,dealer,325.00,bag,325.00,bag,EXCL,18,2523,18.00,12.50,2.00,416.00,416.00,,,unknown,,BRAND_LICENSED,,1,4.7,7,27.73,lcv,seeded_fallback,2026-08-05T06:12:32.085Z,https://www.indiamart.com/proddetail/acc-concrete-plus-xtra-strong-2852599405791.html
p_7f17ed3d4f90e22e,cement,ACC Concrete Plus Xtra Strong OPC 53 grade cement — 50 kg bag,ACC Concrete Plus Xtra Strong,hyderabad,Mahadev Traders,"Saidabad Colony, Hyderabad",IndiaMART,dealer,360.00,bag,360.00,bag,EXCL,18,2523,18.00,12.50,2.00,416.00,416.00,,,unknown,,BRAND_LICENSED,,1,,,29.02,lcv,computed,2026-08-05T06:12:36.135Z,https://www.indiamart.com/proddetail/acc-concrete-plus-xtra-strong-cement-2849240412862.html
p_80d1512f47eb64c4,cement,ACC F2R OPC 53 grade cement — 50 kg bag,ACC F2R,hyderabad,Sri Lakshmi Enterprises,Hyderabad,IndiaMART,dealer,325.00,bag,325.00,bag,EXCL,18,2523,18.00,12.50,2.00,416.00,416.00,,,unknown,,BRAND_LICENSED,,1,,,29.76,lcv,seeded_fallback,2026-08-05T06:12:32.085Z,https://www.indiamart.com/proddetail/acc-f2r-superfast-cement-2858939361930.html
p_b3602c695dda9592,cement,ACC Gold Water Shield OPC 53 grade cement — 50 kg bag,ACC Gold Water Shield,hyderabad,Sri Lakshmi Enterprises,Hyderabad,IndiaMART,dealer,325.00,bag,325.00,bag,EXCL,18,2523,18.00,12.50,2.00,416.00,416.00,,,unknown,,BRAND_LICENSED,,1,,,29.76,lcv,seeded_fallback,2026-08-05T06:12:36.135Z,https://www.indiamart.com/proddetail/acc-gold-water-shield-cement-2858939362148.html
p_bc6e6e44b0b3e69c,cement,ACC Suraksha Power OPC 43 grade cement — 50 kg bag,ACC Suraksha Power,hyderabad,Sri Lakshmi Enterprises,Hyderabad,IndiaMART,dealer,325.00,bag,325.00,bag,EXCL,18,2523,18.00,12.50,2.00,416.00,416.00,,,unknown,,BRAND_LICENSED,,1,,,29.76,lcv,seeded_fallback,2026-08-05T06:12:42.489Z,https://www.indiamart.com/proddetail/acc-suraksha-power-plus-cement-2858939420497.html
p_bc6e6e44b0b3e69c,cement,ACC Suraksha Power OPC 43 grade cement — 50 kg bag,ACC Suraksha Power,hyderabad,Sri Nidhi Traders,"Kukatpally, Hyderabad",IndiaMART,dealer,340.00,bag,340.00,bag,EXCL,18,2523,18.00,12.50,2.00,416.00,416.00,,,unknown,,BRAND_LICENSED,,1,,,12.17,lcv,computed,2026-08-01T13:26:58.278Z,https://www.indiamart.com/proddetail/acc-suraksha-power-cement-2851953491473.html
p_342a0994449452a6,cement,MP Birla Perfect Plus OPC cement — 50 kg bag,MP Birla Perfect Plus,hyderabad,PSK Building Solutions Pvt. Ltd.,Hyderabad,IndiaMART,dealer,325.00,bag,325.00,bag,EXCL,18,2523,18.00,12.50,2.00,416.00,416.00,,,unknown,,BRAND_LICENSED,,1,,,10.1,lcv,seeded_fallback,2026-08-05T06:18:39.209Z,https://www.indiamart.com/proddetail/mp-birla-perfect-plus-cement-2849226522212.html
p_8cd9d878dc8ebff8,cement,Sagar OPC 43 grade cement — 50 kg bag,Sagar,hyderabad,GMR Construction Materials,Hyderabad,ExportersIndia,dealer,320.00,bag,320.00,bag,EXCL,18,2523,23.97,12.50,2.00,416.07,416.07,,,unknown,,BRAND_LICENSED,,1,,,39.95,lcv,seeded_fallback,2026-08-05T06:31:20.759Z,https://www.exportersindia.com/product-detail/43-sagar-cement-9243554234.htm
p_db465559810860e2,cement,Bangur PSC cement — 50 kg bag,Bangur,hyderabad,Sri Venkatasai Steel House,Hyderabad,IndiaMART,dealer,320.00,bag,320.00,bag,EXCL,18,2523,24.91,12.50,2.00,417.01,417.01,,,unknown,,BRAND_LICENSED,,1,,,41.52,lcv,seeded_fallback,2026-08-05T06:19:14.348Z,https://www.indiamart.com/proddetail/50-kg-bangur-cement-2853229334133.html
p_cbe5514f3ab746d4,cement,Sagar PSC cement — 50 kg bag,Sagar,hyderabad,Neenv Enterprises,"Nallakunta, Hyderabad",IndiaMART,dealer,328.00,bag,328.00,bag,EXCL,18,2523,18.00,12.50,2.00,419.54,419.54,,,unknown,,BRAND_LICENSED,,1,,,23.11,lcv,computed,2026-08-02T10:34:27.039Z,https://www.indiamart.com/proddetail/sagar-cement-23368904012.html
p_80f8ef2a0ee9506d,cement,ACC Concrete OPC cement — 50 kg bag,ACC Concrete,hyderabad,Icon Traders,Hyderabad,IndiaMART,dealer,330.00,bag,330.00,bag,EXCL,18,2523,18.00,12.50,2.00,421.90,421.90,,,unknown,,BRAND_LICENSED,,1,5,3,21.89,lcv,seeded_fallback,2026-08-01T04:24:32.133Z,https://www.indiamart.com/proddetail/acc-concrete-cement-2850631842333.html
p_bb61e6075a73fae7,cement,Dalmia OPC cement — 50 kg bag,Dalmia,hyderabad,G S R Marketig Limited,"Nallakunta, Hyderabad",IndiaMART,dealer,330.00,bag,330.00,bag,EXCL,18,2523,18.00,12.50,2.00,421.90,421.90,,,unknown,,BRAND_LICENSED,,1,,,23.11,lcv,computed,2026-08-05T06:15:51.048Z,https://www.indiamart.com/proddetail/dalmia-opc-cement-25366533133.html
p_06e038da58165ac0,cement,JSW OPC cement — 50 kg bag,JSW,hyderabad,PSK Building Solutions Pvt. Ltd.,Hyderabad,IndiaMART,dealer,330.00,bag,330.00,bag,EXCL,18,2523,18.00,12.50,2.00,421.90,421.90,,,unknown,,BRAND_LICENSED,,1,,,10.1,lcv,seeded_fallback,2026-08-05T06:17:15.396Z,https://www.indiamart.com/proddetail/jsw-ordinary-portland-cement-2857222481948.html
p_2b494751fdbc82ac,cement,KCP OPC cement — 50 kg bag,KCP,hyderabad,PSK Building Solutions Pvt. Ltd.,Hyderabad,IndiaMART,dealer,330.00,bag,330.00,bag,EXCL,18,2523,18.00,12.50,2.00,421.90,421.90,,,unknown,,BRAND_LICENSED,,1,,,10.1,lcv,seeded_fallback,2026-08-05T06:18:11.173Z,https://www.indiamart.com/proddetail/kcp-super-sreshtaa-cement-2857222419688.html
p_dcde0c6cb4e8292f,cement,Ramco Supercrete OPC cement — 50 kg bag,Ramco Supercrete,hyderabad,PSK Building Solutions Pvt. Ltd.,Hyderabad,IndiaMART,dealer,330.00,bag,330.00,bag,EXCL,18,2523,18.00,12.50,2.00,421.90,421.90,,,unknown,,BRAND_LICENSED,,1,3.9,35,10.1,lcv,seeded_fallback,2026-08-05T06:16:18.969Z,https://www.indiamart.com/proddetail/ramco-supercrete-cement-2854123307948.html
p_d189a3726ee392ab,cement,Ramco Supercrete Sulphate resisting cement — 50 kg bag,Ramco Supercrete,hyderabad,Samyukta Cement And Steel Traders,Hyderabad,IndiaMART,dealer,330.00,bag,330.00,bag,EXCL,18,2523,18.00,12.50,2.00,421.90,421.90,,,unknown,,BRAND_LICENSED,,1,,,28.78,lcv,seeded_fallback,2026-08-05T06:16:12.060Z,https://www.indiamart.com/proddetail/ramco-super-crete-cement-2850509547297.html
p_1a4405b4c039db07,cement,ACC OPC cement — 50 kg bag,ACC,hyderabad,Asian Enterprises,Hyderabad,IndiaMART,dealer,335.00,bag,335.00,bag,EXCL,18,2523,18.00,12.50,2.00,427.80,427.80,,,unknown,,BRAND_LICENSED,,1,3.8,12,29.77,lcv,seeded_fallback,2026-08-05T06:12:32.085Z,https://www.indiamart.com/proddetail/acc-cement-24277404812.html
p_3864f4f78f2e2eea,cement,JSW OPC cement — 50 kg bag,JSW,hyderabad,Tirumala Steel & Cements,Hyderabad,IndiaMART,dealer,335.00,bag,335.00,bag,EXCL,18,2523,18.00,12.50,2.00,427.80,427.80,,,unknown,,BRAND_LICENSED,,1,3.7,55,26.09,lcv,seeded_fallback,2026-08-05T06:17:29.062Z,https://www.indiamart.com/proddetail/jsw-cement-21639084197.html
p_5e61f0ea23f72c14,cement,Penna Premium PPC cement — 50 kg bag,Penna Premium,hyderabad,Dyumani Materials Private Limited,"Jubilee Hills, Hyderabad",IndiaMART,dealer,335.00,bag,335.00,bag,EXCL,18,2523,18.50,12.50,2.00,428.30,428.30,,,unknown,,BRAND_LICENSED,,1,,,30.83,lcv,computed,2026-08-05T06:16:40.272Z,https://www.indiamart.com/proddetail/penna-premium-cement-23736989297.html
p_92a0e5b4afc50aad,cement,JK OPC cement — 50 kg bag,JK,hyderabad,Sri Venkatasai Steel Traders,"Madhapur, Hyderabad",IndiaMART,dealer,340.00,bag,340.00,bag,EXCL,18,2523,18.00,12.50,2.00,433.70,433.70,,,unknown,,BRAND_LICENSED,,1,3.7,10,13.82,lcv,seeded_fallback,2026-08-05T06:19:00.303Z,https://www.indiamart.com/proddetail/jk-a1-cement-14716010848.html
p_cf0665d46dce87f2,cement,UltraTech OPC cement — 50 kg bag,UltraTech,hyderabad,Akhilbuildersmart,Balaji Nagar,ExportersIndia,dealer,345.00,bag,345.00,bag,EXCL,18,2523,16.00,12.50,2.00,437.60,437.60,100,Bag,unknown,,BRAND_LICENSED,,1,,,25.31,6_tyre,seeded_fallback,2026-08-05T06:31:20.759Z,https://www.exportersindia.com/product-detail/ultratech-cement-5777670.htm
p_f333b41f7a88a815,cement,ACC Gold Water Shield OPC 43 grade cement — 50 kg bag,ACC Gold Water Shield,hyderabad,Suguna Building Material,"Amdapur, Hyderabad",IndiaMART,dealer,345.00,bag,345.00,bag,EXCL,18,2523,18.00,12.50,2.00,439.60,439.60,,,unknown,,BRAND_LICENSED,,1,4.7,3,8.67,lcv,seeded_fallback,2026-08-02T10:34:12.795Z,https://www.indiamart.com/proddetail/acc-gold-water-shield-cement-2851651761055.html
p_59a7fa9a4c626281,cement,Bharathi OPC cement — 50 kg bag,Bharathi,hyderabad,Tirumala Steel & Cements,Hyderabad,IndiaMART,dealer,345.00,bag,345.00,bag,EXCL,18,2523,18.00,12.50,2.00,439.60,439.60,,,unknown,,BRAND_LICENSED,,1,3.7,55,26.09,lcv,seeded_fallback,2026-08-05T06:14:55.498Z,https://www.indiamart.com/proddetail/bharathi-portland-cement-22567536430.html
p_6fd7061a2855340e,cement,MP Birla Perfect Plus OPC 53 grade cement — 50 kg bag,MP Birla Perfect Plus,hyderabad,Sri Lakshmi Enterprises,Hyderabad,IndiaMART,dealer,345.00,bag,345.00,bag,EXCL,18,2523,18.00,12.50,2.00,439.60,439.60,,,unknown,,BRAND_LICENSED,,1,2.5,2,29.76,lcv,seeded_fallback,2026-08-05T06:18:32.283Z,https://www.indiamart.com/proddetail/mp-birla-perfect-plus-cement-2858960540573.html
p_8d3edbfda434cd14,cement,Birla Shakti OPC 43 grade cement — 50 kg bag,Birla Shakti,hyderabad,Sri Patel And Company,"Lunger House, Hyderabad",IndiaMART,dealer,350.00,bag,350.00,bag,EXCL,18,2523,18.00,12.50,2.00,445.50,445.50,,,unknown,,BRAND_LICENSED,,1,,,10.97,lcv,seeded_fallback,2026-08-02T10:33:16.768Z,https://www.indiamart.com/proddetail/birla-shakti-cement-43-grade-opc-25420011673.html
p_8c9032e2be7d67ed,cement,Dalmia OPC cement — 50 kg bag,Dalmia,hyderabad,Sri Balaji Steel And Cement Traders,"Badangpet, Hyderabad",IndiaMART,dealer,350.00,bag,350.00,bag,EXCL,18,2523,18.00,12.50,2.00,445.50,445.50,,,unknown,,BRAND_LICENSED,,1,,,10.89,lcv,seeded_fallback,2026-08-05T06:15:51.048Z,https://www.indiamart.com/proddetail/dalmia-supreme-cement-2857790335691.html
p_ed74ac79e2d70add,cement,UltraTech OPC cement — 50 kg bag,UltraTech,hyderabad,Asian Enterprises,Hyderabad,IndiaMART,dealer,350.00,bag,350.00,bag,EXCL,18,2523,18.00,12.50,2.00,445.50,445.50,,,unknown,,BRAND_LICENSED,,1,3.8,12,29.77,lcv,seeded_fallback,2026-08-05T06:12:14.910Z,https://www.indiamart.com/proddetail/ultratech-cement-24277456033.html
p_bf40c1c2f30b7c85,cement,UltraTech Super PSC 53 grade cement — 50 kg bag,UltraTech Super,hyderabad,Sri Venkatasai Steel House,Hyderabad,IndiaMART,dealer,350.00,bag,350.00,bag,EXCL,18,2523,24.91,12.50,2.00,452.41,452.41,,,unknown,,BRAND_LICENSED,,1,,,41.52,lcv,seeded_fallback,2026-08-05T06:12:14.910Z,https://www.indiamart.com/proddetail/50-kg-ultratech-super-cement-2853229615473.html
p_749ac3eee4c2bb8d,cement,ACC PSC 53 grade cement — 50 kg bag,ACC,hyderabad,Sri Rama Cement,Hyderabad,IndiaMART,dealer,350.00,bag,350.00,bag,EXCL,18,2523,24.98,12.50,2.00,452.48,452.48,,,unknown,,BRAND_LICENSED,,1,5,3,41.63,lcv,seeded_fallback,2026-08-02T10:33:58.834Z,https://www.indiamart.com/proddetail/acc-psc-cement-2855228758091.html
p_5f0b9c54d3390b35,cement,Bharathi PSC 43 grade cement — 50 kg bag,Bharathi,hyderabad,Sri Venkatasai Steel House,Hyderabad,IndiaMART,dealer,355.00,bag,355.00,bag,EXCL,18,2523,24.91,12.50,2.00,452.48,452.48,,,unknown,,BRAND_LICENSED,,1,,,41.52,lcv,seeded_fallback,2026-08-05T06:17:43.200Z,https://www.indiamart.com/proddetail/50-kg-43-grade-bharathi-cement-2853229409630.html
p_5f0b9c54d3390b35,cement,Bharathi PSC 43 grade cement — 50 kg bag,Bharathi,hyderabad,Sri Rama Cement,Hyderabad,IndiaMART,dealer,350.00,bag,350.00,bag,EXCL,18,2523,24.98,12.50,2.00,452.48,452.48,,,unknown,,BRAND_LICENSED,,1,5,3,41.63,lcv,seeded_fallback,2026-08-02T10:33:44.817Z,https://www.indiamart.com/proddetail/bharathi-psc-cement-2855754516162.html
p_3e45f99a997ef8ed,cement,UltraTech OPC cement — 50 kg bag,UltraTech,hyderabad,Tirumala Steel And Cements,Hyderabad,ExportersIndia,dealer,365.00,bag,365.00,bag,EXCL,18,2523,15.00,12.50,2.00,460.20,460.20,200,Bag,unknown,,BRAND_LICENSED,,1,,,16.52,10_tyre,seeded_fallback,2026-08-05T06:31:20.759Z,https://www.exportersindia.com/product-detail/ultratech-cement-6566871.htm
p_960527a55f3ead5f,cement,Unbranded OPC cement — 50 kg bag,,hyderabad,Syndicate Steels,Miyapur,ExportersIndia,dealer,365.00,bag,365.00,bag,EXCL,18,2523,16.00,12.50,2.00,461.20,461.20,100,Bag,unknown,,NOT_DECLARED,,1,,,20.6,6_tyre,computed,2026-08-05T06:31:20.759Z,https://www.exportersindia.com/product-detail/grey-roofon-cement-6583145.htm
p_af0d7464279f8dfe,cement,Penna OPC 53 grade cement — 50 kg bag,Penna,hyderabad,Sai Cements & Building Products,Hyderabad,IndiaMART,dealer,365.00,bag,365.00,bag,EXCL,18,2523,18.00,12.50,2.00,463.20,463.20,,,unknown,,BRAND_LICENSED,,1,,,18.6,lcv,seeded_fallback,2026-08-02T10:31:45.623Z,https://www.indiamart.com/proddetail/50-kg-penna-opc-cement-2853042900088.html
p_84b7b0c61268b550,cement,UltraTech OPC cement — 50 kg bag,UltraTech,hyderabad,Sreekar pvt limited,Gopanpally,ExportersIndia,dealer,370.00,bag,370.00,bag,EXCL,18,2523,16.00,12.50,2.00,467.10,467.10,100,Bag,unknown,,BRAND_LICENSED,,1,,,10.83,6_tyre,seeded_fallback,2026-08-05T06:31:20.759Z,https://www.exportersindia.com/product-detail/ultratech-cement-6039547.htm
p_1b2216deb8d5212f,cement,Birla A1 OPC 53 grade cement — 50 kg bag,Birla A1,hyderabad,BRP Shoppe Private Limited,"Secunderabad, Dist. Hyderabad",IndiaMART,dealer,375.00,bag,375.00,bag,EXCL,18,2523,18.00,12.50,2.00,475.00,475.00,,,unknown,,BRAND_LICENSED,,1,4.8,31,12.55,lcv,seeded_fallback,2026-08-05T06:13:00.185Z,https://www.indiamart.com/proddetail/birla-a1-opc-cement-53-grade-25772164497.html
p_e42e470a933c7d92,cement,MP Birla PSC 43 grade cement — 50 kg bag,MP Birla,hyderabad,Sri Venkatasai Steel House,Hyderabad,IndiaMART,dealer,390.00,bag,390.00,bag,EXCL,18,2523,24.91,12.50,2.00,499.61,499.61,,,unknown,,BRAND_LICENSED,,1,,,41.52,lcv,seeded_fallback,2026-08-05T06:18:53.192Z,https://www.indiamart.com/proddetail/mp-birla-psc-cement-23886021655.html
p_3c59cb1f4c06bc75,cement,MP Birla OPC cement — 50 kg bag,MP Birla,hyderabad,PSK Building Solutions Pvt. Ltd.,Hyderabad,IndiaMART,dealer,400.00,bag,400.00,bag,EXCL,18,2523,18.00,12.50,2.00,504.50,504.50,,,unknown,,BRAND_LICENSED,,1,3.9,35,10.1,lcv,seeded_fallback,2026-08-01T13:33:19.510Z,https://www.indiamart.com/proddetail/mp-birla-unique-plus-cement-2852779496930.html
p_636e4f3464bdb867,cement,UltraTech Super OPC cement — 50 kg bag,UltraTech Super,hyderabad,Siva Balaji Enterprises,Hyderabad,IndiaMART,dealer,405.00,bag,405.00,bag,EXCL,18,2523,18.00,12.50,2.00,510.40,510.40,,,unknown,,BRAND_LICENSED,,1,4,2,14.41,lcv,seeded_fallback,2026-08-02T10:34:12.795Z,https://www.indiamart.com/proddetail/ultratech-super-cement-26052686348.html
p_2765627754e4fe86,cement,Ramco Supercrete OPC cement — 50 kg bag,Ramco Supercrete,hyderabad,Construction Adda,"Medipalli, Hyderabad",IndiaMART,dealer,440.00,bag,440.00,bag,EXCL,18,2523,18.00,12.50,2.00,551.70,551.70,,,unknown,,BRAND_LICENSED,,1,2.7,3,17.14,lcv,computed,2026-08-01T04:28:11.878Z,https://www.indiamart.com/proddetail/50kg-ramco-supercrete-cement-2850434075788.html
p_8a4dc55d74cd5e25,cement,ACC OPC cement — 50 kg bag,ACC,hyderabad,Sai Balaji Enterprises,Hyderabad,IndiaMART,dealer,450.00,bag,450.00,bag,EXCL,18,2523,18.00,12.50,2.00,563.50,563.50,,,unknown,,BRAND_LICENSED,,1,,,11.67,lcv,seeded_fallback,2026-08-05T06:12:32.085Z,https://www.indiamart.com/proddetail/acc-cement-suraksha-concrete-2852105400291.html
p_36f55ed3404ef145,cement,ACC Gold Water Shield OPC cement — 50 kg bag,ACC Gold Water Shield,hyderabad,Pagadala Constructions Private Limited,Hyderabad,IndiaMART,dealer,460.00,bag,460.00,bag,EXCL,18,2523,18.00,12.50,2.00,575.30,575.30,,,unknown,,BRAND_LICENSED,,1,,,7.99,lcv,seeded_fallback,2026-08-02T10:34:12.795Z,https://www.indiamart.com/proddetail/acc-gold-water-shield-cement-23268275255.html
p_a6e7e676f7503ac8,cement,Maha PPC 53 grade cement — 25 kg bag,Maha,hyderabad,PSK Building Solutions Pvt. Ltd.,Hyderabad,IndiaMART,dealer,270.00,bag,540.00,bag,EXCL,18,2523,18.00,12.50,2.00,598.90,598.90,,,unknown,,BRAND_LICENSED,,1,3.9,35,10.1,lcv,seeded_fallback,2026-08-05T06:12:46.164Z,https://www.indiamart.com/proddetail/maha-ppc-cement-2854299997333.html
p_a6e7e676f7503ac8,cement,Maha PPC 53 grade cement — 25 kg bag,Maha,hyderabad,Sri Balaji Steel And Cement Traders,"Badangpet, Hyderabad",IndiaMART,dealer,240.00,bag,480.00,bag,EXCL,18,2523,18.00,12.50,2.00,598.90,598.90,,,unknown,,BRAND_LICENSED,,1,5,2,10.89,lcv,seeded_fallback,2026-08-01T13:27:05.282Z,https://www.indiamart.com/proddetail/maha-ppc-cement-2857780763433.html
p_15cf06ef11530b8e,cement,JK OPC cement — 40 kg bag,JK,hyderabad,G S R Marketig Limited,"Nallakunta, Hyderabad",IndiaMART,dealer,400.00,bag,500.00,bag,EXCL,18,2523,18.00,12.50,2.00,622.50,622.50,,,unknown,,BRAND_LICENSED,,1,,,23.11,lcv,computed,2026-08-05T06:19:00.303Z,https://www.indiamart.com/proddetail/jk-cement-wall-maxx-2853258948655.html
p_0c0bcc8d62e3b247,cement,Ramco Supergrade PPC 53 grade cement — 25 kg bag,Ramco Supergrade,hyderabad,Samyukta Cement And Steel Traders,Hyderabad,IndiaMART,dealer,250.00,bag,500.00,bag,EXCL,18,2523,18.00,12.50,2.00,622.50,622.50,,,unknown,,BRAND_LICENSED,,1,,,28.78,lcv,seeded_fallback,2026-08-05T06:16:26.046Z,https://www.indiamart.com/proddetail/ramco-super-grade-cement-2850509499397.html
p_7933462951b92ea2,cement,Parasakti OPC 53 grade cement — 25 kg bag,Parasakti,hyderabad,Sri Sai Steel And Cement,Hyderabad,IndiaMART,dealer,255.00,bag,510.00,bag,EXCL,18,2523,18.00,12.50,2.00,634.30,634.30,,,unknown,,BRAND_LICENSED,,1,,,21.28,lcv,seeded_fallback,2026-08-05T06:14:40.956Z,https://www.indiamart.com/proddetail/parasakti-opc-53-cement-2855348992155.html
p_3feab8637cf76f54,cement,Sagar OPC cement — 25 kg bag,Sagar,hyderabad,Varun Traders,Hyderabad,IndiaMART,dealer,255.00,bag,510.00,bag,EXCL,18,2523,18.00,12.50,2.00,634.30,634.30,,,unknown,,BRAND_LICENSED,,1,4,58,9.03,lcv,seeded_fallback,2026-08-01T13:29:21.171Z,https://www.indiamart.com/proddetail/sagar-construction-cement-24268579591.html
p_8620320d94455e2c,cement,Shree Jung Rodhak OPC 53 grade cement — 25 kg bag,Shree Jung Rodhak,hyderabad,Arun Trading Co,"Manovikasnagar, Hyderabad",IndiaMART,dealer,275.00,bag,550.00,bag,EXCL,18,2523,18.00,12.50,2.00,681.50,681.50,,,unknown,,BRAND_LICENSED,,1,,,17.92,lcv,computed,2026-08-05T06:18:11.173Z,https://www.indiamart.com/proddetail/53-grade-shree-jung-rodhak-cement-23794264333.html
p_c689684cdece5e8a,cement,Ambuja OPC 33 grade cement — 25 kg bag,Ambuja,hyderabad,Maruthi Traders,"Secunderabad, Dist. Hyderabad",IndiaMART,dealer,290.00,bag,580.00,bag,EXCL,18,2523,18.00,12.50,2.00,716.90,716.90,,,unknown,,BRAND_LICENSED,,1,,,18.46,lcv,seeded_fallback,2026-08-05T06:15:22.953Z,https://www.indiamart.com/proddetail/ambuja-cement-33-grade-2851812902573.html
p_bdd25ed38fd08f5a,cement,UltraTech PPC cement — 25 kg bag,UltraTech,hyderabad,A Indra Sena Reddy,Hyderabad,IndiaMART,dealer,350.00,bag,700.00,bag,EXCL,18,2523,18.00,12.50,2.00,740.50,740.50,,,unknown,,BRAND_LICENSED,,1,,,20.1,lcv,seeded_fallback,2026-08-05T06:14:55.498Z,https://www.indiamart.com/proddetail/ordinary-portland-cement-25281045330.html
p_bdd25ed38fd08f5a,cement,UltraTech PPC cement — 25 kg bag,UltraTech,hyderabad,Maruthi Traders,"Secunderabad, Dist. Hyderabad",IndiaMART,dealer,300.00,bag,600.00,bag,EXCL,18,2523,18.00,12.50,2.00,740.50,740.50,,,unknown,,BRAND_LICENSED,,1,4.4,35,18.46,lcv,seeded_fallback,2026-08-05T06:12:49.699Z,https://www.indiamart.com/proddetail/ultratech-ppc-cement-2851812902873.html
p_bdd25ed38fd08f5a,cement,UltraTech PPC cement — 25 kg bag,UltraTech,hyderabad,PSR Enterprises,Hyderabad,IndiaMART,dealer,550.00,bag,1100.00,bag,EXCL,18,2523,21.82,12.50,2.00,740.50,740.50,,,unknown,,BRAND_LICENSED,,1,,,36.37,lcv,seeded_fallback,2026-08-02T10:34:40.856Z,https://www.indiamart.com/proddetail/portland-pozzolana-cement-27225204797.html
p_c8b8d4632d3e400f,cement,JSW Concreel PSC cement — 25 kg bag,JSW Concreel,hyderabad,A H United Traders,Hyderabad,IndiaMART,dealer,300.00,bag,600.00,bag,EXCL,18,2523,21.57,12.50,2.00,744.07,744.07,,,unknown,,BRAND_LICENSED,,1,,,35.95,lcv,seeded_fallback,2026-08-05T06:17:29.062Z,https://www.indiamart.com/proddetail/jsw-concreel-hd-cement-24162644373.html
p_38ae8fa8189016d7,cement,JSW OPC cement — 25 kg bag,JSW,hyderabad,C V R Traders,Hyderabad,IndiaMART,dealer,300.00,piece,600.00,bag,EXCL,18,2523,22.33,12.50,2.00,744.83,744.83,,,unknown,,BRAND_LICENSED,,1,3,1,37.22,lcv,seeded_fallback,2026-08-05T06:17:15.396Z,https://www.indiamart.com/proddetail/jsw-cement-2851956135848.html
p_7e27ca8507fe0270,cement,Birla Shakti PSC 43 grade cement — 25 kg bag,Birla Shakti,hyderabad,Sri Purvi Enterprises,Hyderabad,IndiaMART,dealer,305.00,bag,610.00,bag,EXCL,18,2523,24.27,12.50,2.00,758.57,758.57,,,unknown,,BRAND_LICENSED,,1,,,40.45,lcv,seeded_fallback,2026-08-05T06:18:32.283Z,https://www.indiamart.com/proddetail/birla-shakti-plus-cement-24217390188.html
p_3e79ebafcc3ba703,cement,Birla White cement cement — 50 kg bag,Birla,hyderabad,Aadhya Tiles Emporium,"Muthangi, Hyderabad",IndiaMART,dealer,1150.00,bag,1150.00,bag,EXCL,18,2523,18.00,12.50,2.00,770.00,770.00,,,unknown,,BRAND_LICENSED,,1,4.3,15,23.29,lcv,seeded_fallback,2026-08-05T06:18:11.173Z,https://www.indiamart.com/proddetail/birla-white-cement-2856367971333.html
p_3e79ebafcc3ba703,cement,Birla White cement cement — 50 kg bag,Birla,hyderabad,R. K. Agencies,"Sanjeev Reddy Nagar, Hyderabad",IndiaMART,dealer,1000.00,bag,1000.00,bag,EXCL,18,2523,21.06,12.50,2.00,770.00,770.00,,,unknown,,BRAND_LICENSED,,1,4.3,29,35.1,lcv,seeded_fallback,2026-08-05T06:16:54.141Z,https://www.indiamart.com/proddetail/birla-white-cement-2851093584473.html
p_3e79ebafcc3ba703,cement,Birla White cement cement — 50 kg bag,Birla,hyderabad,Sri Madhav & Company,"Madhapur, Hyderabad",IndiaMART,dealer,950.00,bag,950.00,bag,EXCL,18,2523,20.81,12.50,2.00,770.00,770.00,,,unknown,,BRAND_LICENSED,,1,4.4,20,34.69,lcv,seeded_fallback,2026-08-05T06:16:54.141Z,https://www.indiamart.com/proddetail/white-cement-2858067267512.html
p_3e79ebafcc3ba703,cement,Birla White cement cement — 50 kg bag,Birla,hyderabad,Adinath Polyvinyls,"Secunderabad, Dist. Hyderabad",IndiaMART,dealer,625.00,bag,625.00,bag,EXCL,18,2523,18.00,12.50,2.00,770.00,770.00,,,unknown,,BRAND_LICENSED,,1,3.1,8,23.24,lcv,seeded_fallback,2026-08-05T06:16:54.141Z,https://www.indiamart.com/proddetail/white-cement-2849740597391.html
p_3e79ebafcc3ba703,cement,Birla White cement cement — 50 kg bag,Birla,hyderabad,Eskay Engineering Corporation,"Secunderabad, Dist. Hyderabad",IndiaMART,dealer,920.00,bag,920.00,bag,EXCL,18,2523,23.81,12.50,2.00,770.00,770.00,,,unknown,,BRAND_LICENSED,,1,4.3,28,39.69,lcv,seeded_fallback,2026-08-05T06:16:54.141Z,https://www.indiamart.com/proddetail/birla-white-cement-16472417448.html
p_3e79ebafcc3ba703,cement,Birla White cement cement — 50 kg bag,Birla,hyderabad,Citizen Steel Traders,Hyderabad,IndiaMART,dealer,1100.00,bag,1100.00,bag,EXCL,18,2523,24.70,12.50,2.00,770.00,770.00,,,unknown,,BRAND_LICENSED,,1,5,2,41.17,lcv,seeded_fallback,2026-08-05T06:16:54.141Z,https://www.indiamart.com/proddetail/birla-white-cement-2848981882112.html
p_3e79ebafcc3ba703,cement,Birla White cement cement — 50 kg bag,Birla,hyderabad,Madhav Marketing Services,Hyderabad,IndiaMART,dealer,1000.00,bag,1000.00,bag,EXCL,18,2523,18.00,12.50,2.00,770.00,770.00,,,unknown,,BRAND_LICENSED,,1,,,10.14,lcv,seeded_fallback,2026-08-05T06:16:54.141Z,https://www.indiamart.com/proddetail/50kg-birla-white-cement-2851127378262.html
p_3e79ebafcc3ba703,cement,Birla White cement cement — 50 kg bag,Birla,hyderabad,Dharmanandan Enterprise,Deals in Hyderabad,IndiaMART,dealer,858.00,bag,858.00,bag,EXCL,18,2523,25.19,12.50,2.00,770.00,770.00,,,unknown,,BRAND_LICENSED,,1,,,41.98,lcv,seeded_fallback,2026-08-05T06:18:11.173Z,https://www.indiamart.com/proddetail/birla-white-cement-2851539105812.html
p_3e79ebafcc3ba703,cement,Birla White cement cement — 50 kg bag,Birla,hyderabad,Modern Marketing Associates,Hyderabad,IndiaMART,dealer,960.00,bag,960.00,bag,EXCL,18,2523,24.40,12.50,2.00,770.00,770.00,,,unknown,,BRAND_LICENSED,,1,4.4,57,40.66,lcv,seeded_fallback,2026-08-05T06:18:18.214Z,https://www.indiamart.com/proddetail/50kg-birla-white-cement-2855077740973.html
p_2e74567900ac337e,cement,UltraTech Super OPC 53 grade cement — 25 kg bag,UltraTech Super,hyderabad,Sri Sai Steel And Cement,Hyderabad,IndiaMART,dealer,320.00,bag,640.00,bag,EXCL,18,2523,18.00,12.50,2.00,787.70,787.70,,,unknown,,BRAND_LICENSED,,1,,,21.28,lcv,seeded_fallback,2026-08-05T06:12:14.910Z,https://www.indiamart.com/proddetail/ultratech-super-grade-53-cement-2855348944062.html
p_be91e2f6c9fcb092,cement,ACC OPC 33 grade cement — 50 kg bag,ACC,hyderabad,SS Enterprises,Hyderabad,IndiaMART,dealer,650.00,bag,650.00,bag,EXCL,18,2523,18.00,12.50,2.00,799.50,799.50,,,unknown,,BRAND_LICENSED,,1,,,23.38,lcv,seeded_fallback,2026-08-01T13:26:54.774Z,https://www.indiamart.com/proddetail/acc-cement-2853113595430.html
p_55b860e40bd7a046,cement,UltraTech White cement cement — 25 kg bag,UltraTech,hyderabad,Basemet. com,Malakpet,ExportersIndia,dealer,335.00,piece,670.00,bag,EXCL,18,2523,18.00,12.50,2.00,823.10,823.10,,,unknown,,BRAND_LICENSED,,1,,,26.66,lcv,computed,2026-08-05T06:31:20.759Z,https://www.exportersindia.com/product-detail/ultratech-super-stucco-cement-5402001.htm
p_03529588368410b6,cement,Bangur PPC 43 grade cement — 25 kg bag,Bangur,hyderabad,Buildsuvidha India Private Limited,"Begumpet, Hyderabad",IndiaMART,dealer,390.00,bag,780.00,bag,EXCL,18,2523,18.00,12.50,2.00,952.90,952.90,,,unknown,,BRAND_LICENSED,,1,,,24.44,lcv,computed,2026-08-05T06:19:14.348Z,https://www.indiamart.com/proddetail/bangur-ppc-cement-2854249115597.html
p_42b5d5c5de25b5c2,cement,Unbranded OPC cement — 50 kg bag,,hyderabad,Sri Sai Refractories,Kukatpally,ExportersIndia,dealer,17.00,kg,850.00,bag,EXCL,18,2523,18.00,12.50,2.00,1035.50,1035.50,,,unknown,,NOT_DECLARED,,1,,,12.17,lcv,computed,2026-08-05T06:31:20.759Z,https://www.exportersindia.com/product-detail/fireproof-cement-6130725.htm
p_7fe1949574e4212e,cement,Nagarjuna PSC cement — 25 kg bag,Nagarjuna,hyderabad,Jai Bhavani Traders,Hyderabad,IndiaMART,dealer,450.00,bag,900.00,bag,EXCL,18,2523,18.00,12.50,2.00,1094.50,1094.50,,,unknown,,BRAND_LICENSED,,1,,,29.9,lcv,seeded_fallback,2026-08-02T10:33:44.817Z,https://www.indiamart.com/proddetail/nagarjuna-cement-2852879511412.html
p_e7dfccd99d13af53,cement,JK White cement cement — 50 kg bag,JK,hyderabad,Manju Marketing,"Jubilee Hills, Hyderabad",IndiaMART,dealer,900.00,bag,900.00,bag,EXCL,18,2523,18.50,12.50,2.00,1095.00,1095.00,,,unknown,,BRAND_LICENSED,,1,4.5,34,30.83,lcv,computed,2026-08-05T06:16:54.141Z,https://www.indiamart.com/proddetail/50kg-jk-white-cement-22573667755.html
p_821ccb398c4cbfe0,cement,JK White cement cement — 25 kg bag,JK,hyderabad,G M R Construction Materials,Hyderabad,IndiaMART,dealer,590.00,bag,1180.00,bag,EXCL,18,2523,18.00,12.50,2.00,1213.00,1213.00,,,unknown,,BRAND_LICENSED,,1,4,101,14.34,lcv,seeded_fallback,2026-08-01T04:29:58.390Z,https://www.indiamart.com/proddetail/jkc-maxx-white-portland-cement-24429150788.html
p_821ccb398c4cbfe0,cement,JK White cement cement — 25 kg bag,JK,hyderabad,Manju Marketing,"Jubilee Hills, Hyderabad",IndiaMART,dealer,500.00,bag,1000.00,bag,EXCL,18,2523,18.50,12.50,2.00,1213.00,1213.00,,,unknown,,BRAND_LICENSED,,1,4.5,34,30.83,lcv,computed,2026-08-05T06:17:01.116Z,https://www.indiamart.com/proddetail/25kg-jk-white-cement-22563549688.html
p_9b297240b62d647b,cement,Unbranded OPC 53 grade cement — 25 kg bag,,hyderabad,Nikhil Industries,Hyderabad,IndiaMART,dealer,650.00,bag,1300.00,bag,EXCL,18,2523,20.42,12.50,2.00,1568.92,1568.92,,,unknown,,NOT_DECLARED,,1,,,34.04,lcv,seeded_fallback,2026-08-05T06:19:00.303Z,https://www.indiamart.com/proddetail/j-k-cement-2857062461473.html
p_9b297240b62d647b,cement,Unbranded OPC 53 grade cement — 25 kg bag,,hyderabad,Sachin Enterprises,Hyderabad,IndiaMART,dealer,318.00,kg,15900.00,bag,EXCL,18,2523,18.00,12.50,2.00,1568.92,1568.92,,,unknown,,NOT_DECLARED,,1,,,8.67,lcv,seeded_fallback,2026-08-05T06:19:00.303Z,https://www.indiamart.com/proddetail/j-k-cement-2856620227355.html
p_403dcf2ac0b16719,cement,Unbranded OPC cement — 50 kg bag,,hyderabad,Helix Marketing Private Limited,Hyderabad,IndiaMART,dealer,1400.00,bag,1400.00,bag,EXCL,18,2523,18.00,12.50,2.00,1684.50,1684.50,,,unknown,,NOT_DECLARED,,1,,,27.81,lcv,seeded_fallback,2026-08-05T06:14:55.498Z,https://www.indiamart.com/proddetail/portland-cement-2854987788655.html
p_abd67383b9622806,cement,Penna Premium OPC cement — 25 kg bag,Penna Premium,hyderabad,A H United Traders,Hyderabad,IndiaMART,dealer,760.00,bag,1520.00,bag,EXCL,18,2523,21.57,12.50,2.00,1829.67,1829.67,,,unknown,,BRAND_LICENSED,,1,,,35.95,lcv,seeded_fallback,2026-08-05T06:16:40.272Z,https://www.indiamart.com/proddetail/penna-premium-cement-24162644730.html
p_0f469e0ffa4cc7bf,cement,ACC F2R OPC cement — 50 kg bag,ACC F2R,hyderabad,Helix Marketing Private Limited,Hyderabad,IndiaMART,dealer,1550.00,bag,1550.00,bag,EXCL,18,2523,18.00,12.50,2.00,1861.50,1861.50,,,unknown,,BRAND_LICENSED,,1,,,27.81,lcv,seeded_fallback,2026-08-01T04:24:38.985Z,https://www.indiamart.com/proddetail/acc-f2r-cement-2854987810412.html
p_9c3f7c7a16592c8b,cement,Unbranded OPC cement — 40 kg bag,,hyderabad,M S Star Refractory Works,Malkajgiri,ExportersIndia,dealer,2000.00,bag,2500.00,bag,EXCL,18,2523,188.45,12.50,2.00,3152.95,3152.95,5,Tonne,unknown,,NOT_DECLARED,,1,,,39.26,tempo,seeded_fallback,2026-08-05T06:31:20.759Z,https://www.exportersindia.com/product-detail/thermotex-refractory-cement-8427636512.htm
p_096c13235cd1173a,cement,Unbranded PPC cement — 5 kg bag,,hyderabad,G S R Marketig Limited,"Nallakunta, Hyderabad",IndiaMART,dealer,300.00,bag,3000.00,bag,EXCL,18,2523,18.00,12.50,2.00,3572.50,3572.50,,,unknown,,NOT_DECLARED,,1,,,23.11,lcv,computed,2026-08-02T10:34:40.856Z,https://www.indiamart.com/proddetail/portland-pozzolana-cement-2853259048312.html
p_b56eedafe17c318a,cement,Unbranded OPC 53 grade cement — 50 kg bag,,vijayawada,Akshat Tradex Private Limited,,ExportersIndia,dealer,355.00,kg,17750.00,bag,EXCL,18,2523,12.00,12.50,2.00,,,1000,Kg,unknown,,NOT_DECLARED,,1,,,10.81,10_tyre,seeded_fallback,2026-08-05T06:31:27.506Z,https://www.exportersindia.com/product-detail/opc-43-grade-cement-3152966549.htm
p_0f32ff4029d63bbc,cement,Unbranded OPC cement — 10 kg bag,,vijayawada,K K Minerals Industries,,ExportersIndia,dealer,2800.00,bag,14000.00,bag,EXCL,18,2523,380.00,40.00,2.00,,,1,Bag,unknown,,NOT_DECLARED,,1,,,31.99,parcel,seeded_fallback,2026-08-05T06:25:50.547Z,https://www.exportersindia.com/product-detail/high-alumina-refractory-cement-2709328.htm
p_9ceddeb665d3ce6b,cement,Unbranded OPC cement — 50 kg bag,,vijayawada,Tattvam Vyapaar Private Limited,,ExportersIndia,dealer,400.00,kg,20000.00,bag,EXCL,18,2523,380.00,40.00,2.00,,,1,Tonne,unknown,,NOT_DECLARED,,1,,,23.2,parcel,seeded_fallback,2026-08-05T06:31:31.692Z,https://www.exportersindia.com/product-detail/fire-crete-cement-1447428682.htm
p_f2bfeba2c57c24ee,cement,Unbranded OPC cement — 25 kg bag,,vijayawada,Satyam Ceramics,,ExportersIndia,dealer,23000.00,kg,1150000.00,bag,EXCL,18,2523,380.00,40.00,2.00,,,1,Tonne,unknown,,NOT_DECLARED,,1,,,29.95,parcel,seeded_fallback,2026-08-05T06:31:31.692Z,https://www.exportersindia.com/product-detail/high-alumina-refractory-cement-sharb-50-9933234479.htm
p_2a461c4dc09f7017,cement,MP Birla Samrat OPC 43 grade cement — 50 kg bag,MP Birla Samrat,vijayawada,Vishva Housings Solution,,ExportersIndia,dealer,280.00,kg,14000.00,bag,EXCL,18,2523,12.00,12.50,2.00,,,1000,Kg,unknown,,BRAND_LICENSED,,1,,,21.81,10_tyre,seeded_fallback,2026-08-05T06:28:27.491Z,https://www.exportersindia.com/product-detail/mp-birla-samrat-cement-8316016.htm
p_0972a452c91aee8a,cement,Unbranded White cement cement — 50 kg bag,,vijayawada,Global Chemicals and Minerals,,ExportersIndia,dealer,650.00,bag,650.00,bag,EXCL,18,2523,16.00,12.50,2.00,47.84,47.84,100,Bag,unknown,,NOT_DECLARED,,1,,,38.04,6_tyre,seeded_fallback,2026-08-05T06:31:27.506Z,https://www.exportersindia.com/product-detail/25-kg-global-white-cement-9188542432.htm
p_0972a452c91aee8a,cement,Unbranded White cement cement — 50 kg bag,,vijayawada,Sam Monolithics Pvt. Ltd.,,ExportersIndia,dealer,26.00,kg,1300.00,bag,EXCL,18,2523,18.00,12.50,2.00,47.84,47.84,,,unknown,,NOT_DECLARED,,1,,,17.19,lcv,seeded_fallback,2026-08-05T06:31:27.506Z,https://www.exportersindia.com/product-detail/used-in-tipfilling-machine-white-tip-fill-cement-7715393257.htm
p_0972a452c91aee8a,cement,Unbranded White cement cement — 50 kg bag,,vijayawada,HD Colour Paints,,ExportersIndia,dealer,275.00,bag,275.00,bag,EXCL,18,2523,18.00,12.50,2.00,47.84,47.84,,,unknown,,NOT_DECLARED,,1,,,24.22,lcv,seeded_fallback,2026-08-05T06:25:50.547Z,https://www.exportersindia.com/product-detail/hdpe-bag-decorative-white-cement-5986593.htm
p_0972a452c91aee8a,cement,Unbranded White cement cement — 50 kg bag,,vijayawada,HD Colour Paints,,ExportersIndia,dealer,13.00,bag,13.00,bag,EXCL,18,2523,18.00,12.50,2.00,47.84,47.84,,,unknown,,NOT_DECLARED,,1,,,24.22,lcv,seeded_fallback,2026-08-01T15:20:31.784Z,https://www.exportersindia.com/product-detail/wall-doctor-white-cement-powder-5986579.htm
p_0972a452c91aee8a,cement,Unbranded White cement cement — 50 kg bag,,vijayawada,VRS Designer,,ExportersIndia,dealer,18.00,kg,900.00,bag,EXCL,18,2523,37.44,12.50,2.00,47.84,47.84,25,Tonne,unknown,,NOT_DECLARED,,1,,,39,tempo,seeded_fallback,2026-08-05T06:25:50.547Z,https://www.exportersindia.com/product-detail/white-cement-4694172672.htm
p_0972a452c91aee8a,cement,Unbranded White cement cement — 50 kg bag,,vijayawada,HD Colour Paints,,ExportersIndia,dealer,545.00,bag,545.00,bag,EXCL,18,2523,18.00,12.50,2.00,47.84,47.84,,,unknown,,NOT_DECLARED,,1,,,24.22,lcv,seeded_fallback,2026-08-05T06:28:27.491Z,https://www.exportersindia.com/product-detail/wall-doctor-50-kg-white-cement-5986555.htm
p_85d56ce0e7fa15fa,cement,Unbranded OPC cement — 50 kg bag,,vijayawada,Welco Pipes Private Limited,,ExportersIndia,dealer,40.00,piece,40.00,bag,EXCL,18,2523,12.00,12.50,2.00,73.70,73.70,1000,Piece,unknown,,NOT_DECLARED,,1,,,41.01,10_tyre,seeded_fallback,2026-08-05T06:28:27.491Z,https://www.exportersindia.com/product-detail/welcoseal-upvc-solvent-cement-3453889691.htm
p_fd1d9c6f9432dc55,cement,Unbranded OPC cement — 50 kg bag,,vijayawada,Welco Pipes Private Limited,,ExportersIndia,dealer,40.00,piece,40.00,bag,EXCL,18,2523,12.00,12.50,2.00,73.70,73.70,1000,Piece,unknown,,NOT_DECLARED,,1,,,41.01,10_tyre,seeded_fallback,2026-08-05T06:25:53.587Z,https://www.exportersindia.com/product-detail/welcoseal-pvc-solvent-cement-9872456359.htm
p_b140cf5ef1fae5ec,cement,Unbranded OPC cement — 50 kg bag,,vijayawada,Vardhan Resources India International,,ExportersIndia,dealer,1.00,bag,1.00,bag,EXCL,18,2523,73.01,12.50,2.00,88.69,88.69,10,Tonne,unknown,,NOT_DECLARED,,1,,,30.42,tempo,seeded_fallback,2026-08-05T06:31:38.364Z,https://www.exportersindia.com/product-detail/high-alumina-cement-8528659611.htm
p_046a03c1447deb92,cement,Unbranded OPC 43 grade cement — 50 kg bag,,vijayawada,Swapnil Enterprises,,ExportersIndia,dealer,50.00,piece,50.00,bag,EXCL,18,2523,24.24,12.50,2.00,97.74,97.74,,,unknown,,NOT_DECLARED,,1,,,40.4,lcv,seeded_fallback,2026-08-05T06:31:38.364Z,https://www.exportersindia.com/product-detail/pvc-solvent-cements-5875045.htm
p_046a03c1447deb92,cement,Unbranded OPC 43 grade cement — 50 kg bag,,vijayawada,Kalyani Systems,,ExportersIndia,dealer,20000.00,tonne,1000.00,bag,EXCL,18,2523,380.00,40.00,2.00,97.74,97.74,1,Tonne,unknown,,NOT_DECLARED,,1,,,28,parcel,seeded_fallback,2026-08-05T06:31:41.723Z,https://www.exportersindia.com/product-detail/high-alumina-cement-6466151.htm
p_586f3de966a65497,cement,Unbranded OPC cement — 25 kg bag,,vijayawada,High Touch Industries,,ExportersIndia,dealer,32.00,piece,64.00,bag,EXCL,18,2523,12.00,12.50,2.00,102.02,102.02,1000,Kg,unknown,,NOT_DECLARED,,1,,,10.98,10_tyre,seeded_fallback,2026-08-05T06:31:38.364Z,https://www.exportersindia.com/product-detail/25ml-high-touch-cpvc-solvent-cement-7913392971.htm
p_729593ca732e543d,cement,UltraTech PPC cement — 50 kg bag,UltraTech,vijayawada,BigBMart,Hyderabad,BigBMart,platform,325.00,bag,325.00,bag,INCL,18,2523,22.67,12.50,2.00,174.10,174.10,,,unknown,,BRAND_LICENSED,,1,,,37.78,lcv,seeded_fallback,2026-08-01T00:00:00.000Z,https://bigbmart.com/product/ultratech-ppc-super-cement/
p_729593ca732e543d,cement,UltraTech PPC cement — 50 kg bag,UltraTech,vijayawada,JAS Import Export Solutions,,ExportersIndia,dealer,350.00,bag,350.00,bag,EXCL,18,2523,16.00,12.50,2.00,174.10,174.10,100,Bag,unknown,,BRAND_LICENSED,,1,,,25.52,6_tyre,seeded_fallback,2026-08-05T06:28:27.491Z,https://www.exportersindia.com/product-detail/ultratech-cement-4233224852.htm
p_729593ca732e543d,cement,UltraTech PPC cement — 50 kg bag,UltraTech,vijayawada,KLG Ecolite,Deals in Vijayawada,IndiaMART,dealer,300.00,bag,300.00,bag,EXCL,18,2523,18.00,12.50,2.00,174.10,174.10,,,unknown,,BRAND_LICENSED,,1,3.9,1857,12.23,lcv,seeded_fallback,2026-08-05T06:20:24.218Z,https://www.indiamart.com/proddetail/ultratech-cement-50-kg-2853256268697.html
p_729593ca732e543d,cement,UltraTech PPC cement — 50 kg bag,UltraTech,vijayawada,KLG Ecolite,Deals in Vijayawada,IndiaMART,dealer,120.00,bag,120.00,bag,EXCL,18,2523,18.00,12.50,2.00,174.10,174.10,,,unknown,,BRAND_LICENSED,,1,3.9,1857,12.23,lcv,seeded_fallback,2026-08-05T06:20:10.261Z,https://www.indiamart.com/proddetail/ultratech-cement-2859489436948.html
p_729593ca732e543d,cement,UltraTech PPC cement — 50 kg bag,UltraTech,vijayawada,KLG Ecolite,Deals in Vijayawada,IndiaMART,dealer,270.00,bag,270.00,bag,EXCL,18,2523,18.00,12.50,2.00,174.10,174.10,,,unknown,,BRAND_LICENSED,,1,3.9,1857,12.23,lcv,seeded_fallback,2026-08-05T06:20:10.261Z,https://www.indiamart.com/proddetail/ultratech-cement-2856306513191.html
p_729593ca732e543d,cement,UltraTech PPC cement — 50 kg bag,UltraTech,vijayawada,Sri Hanuman Traders,"Vijayawada, Dist. NTR",IndiaMART,dealer,410.00,bag,410.00,bag,EXCL,18,2523,18.00,12.50,2.00,174.10,174.10,,,unknown,,BRAND_LICENSED,,1,,,27.45,lcv,seeded_fallback,2026-08-05T06:21:20.481Z,https://www.indiamart.com/proddetail/portland-cement-25253966791.html
p_729593ca732e543d,cement,UltraTech PPC cement — 50 kg bag,UltraTech,vijayawada,Sri Hanuman Traders,"Vijayawada, Dist. NTR",IndiaMART,dealer,325.00,bag,325.00,bag,EXCL,18,2523,18.00,12.50,2.00,174.10,174.10,,,unknown,,BRAND_LICENSED,,1,,,27.45,lcv,seeded_fallback,2026-08-05T06:23:26.538Z,https://www.indiamart.com/proddetail/slag-cement-25253966855.html
p_729593ca732e543d,cement,UltraTech PPC cement — 50 kg bag,UltraTech,vijayawada,Devi Manohar Constructions And Materials,"Vijayawada, Dist. NTR",IndiaMART,dealer,400.00,bag,400.00,bag,EXCL,18,2523,21.58,12.50,2.00,174.10,174.10,,,unknown,,BRAND_LICENSED,,1,2.3,3,35.97,lcv,seeded_fallback,2026-08-05T06:20:10.261Z,https://www.indiamart.com/proddetail/ultratech-ppc-cement-23392160162.html
p_98d8fbc67c46b2f2,cement,UltraTech OPC 43 grade cement — 50 kg bag,UltraTech,vijayawada,KLG Ecolite,Deals in Vijayawada,IndiaMART,dealer,200.00,bag,200.00,bag,EXCL,18,2523,18.00,12.50,2.00,268.50,268.50,,,unknown,,BRAND_LICENSED,,1,3.9,1857,12.23,lcv,seeded_fallback,2026-08-05T06:20:31.246Z,https://www.indiamart.com/proddetail/ultratech-cement-2859489442755.html
p_98d8fbc67c46b2f2,cement,UltraTech OPC 43 grade cement — 50 kg bag,UltraTech,vijayawada,Sri Laxmi Durga Agencies,"Vijayawada, Dist. NTR",IndiaMART,dealer,410.00,bag,410.00,bag,EXCL,18,2523,18.00,12.50,2.00,268.50,268.50,,,unknown,,BRAND_LICENSED,,1,3.9,10,17.33,lcv,seeded_fallback,2026-08-05T06:20:10.261Z,https://www.indiamart.com/proddetail/ultratech-grade-43-opc-cement-2850030876097.html
p_06e12ff05224b3b4,cement,Nagarjuna PPC cement — 50 kg bag,Nagarjuna,vijayawada,BigBMart,Hyderabad,BigBMart,platform,265.00,bag,265.00,bag,INCL,18,2523,22.67,12.50,2.00,302.17,302.17,,,unknown,,BRAND_LICENSED,,1,,,37.78,lcv,seeded_fallback,2026-08-01T00:00:00.000Z,https://bigbmart.com/product/nagarjuna-ppc-cement/
p_06e12ff05224b3b4,cement,Nagarjuna PPC cement — 50 kg bag,Nagarjuna,vijayawada,Sri Laxmi Durga Agencies,"Vijayawada, Dist. NTR",IndiaMART,dealer,435.00,bag,435.00,bag,EXCL,18,2523,18.00,12.50,2.00,302.17,302.17,,,unknown,,BRAND_LICENSED,,1,3.9,10,17.33,lcv,seeded_fallback,2026-08-05T06:22:51.487Z,https://www.indiamart.com/proddetail/nagarjuna-ppc-cement-2850576533348.html
p_4f38ae66d4353327,cement,Bangur PPC cement — 50 kg bag,Bangur,vijayawada,BigBMart,Hyderabad,BigBMart,platform,270.00,bag,270.00,bag,INCL,18,2523,22.67,12.50,2.00,307.17,307.17,,,unknown,,BRAND_LICENSED,,1,,,37.78,lcv,seeded_fallback,2026-08-01T00:00:00.000Z,https://bigbmart.com/product/bangur-ppc-cement/
p_7f7dbea7a107125d,cement,ACC Suraksha PPC cement — 50 kg bag,ACC Suraksha,vijayawada,BigBMart,Hyderabad,BigBMart,platform,280.00,bag,280.00,bag,INCL,18,2523,22.67,12.50,2.00,317.17,317.17,,,unknown,,BRAND_LICENSED,,1,,,37.78,lcv,seeded_fallback,2026-08-01T00:00:00.000Z,https://bigbmart.com/product/acc-suraksha-ppc-cement/
p_0e438e965675a618,cement,Birla Shakti PPC cement — 50 kg bag,Birla Shakti,vijayawada,BigBMart,Hyderabad,BigBMart,platform,280.00,bag,280.00,bag,INCL,18,2523,22.67,12.50,2.00,317.17,317.17,,,unknown,,BRAND_LICENSED,,1,,,37.78,lcv,seeded_fallback,2026-08-01T00:00:00.000Z,https://bigbmart.com/product/birla-shakti-ppc-cement/
p_0bffb2c2fb8bc6d5,cement,Birla Shakti OPC cement — 50 kg bag,Birla Shakti,vijayawada,BigBMart,Hyderabad,BigBMart,platform,285.00,bag,285.00,bag,INCL,18,2523,22.67,12.50,2.00,322.18,322.18,,,unknown,,BRAND_LICENSED,,1,,,37.78,lcv,seeded_fallback,2026-08-01T00:00:00.000Z,https://bigbmart.com/product/birla-shakti-opc-cement/
p_eda68d47423f07f4,cement,JSW Concreel OPC cement — 50 kg bag,JSW Concreel,vijayawada,BigBMart,Hyderabad,BigBMart,platform,285.00,bag,285.00,bag,INCL,18,2523,22.67,12.50,2.00,322.18,322.18,,,unknown,,BRAND_LICENSED,,1,,,37.78,lcv,seeded_fallback,2026-08-01T00:00:00.000Z,https://bigbmart.com/product/jsw-concreel-cement/
p_e77e45b8d49a040d,cement,Maha PPC cement — 50 kg bag,Maha,vijayawada,BigBMart,Hyderabad,BigBMart,platform,285.00,bag,285.00,bag,INCL,18,2523,22.67,12.50,2.00,322.18,322.18,,,unknown,,BRAND_LICENSED,,1,,,37.78,lcv,seeded_fallback,2026-08-01T00:00:00.000Z,https://bigbmart.com/product/maha-ppc-cement/
p_64746a91f547b8b3,cement,Parasakti PPC cement — 50 kg bag,Parasakti,vijayawada,BigBMart,Hyderabad,BigBMart,platform,285.00,bag,285.00,bag,INCL,18,2523,22.67,12.50,2.00,322.18,322.18,,,unknown,,BRAND_LICENSED,,1,,,37.78,lcv,seeded_fallback,2026-08-01T00:00:00.000Z,https://bigbmart.com/product/parasakti-ppc-cement/
p_05c75e924204d4a8,cement,JSW PSC cement — 50 kg bag,JSW,vijayawada,BigBMart,Hyderabad,BigBMart,platform,290.00,bag,290.00,bag,INCL,18,2523,22.67,12.50,2.00,327.17,327.17,,,unknown,,BRAND_LICENSED,,1,,,37.78,lcv,seeded_fallback,2026-08-01T00:00:00.000Z,https://bigbmart.com/product/jsw-psc-cement/
p_4d8105f8129c9234,cement,KCP PPC cement — 50 kg bag,KCP,vijayawada,BigBMart,Hyderabad,BigBMart,platform,290.00,bag,290.00,bag,INCL,18,2523,22.67,12.50,2.00,327.17,327.17,,,unknown,,BRAND_LICENSED,,1,,,37.78,lcv,seeded_fallback,2026-08-01T00:00:00.000Z,https://bigbmart.com/product/kcp-ppc-cement/
p_4d8105f8129c9234,cement,KCP PPC cement — 50 kg bag,KCP,vijayawada,Sree Ayyappa Steel & Cements,"Vijayawada, Dist. Krishna",IndiaMART,dealer,320.00,bag,320.00,bag,EXCL,18,2523,19.94,12.50,2.00,327.17,327.17,,,unknown,,BRAND_LICENSED,,1,,,33.23,lcv,seeded_fallback,2026-08-05T06:20:52.348Z,https://www.indiamart.com/proddetail/kcp-ppc-cement-2853075471955.html
p_4700339635397af2,cement,Sagar OPC 53 grade cement — 50 kg bag,Sagar,vijayawada,Saaz Innovations,Deals in Vijayawada,IndiaMART,dealer,250.00,bag,250.00,bag,EXCL,18,2523,18.00,12.50,2.00,327.50,327.50,,,unknown,,BRAND_LICENSED,,1,,,29.35,lcv,seeded_fallback,2026-08-02T10:35:50.860Z,https://www.indiamart.com/proddetail/opc-cement-loose-2859084938648.html
p_6d943aa564a0a461,cement,ACC Suraksha OPC cement — 50 kg bag,ACC Suraksha,vijayawada,BigBMart,Hyderabad,BigBMart,platform,295.00,bag,295.00,bag,INCL,18,2523,22.67,12.50,2.00,332.17,332.17,,,unknown,,BRAND_LICENSED,,1,,,37.78,lcv,seeded_fallback,2026-08-01T00:00:00.000Z,https://bigbmart.com/product/acc-suraksha-opc-cement/
p_82ff8c5c1cb487ea,cement,CCI PPC cement — 50 kg bag,CCI,vijayawada,BigBMart,Hyderabad,BigBMart,platform,295.00,bag,295.00,bag,INCL,18,2523,22.67,12.50,2.00,332.17,332.17,,,unknown,,BRAND_LICENSED,,1,,,37.78,lcv,seeded_fallback,2026-08-01T00:00:00.000Z,https://bigbmart.com/product/cci-ppc-cement/
p_69003781adad7526,cement,Unbranded OPC cement — 50 kg bag,,vijayawada,BigBMart,Hyderabad,BigBMart,platform,299.00,bag,299.00,bag,INCL,18,2523,22.67,12.50,2.00,336.17,336.17,,,unknown,,NOT_DECLARED,,1,,,37.78,lcv,seeded_fallback,2026-08-01T00:00:00.000Z,https://bigbmart.com/product/anjani-super-gold-cement/
p_a89c4cd3569bbb61,cement,Dalmia PPC cement — 50 kg bag,Dalmia,vijayawada,BigBMart,Hyderabad,BigBMart,platform,299.00,bag,299.00,bag,INCL,18,2523,22.67,12.50,2.00,336.17,336.17,,,unknown,,BRAND_LICENSED,,1,,,37.78,lcv,seeded_fallback,2026-08-01T00:00:00.000Z,https://bigbmart.com/product/dalmia-vajram-ppc-cement/
p_54fdf9bd05a7b9ed,cement,Bharathi PPC cement — 50 kg bag,Bharathi,vijayawada,BigBMart,Hyderabad,BigBMart,platform,300.00,bag,300.00,bag,INCL,18,2523,22.67,12.50,2.00,337.17,337.17,,,unknown,,BRAND_LICENSED,,1,,,37.78,lcv,seeded_fallback,2026-08-01T00:00:00.000Z,https://bigbmart.com/product/bharathi-ppc-cement/
p_9fca26a5c0aa79d1,cement,MP Birla Samrat PPC cement — 50 kg bag,MP Birla Samrat,vijayawada,BigBMart,Hyderabad,BigBMart,platform,300.00,bag,300.00,bag,INCL,18,2523,22.67,12.50,2.00,337.17,337.17,,,unknown,,BRAND_LICENSED,,1,,,37.78,lcv,seeded_fallback,2026-08-01T00:00:00.000Z,https://bigbmart.com/product/mp-birla-samrat-ppc-cement/
p_2eab0f2985c4407b,cement,Bangur OPC cement — 50 kg bag,Bangur,vijayawada,BigBMart,Hyderabad,BigBMart,platform,305.00,bag,305.00,bag,INCL,18,2523,22.67,12.50,2.00,342.16,342.16,,,unknown,,BRAND_LICENSED,,1,,,37.78,lcv,seeded_fallback,2026-08-01T00:00:00.000Z,https://bigbmart.com/product/bangur-opc-cement/
p_d5205cd7d30d06d2,cement,Bhavya OPC cement — 50 kg bag,Bhavya,vijayawada,BigBMart,Hyderabad,BigBMart,platform,305.00,bag,305.00,bag,INCL,18,2523,22.67,12.50,2.00,342.16,342.16,,,unknown,,BRAND_LICENSED,,1,,,37.78,lcv,seeded_fallback,2026-08-01T00:00:00.000Z,https://bigbmart.com/product/bhavya-opc-cement/
p_2fa63b7dd32e39e1,cement,Nagarjuna OPC cement — 50 kg bag,Nagarjuna,vijayawada,BigBMart,Hyderabad,BigBMart,platform,305.00,bag,305.00,bag,INCL,18,2523,22.67,12.50,2.00,342.16,342.16,,,unknown,,BRAND_LICENSED,,1,,,37.78,lcv,seeded_fallback,2026-08-01T00:00:00.000Z,https://bigbmart.com/product/nagarjuna-opc-cement/
p_4e1e5100efcd4975,cement,UltraTech Super OPC cement — 50 kg bag,UltraTech Super,vijayawada,BigBMart,Hyderabad,BigBMart,platform,305.00,bag,305.00,bag,INCL,18,2523,22.67,12.50,2.00,342.16,342.16,,,unknown,,BRAND_LICENSED,,1,,,37.78,lcv,seeded_fallback,2026-08-01T00:00:00.000Z,https://bigbmart.com/product/ultratech-super-cement/
p_08e2c6d1e5a26a8d,cement,Birla A1 OPC cement — 50 kg bag,Birla A1,vijayawada,BigBMart,Hyderabad,BigBMart,platform,310.00,bag,310.00,bag,INCL,18,2523,22.67,12.50,2.00,347.17,347.17,,,unknown,,BRAND_LICENSED,,1,,,37.78,lcv,seeded_fallback,2026-08-01T00:00:00.000Z,https://bigbmart.com/product/birla-a1-orient-green-cement/
p_90c014c7d5499e11,cement,Maha OPC cement — 50 kg bag,Maha,vijayawada,BigBMart,Hyderabad,BigBMart,platform,310.00,bag,310.00,bag,INCL,18,2523,22.67,12.50,2.00,347.17,347.17,,,unknown,,BRAND_LICENSED,,1,,,37.78,lcv,seeded_fallback,2026-08-01T00:00:00.000Z,https://bigbmart.com/product/maha-opc-cement/
p_7c8cdf1739f2a3ba,cement,Parasakti OPC cement — 50 kg bag,Parasakti,vijayawada,BigBMart,Hyderabad,BigBMart,platform,310.00,bag,310.00,bag,INCL,18,2523,22.67,12.50,2.00,347.17,347.17,,,unknown,,BRAND_LICENSED,,1,,,37.78,lcv,seeded_fallback,2026-08-01T00:00:00.000Z,https://bigbmart.com/product/parasakti-opc-cement/
p_56d321b8de1fedc5,cement,Bharathi Ultrafast OPC cement — 50 kg bag,Bharathi Ultrafast,vijayawada,BigBMart,Hyderabad,BigBMart,platform,315.00,bag,315.00,bag,INCL,18,2523,22.67,12.50,2.00,352.17,352.17,,,unknown,,BRAND_LICENSED,,1,,,37.78,lcv,seeded_fallback,2026-08-01T00:00:00.000Z,https://bigbmart.com/product/bharathi-ultrafast-cement/
p_e481e861f1cd30cd,cement,CCI OPC cement — 50 kg bag,CCI,vijayawada,BigBMart,Hyderabad,BigBMart,platform,320.00,bag,320.00,bag,INCL,18,2523,22.67,12.50,2.00,357.17,357.17,,,unknown,,BRAND_LICENSED,,1,,,37.78,lcv,seeded_fallback,2026-08-01T00:00:00.000Z,https://bigbmart.com/product/cci-opc-cement/
p_f3ded6dd4619003d,cement,KCP OPC cement — 50 kg bag,KCP,vijayawada,BigBMart,Hyderabad,BigBMart,platform,320.00,bag,320.00,bag,INCL,18,2523,22.67,12.50,2.00,357.17,357.17,,,unknown,,BRAND_LICENSED,,1,,,37.78,lcv,seeded_fallback,2026-08-01T00:00:00.000Z,https://bigbmart.com/product/kcp-opc-cement/
p_d8314fc4238e38b0,cement,UltraTech PSC cement — 50 kg bag,UltraTech,vijayawada,BigBMart,Hyderabad,BigBMart,platform,320.00,bag,320.00,bag,INCL,18,2523,22.67,12.50,2.00,357.17,357.17,,,unknown,,BRAND_LICENSED,,1,,,37.78,lcv,seeded_fallback,2026-08-01T00:00:00.000Z,https://bigbmart.com/product/ultratech-psc-cement/
p_29c3d84bbd09dfd7,cement,Deccan PPC cement — 50 kg bag,Deccan,vijayawada,BigBMart,Hyderabad,BigBMart,platform,325.00,bag,325.00,bag,INCL,18,2523,22.67,12.50,2.00,362.17,362.17,,,unknown,,BRAND_LICENSED,,1,,,37.78,lcv,seeded_fallback,2026-08-01T00:00:00.000Z,https://bigbmart.com/product/deccan-ppc-cement/
p_57c9d45da0720e21,cement,Ambuja PPC cement — 50 kg bag,Ambuja,vijayawada,BigBMart,Hyderabad,BigBMart,platform,330.00,bag,330.00,bag,INCL,18,2523,22.67,12.50,2.00,367.17,367.17,,,unknown,,BRAND_LICENSED,,1,,,37.78,lcv,seeded_fallback,2026-08-01T00:00:00.000Z,https://bigbmart.com/product/ambuja-ppc-cement/
p_1640b11b33cbfd69,cement,Chettinad PPC 43 grade cement — 50 kg bag,Chettinad,vijayawada,BigBMart,Hyderabad,BigBMart,platform,330.00,bag,330.00,bag,INCL,18,2523,22.67,12.50,2.00,367.17,367.17,,,unknown,,BRAND_LICENSED,,1,,,37.78,lcv,seeded_fallback,2026-08-01T00:00:00.000Z,https://bigbmart.com/product/chettinad-43-grade-ppc-cement/
p_c6bd5fd87497e194,cement,Coromandel PPC cement — 50 kg bag,Coromandel,vijayawada,BigBMart,Hyderabad,BigBMart,platform,330.00,bag,330.00,bag,INCL,18,2523,22.67,12.50,2.00,367.17,367.17,,,unknown,,BRAND_LICENSED,,1,,,37.78,lcv,seeded_fallback,2026-08-01T00:00:00.000Z,https://bigbmart.com/product/coromandel-king-ppc-cement/
p_baf2a86decff77c2,cement,Dalmia OPC cement — 50 kg bag,Dalmia,vijayawada,BigBMart,Hyderabad,BigBMart,platform,330.00,bag,330.00,bag,INCL,18,2523,22.67,12.50,2.00,367.17,367.17,,,unknown,,BRAND_LICENSED,,1,,,37.78,lcv,seeded_fallback,2026-08-01T00:00:00.000Z,https://bigbmart.com/product/dalmia-opc-cement/
p_744fe96e87273ff1,cement,Bhavya PPC cement — 50 kg bag,Bhavya,vijayawada,BigBMart,Hyderabad,BigBMart,platform,335.00,bag,335.00,bag,INCL,18,2523,22.67,12.50,2.00,372.17,372.17,,,unknown,,BRAND_LICENSED,,1,,,37.78,lcv,seeded_fallback,2026-08-01T00:00:00.000Z,https://bigbmart.com/product/bhavya-ppc-cement/
p_990e22f592244167,cement,Birla Gold PPC cement — 50 kg bag,Birla Gold,vijayawada,BigBMart,Hyderabad,BigBMart,platform,335.00,bag,335.00,bag,INCL,18,2523,22.67,12.50,2.00,372.17,372.17,,,unknown,,BRAND_LICENSED,,1,,,37.78,lcv,seeded_fallback,2026-08-01T00:00:00.000Z,https://bigbmart.com/product/birla-gold-ppc-cement/
p_0030991b2f6fde7b,cement,Chettinad OPC 53 grade cement — 50 kg bag,Chettinad,vijayawada,BigBMart,Hyderabad,BigBMart,platform,335.00,bag,335.00,bag,INCL,18,2523,22.67,12.50,2.00,372.17,372.17,,,unknown,,BRAND_LICENSED,,1,,,37.78,lcv,seeded_fallback,2026-08-01T00:00:00.000Z,https://bigbmart.com/product/chettinad-53-grade-opc-cement/
p_c7d3b850ec12773e,cement,ACC Suraksha Power OPC cement — 50 kg bag,ACC Suraksha Power,vijayawada,BigBMart,Hyderabad,BigBMart,platform,340.00,bag,340.00,bag,INCL,18,2523,22.67,12.50,2.00,377.18,377.18,,,unknown,,BRAND_LICENSED,,1,,,37.78,lcv,seeded_fallback,2026-08-01T00:00:00.000Z,https://bigbmart.com/product/acc-suraksha-power-plus-cement/
p_703a69253790f902,cement,Deccan OPC cement — 50 kg bag,Deccan,vijayawada,BigBMart,Hyderabad,BigBMart,platform,340.00,bag,340.00,bag,INCL,18,2523,22.67,12.50,2.00,377.18,377.18,,,unknown,,BRAND_LICENSED,,1,,,37.78,lcv,seeded_fallback,2026-08-01T00:00:00.000Z,https://bigbmart.com/product/deccan-opc-cement/
p_9ef6abd932d16794,cement,UltraTech OPC 53 grade cement — 50 kg bag,UltraTech,vijayawada,KLG Ecolite,Deals in Vijayawada,IndiaMART,dealer,300.00,bag,300.00,bag,EXCL,18,2523,18.00,12.50,2.00,380.60,380.60,,,unknown,,BRAND_LICENSED,,1,3.9,1857,12.23,lcv,seeded_fallback,2026-08-05T06:22:51.487Z,https://www.indiamart.com/proddetail/ultratech-premium-cement-2853256274073.html
p_9ef6abd932d16794,cement,UltraTech OPC 53 grade cement — 50 kg bag,UltraTech,vijayawada,KLG Ecolite,Deals in Vijayawada,IndiaMART,dealer,390.00,bag,390.00,bag,EXCL,18,2523,18.00,12.50,2.00,380.60,380.60,,,unknown,,BRAND_LICENSED,,1,3.9,1857,12.23,lcv,seeded_fallback,2026-08-05T06:20:17.511Z,https://www.indiamart.com/proddetail/ultratech-cement-opc-53-2856382507262.html
p_9ef6abd932d16794,cement,UltraTech OPC 53 grade cement — 50 kg bag,UltraTech,vijayawada,KLG Ecolite,Deals in Vijayawada,IndiaMART,dealer,295.00,bag,295.00,bag,EXCL,18,2523,18.00,12.50,2.00,380.60,380.60,,,unknown,,BRAND_LICENSED,,1,3.9,1857,12.23,lcv,seeded_fallback,2026-08-05T06:20:24.218Z,https://www.indiamart.com/proddetail/ultratech-cement-opc-53-19345225155.html
p_9ef6abd932d16794,cement,UltraTech OPC 53 grade cement — 50 kg bag,UltraTech,vijayawada,KLG Ecolite,Deals in Vijayawada,IndiaMART,dealer,350.00,bag,350.00,bag,EXCL,18,2523,18.00,12.50,2.00,380.60,380.60,,,unknown,,BRAND_LICENSED,,1,3.9,1857,12.23,lcv,seeded_fallback,2026-08-05T06:20:10.261Z,https://www.indiamart.com/proddetail/ultratech-cement-opc-53-2856382459512.html
p_9ef6abd932d16794,cement,UltraTech OPC 53 grade cement — 50 kg bag,UltraTech,vijayawada,KLG Ecolite,Deals in Vijayawada,IndiaMART,dealer,390.00,bag,390.00,bag,EXCL,18,2523,18.00,12.50,2.00,380.60,380.60,,,unknown,,BRAND_LICENSED,,1,3.9,1857,12.23,lcv,seeded_fallback,2026-08-05T06:20:17.511Z,https://www.indiamart.com/proddetail/ultratech-cement-opc-53-2856382490733.html
p_9ef6abd932d16794,cement,UltraTech OPC 53 grade cement — 50 kg bag,UltraTech,vijayawada,Kakatiya Bricks,Deals in Vijayawada,IndiaMART,dealer,300.00,bag,300.00,bag,EXCL,18,2523,21.58,12.50,2.00,380.60,380.60,,,unknown,,BRAND_LICENSED,,1,4.4,29,35.97,lcv,seeded_fallback,2026-08-05T06:20:10.261Z,https://www.indiamart.com/proddetail/ultratech-cement-2858886752448.html
p_9ef6abd932d16794,cement,UltraTech OPC 53 grade cement — 50 kg bag,UltraTech,vijayawada,Sri Laxmi Durga Agencies,"Vijayawada, Dist. NTR",IndiaMART,dealer,415.00,bag,415.00,bag,EXCL,18,2523,18.00,12.50,2.00,380.60,380.60,,,unknown,,BRAND_LICENSED,,1,,,17.33,lcv,seeded_fallback,2026-08-05T06:20:10.261Z,https://www.indiamart.com/proddetail/ultratech-grade-53-opc-cement-2850030876588.html
p_9ef6abd932d16794,cement,UltraTech OPC 53 grade cement — 50 kg bag,UltraTech,vijayawada,Devi Manohar Constructions And Materials,"Vijayawada, Dist. NTR",IndiaMART,dealer,435.00,bag,435.00,bag,EXCL,18,2523,21.58,12.50,2.00,380.60,380.60,,,unknown,,BRAND_LICENSED,,1,2.3,3,35.97,lcv,seeded_fallback,2026-08-05T06:20:10.261Z,https://www.indiamart.com/proddetail/ultratech-cement-53-grade-21431304633.html
p_2e1b31f7c20de404,cement,UltraTech OPC cement — 50 kg bag,UltraTech,vijayawada,KLG Ecolite,Deals in Vijayawada,IndiaMART,dealer,300.00,bag,300.00,bag,EXCL,18,2523,18.00,12.50,2.00,386.50,386.50,,,unknown,,BRAND_LICENSED,,1,3.9,1857,12.23,lcv,seeded_fallback,2026-08-05T06:20:10.261Z,https://www.indiamart.com/proddetail/ultratech-cement-53-grade-2853256279730.html
p_17f9675ac5e75d46,cement,ACC Concrete OPC cement — 50 kg bag,ACC Concrete,vijayawada,BigBMart,Hyderabad,BigBMart,platform,350.00,bag,350.00,bag,INCL,18,2523,22.67,12.50,2.00,387.17,387.17,,,unknown,,BRAND_LICENSED,,1,,,37.78,lcv,seeded_fallback,2026-08-01T00:00:00.000Z,https://bigbmart.com/product/acc-concrete-opc-cement/
p_1ebf2ff1f69d7b46,cement,Ambuja OPC cement — 50 kg bag,Ambuja,vijayawada,BigBMart,Hyderabad,BigBMart,platform,350.00,bag,350.00,bag,INCL,18,2523,22.67,12.50,2.00,387.17,387.17,,,unknown,,BRAND_LICENSED,,1,,,37.78,lcv,seeded_fallback,2026-08-01T00:00:00.000Z,https://bigbmart.com/product/ambuja-opc-cement/
p_e1e3b2e31f1b460c,cement,Coromandel OPC cement — 50 kg bag,Coromandel,vijayawada,BigBMart,Hyderabad,BigBMart,platform,350.00,bag,350.00,bag,INCL,18,2523,22.67,12.50,2.00,387.17,387.17,,,unknown,,BRAND_LICENSED,,1,,,37.78,lcv,seeded_fallback,2026-08-01T00:00:00.000Z,https://bigbmart.com/product/coromandel-king-opc-cement/
p_cd80c88451562ea3,cement,Birla A1 PPC cement — 50 kg bag,Birla A1,vijayawada,BigBMart,Hyderabad,BigBMart,platform,360.00,bag,360.00,bag,INCL,18,2523,22.67,12.50,2.00,397.16,397.16,,,unknown,,BRAND_LICENSED,,1,,,37.78,lcv,seeded_fallback,2026-08-01T00:00:00.000Z,https://bigbmart.com/product/birla-a1-ppc-cement/
p_247dc7d2e256db29,cement,Birla Gold OPC cement — 50 kg bag,Birla Gold,vijayawada,BigBMart,Hyderabad,BigBMart,platform,360.00,bag,360.00,bag,INCL,18,2523,22.67,12.50,2.00,397.16,397.16,,,unknown,,BRAND_LICENSED,,1,,,37.78,lcv,seeded_fallback,2026-08-01T00:00:00.000Z,https://bigbmart.com/product/birla-gold-opc-cement/
p_ee93c0fae627d49d,cement,MP Birla Perfect OPC cement — 50 kg bag,MP Birla Perfect,vijayawada,BigBMart,Hyderabad,BigBMart,platform,360.00,bag,360.00,bag,INCL,18,2523,22.67,12.50,2.00,397.16,397.16,,,unknown,,BRAND_LICENSED,,1,,,37.78,lcv,seeded_fallback,2026-08-01T00:00:00.000Z,https://bigbmart.com/product/mp-birla-perfect-cement-concrete-plus/
p_9b8d8e6008f9b4a6,cement,Birla A1 OPC cement — 50 kg bag,Birla A1,vijayawada,BigBMart,Hyderabad,BigBMart,platform,370.00,bag,370.00,bag,INCL,18,2523,22.67,12.50,2.00,407.17,407.17,,,unknown,,BRAND_LICENSED,,1,,,37.78,lcv,seeded_fallback,2026-08-01T00:00:00.000Z,https://bigbmart.com/product/birla-a1-opc-cement/
p_449bfda8b3a07b86,cement,Ramco Supercrete OPC 33 grade cement — 50 kg bag,Ramco Supercrete,vijayawada,KGN Enterprises,"Vijayawada, Dist. NTR",IndiaMART,dealer,320.00,bag,320.00,bag,EXCL,18,2523,18.00,12.50,2.00,410.10,410.10,,,unknown,,BRAND_LICENSED,,1,,,13.35,lcv,seeded_fallback,2026-08-05T06:22:02.416Z,https://www.indiamart.com/proddetail/50kg-ramco-supercrete-cement-2850647634797.html
p_94037d22cd39890e,cement,Unbranded PPC 33 grade cement — 50 kg bag,,vijayawada,Ultratech,,ExportersIndia,dealer,250.00,kg,12500.00,bag,EXCL,18,2523,16.00,12.50,2.00,410.24,410.24,100,Bag,unknown,,NOT_DECLARED,,1,,,26.46,6_tyre,seeded_fallback,2026-08-05T06:31:27.506Z,https://www.exportersindia.com/product-detail/53-grade-ppc-cement-1974178161.htm
p_94037d22cd39890e,cement,Unbranded PPC 33 grade cement — 50 kg bag,,vijayawada,Srikanth Enterprises,"Vijayawada, Dist. Krishna",IndiaMART,dealer,320.00,bag,320.00,bag,EXCL,18,2523,18.14,12.50,2.00,410.24,410.24,,,unknown,,NOT_DECLARED,,1,4.5,2,30.24,lcv,seeded_fallback,2026-08-05T06:20:52.348Z,https://www.indiamart.com/proddetail/ppc-cement-2852179093091.html
p_a66c1276f786bf9c,cement,Ramco OPC 43 grade cement — 50 kg bag,Ramco,vijayawada,Srikanth Enterprises,"Vijayawada, Dist. Krishna",IndiaMART,dealer,320.00,bag,320.00,bag,EXCL,18,2523,18.14,12.50,2.00,410.24,410.24,,,unknown,,BRAND_LICENSED,,1,4.5,2,30.24,lcv,seeded_fallback,2026-08-05T06:22:02.416Z,https://www.indiamart.com/proddetail/ramco-43-grade-cement-2850472019048.html
p_1584eeb204fd8a0c,cement,Unbranded OPC cement — 50 kg bag,,vijayawada,Panorama Pvt. Ltd.,,ExportersIndia,dealer,320.00,bag,320.00,bag,EXCL,18,2523,20.32,12.50,2.00,412.42,412.42,,,unknown,,NOT_DECLARED,,1,,,33.87,lcv,seeded_fallback,2026-08-05T06:31:35.235Z,https://www.exportersindia.com/product-detail/construction-cement-4958631519.htm
p_cdb44b8f2b5a4d14,cement,Penna OPC 43 grade cement — 50 kg bag,Penna,vijayawada,Sri Laxmi Durga Agencies,"Vijayawada, Dist. NTR",IndiaMART,dealer,325.00,bag,325.00,bag,EXCL,18,2523,18.00,12.50,2.00,416.00,416.00,,,unknown,,BRAND_LICENSED,,1,3.9,10,17.33,lcv,seeded_fallback,2026-08-05T06:22:16.342Z,https://www.indiamart.com/proddetail/penna-power-grade-43-cement-2850030874862.html
p_b893ac13ebcb1575,cement,Sagar OPC cement — 50 kg bag,Sagar,vijayawada,Phani Bhargav Enterprises,"Vijayawada, Dist. NTR",IndiaMART,dealer,330.00,bag,330.00,bag,EXCL,18,2523,18.00,12.50,2.00,421.90,421.90,,,unknown,,BRAND_LICENSED,,1,3.7,23,18.24,lcv,seeded_fallback,2026-08-05T06:20:52.348Z,https://www.indiamart.com/proddetail/sagar-cement-20711883162.html
p_f94bd7af590711d7,cement,Unbranded OPC cement — 50 kg bag,,vijayawada,Srikanth Enterprises,"Vijayawada, Dist. Krishna",IndiaMART,dealer,340.00,bag,340.00,bag,EXCL,18,2523,18.14,12.50,2.00,433.84,433.84,,,unknown,,NOT_DECLARED,,1,4.5,2,30.24,lcv,seeded_fallback,2026-08-05T06:21:06.895Z,https://www.indiamart.com/proddetail/opc-cement-2852179093173.html
p_6f9ef76170e1795e,cement,Ramco Supercrete OPC cement — 50 kg bag,Ramco Supercrete,vijayawada,Srikanth Enterprises,"Vijayawada, Dist. Krishna",IndiaMART,dealer,340.00,bag,340.00,bag,EXCL,18,2523,18.14,12.50,2.00,433.84,433.84,,,unknown,,BRAND_LICENSED,,1,4.5,2,30.24,lcv,seeded_fallback,2026-08-05T06:22:02.416Z,https://www.indiamart.com/proddetail/50kg-ramco-supercrete-cement-2850167313048.html
p_5c690519c6820d58,cement,UltraTech OPC cement — 50 kg bag,UltraTech,vijayawada,Shri Shidhi Vinayak Enterprises,,ExportersIndia,dealer,350.00,bag,350.00,bag,EXCL,18,2523,10.50,12.50,2.00,438.00,438.00,2000,Bag,unknown,,BRAND_LICENSED,,1,,,26.15,10_tyre,seeded_fallback,2026-08-05T06:31:35.235Z,https://www.exportersindia.com/product-detail/construction-cement-1385869845.htm
p_dc301041dc4f52be,cement,Unbranded PSC cement — 50 kg bag,,vijayawada,Shri Bageshwar Dham Sarkar Enterprises,,ExportersIndia,dealer,350.00,bag,350.00,bag,EXCL,18,2523,12.00,12.50,2.00,439.50,439.50,500,Bag,unknown,,NOT_DECLARED,,1,,,23.46,10_tyre,seeded_fallback,2026-08-05T06:31:38.364Z,https://www.exportersindia.com/product-detail/portland-slag-cement-2677184631.htm
p_17488245d1ad9875,cement,KCP OPC 53 grade cement — 50 kg bag,KCP,vijayawada,Sri Laxmi Durga Agencies,"Vijayawada, Dist. NTR",IndiaMART,dealer,350.00,bag,350.00,bag,EXCL,18,2523,18.00,12.50,2.00,445.50,445.50,,,unknown,,BRAND_LICENSED,,1,3.9,10,17.33,lcv,seeded_fallback,2026-08-05T06:21:06.895Z,https://www.indiamart.com/proddetail/kcp-grade-53-opc-cement-2850576470648.html
p_e2006e786530c568,cement,Ramco Supergrade OPC cement — 50 kg bag,Ramco Supergrade,vijayawada,KGN Enterprises,"Vijayawada, Dist. NTR",IndiaMART,dealer,350.00,bag,350.00,bag,EXCL,18,2523,18.00,12.50,2.00,445.50,445.50,,,unknown,,BRAND_LICENSED,,1,,,13.35,lcv,seeded_fallback,2026-08-05T06:22:02.416Z,https://www.indiamart.com/proddetail/50kg-ramco-supergrade-cement-2854300974562.html
p_894d135133812ec2,cement,Ramco PPC cement — 50 kg bag,Ramco,vijayawada,L I Antony,,ExportersIndia,dealer,350.00,bag,350.00,bag,EXCL,18,2523,22.50,12.50,2.00,447.44,447.44,40,Tonne,unknown,,BRAND_LICENSED,,1,,,14.55,lcv,seeded_fallback,2026-08-05T06:25:50.547Z,https://www.exportersindia.com/product-detail/ppc-cement-8326540.htm
p_894d135133812ec2,cement,Ramco PPC cement — 50 kg bag,Ramco,vijayawada,Sree Ayyappa Steel & Cements,"Vijayawada, Dist. Krishna",IndiaMART,dealer,350.00,bag,350.00,bag,EXCL,18,2523,19.94,12.50,2.00,447.44,447.44,,,unknown,,BRAND_LICENSED,,1,,,33.23,lcv,seeded_fallback,2026-08-05T06:22:02.416Z,https://www.indiamart.com/proddetail/ramco-ppc-cement-2853075471873.html
p_a18b884e84510f6c,cement,Penna Premium OPC 53 grade cement — 50 kg bag,Penna Premium,vijayawada,Sri Laxmi Durga Agencies,"Vijayawada, Dist. NTR",IndiaMART,dealer,370.00,bag,370.00,bag,EXCL,18,2523,18.00,12.50,2.00,469.10,469.10,,,unknown,,BRAND_LICENSED,,1,3.9,10,17.33,lcv,seeded_fallback,2026-08-05T06:22:16.342Z,https://www.indiamart.com/proddetail/penna-premium-grade-53-cement-2850030874755.html
p_f2276e78b0590622,cement,UltraTech Super OPC cement — 50 kg bag,UltraTech Super,vijayawada,Sri Laxmi Durga Agencies,"Vijayawada, Dist. NTR",IndiaMART,dealer,415.00,bag,415.00,bag,EXCL,18,2523,18.00,12.50,2.00,522.20,522.20,,,unknown,,BRAND_LICENSED,,1,3.9,10,17.33,lcv,seeded_fallback,2026-08-05T06:20:10.261Z,https://www.indiamart.com/proddetail/ultratech-super-opc-cement-2850030877597.html
p_a40d5f55cad77b0c,cement,UltraTech Super OPC cement — 50 kg bag,UltraTech Super,vijayawada,Devi Manohar Constructions And Materials,"Vijayawada, Dist. NTR",IndiaMART,dealer,440.00,bag,440.00,bag,EXCL,18,2523,21.58,12.50,2.00,555.28,555.28,,,unknown,,BRAND_LICENSED,,1,2.3,3,35.97,lcv,seeded_fallback,2026-08-05T06:20:10.261Z,https://www.indiamart.com/proddetail/ultratech-super-cement-23667583573.html
p_888d03416bb82923,cement,Unbranded OPC cement — 50 kg bag,,vijayawada,Sarthi International,,ExportersIndia,dealer,390.00,bag,390.00,bag,EXCL,18,2523,156.91,12.50,2.00,631.61,631.61,5,Tonne,unknown,,NOT_DECLARED,,1,,,32.69,tempo,seeded_fallback,2026-08-05T06:31:35.235Z,https://www.exportersindia.com/product-detail/sarthi-platinum-heavy-duty-cement-1147665483.htm
p_c2caefc9468430fb,cement,UltraTech OPC cement — 50 kg bag,UltraTech,vijayawada,Bhikshu Sales Corporation,,ExportersIndia,dealer,1050.00,bag,1050.00,bag,EXCL,18,2523,16.00,12.50,2.00,1269.50,1269.50,100,Bag,unknown,,BRAND_LICENSED,,1,,,26.04,6_tyre,seeded_fallback,2026-08-05T06:31:31.692Z,https://www.exportersindia.com/product-detail/ultratech-cement-7512788311.htm
p_e7dfccd99d13af53,cement,JK White cement cement — 50 kg bag,JK,vijayawada,IK Enterprises,"Vijayawada, Dist. NTR",IndiaMART,dealer,1060.00,bag,1060.00,bag,EXCL,18,2523,18.00,12.50,2.00,1283.30,1283.30,,,unknown,,BRAND_LICENSED,,1,,,20.66,lcv,seeded_fallback,2026-08-05T06:22:51.487Z,https://www.indiamart.com/proddetail/jk-white-cement-50-kg-rate-2852435440491.html
p_3e79ebafcc3ba703,cement,Birla White cement cement — 50 kg bag,Birla,vijayawada,VIJAYALAKSHMI ENTERPRISES,"Vijayawada, Dist. Krishna",IndiaMART,dealer,1100.00,bag,1100.00,bag,EXCL,18,2523,18.00,12.50,2.00,1330.50,1330.50,,,unknown,,BRAND_LICENSED,,1,2.9,7,29.05,lcv,seeded_fallback,2026-08-05T06:21:20.481Z,https://www.indiamart.com/proddetail/white-portland-cement-23326072297.html
p_a87d981e392038bd,cement,Unbranded OPC cement — 50 kg bag,,vijayawada,VKalp Exim,,ExportersIndia,dealer,25.00,kg,1250.00,bag,EXCL,18,2523,20.64,12.50,2.00,1510.14,1510.14,,,unknown,,NOT_DECLARED,,1,,,34.4,lcv,seeded_fallback,2026-08-05T06:25:50.547Z,https://www.exportersindia.com/product-detail/high-alumina-refractory-cement-5269149.htm
p_d7d617131942170c,cement,Unbranded OPC cement — 25 kg bag,,vijayawada,Jainco Refractories Private Limited,,ExportersIndia,dealer,700.00,bag,1400.00,bag,EXCL,18,2523,12.00,12.50,2.00,1678.50,1678.50,500,Bag,unknown,,NOT_DECLARED,,1,,,26.89,10_tyre,seeded_fallback,2026-08-05T06:31:27.506Z,https://www.exportersindia.com/product-detail/high-alumina-refractory-cement-2965823652.htm
p_a2d70db921e2a1bd,cement,Unbranded OPC cement — 25 kg bag,,vijayawada,Redwop Chemicals Pvt. Ltd.,,ExportersIndia,dealer,40.00,kg,2000.00,bag,EXCL,18,2523,18.00,12.50,2.00,2392.50,2392.50,50,Bag,unknown,,CERTIFIED,CM/L-7600149811,1,,,21.13,lcv,seeded_fallback,2026-08-05T06:31:27.506Z,https://www.exportersindia.com/product-detail/redwop-creka-n-portland-cement-1436733585.htm
p_617359fdcc4c456b,cement,Unbranded OPC cement — 50 kg bag,,vijayawada,Redwop Chemicals Pvt. Ltd.,,ExportersIndia,dealer,40.00,kg,2000.00,bag,EXCL,18,2523,18.00,12.50,2.00,2392.50,2392.50,50,Pack,unknown,,NOT_DECLARED,,1,,,21.13,lcv,seeded_fallback,2026-08-05T06:28:27.491Z,https://www.exportersindia.com/product-detail/redwop-pozo-portland-cement-9713538672.htm
p_0f2b7afe8e5bf621,cement,Unbranded OPC cement — 25 kg bag,,vijayawada,G H Chemicals,,ExportersIndia,dealer,50.00,kg,2500.00,bag,EXCL,18,2523,9.48,12.50,2.00,2973.98,2973.98,25000,Kg,unknown,,NOT_DECLARED,,1,,,39.51,10_tyre,seeded_fallback,2026-08-05T06:31:27.506Z,https://www.exportersindia.com/product-detail/grey-cement-6237868556.htm
p_8b13718636af9165,cement,Unbranded OPC cement — 12 kg bag,,vijayawada,Chandigarh Trade Link,,ExportersIndia,dealer,545.00,bag,2270.83,bag,EXCL,18,2523,380.00,40.00,2.00,3101.58,3101.58,1,Tonne,unknown,,NOT_DECLARED,,1,,,9.3,parcel,seeded_fallback,2026-08-05T06:31:38.364Z,https://www.exportersindia.com/product-detail/myk-arment-rearm-fix-10s-fast-setting-cement-6255442.htm
p_0cf648d7d0e3ea59,cement,Unbranded White cement cement — 5 kg bag,,vijayawada,HD Colour Paints,,ExportersIndia,dealer,305.00,bag,3050.00,bag,EXCL,18,2523,18.00,12.50,2.00,3631.50,3631.50,,,unknown,,NOT_DECLARED,,1,,,24.22,lcv,seeded_fallback,2026-08-01T13:42:52.503Z,https://www.exportersindia.com/product-detail/hdpe-bag-5kg-white-cement-5986556.htm