product_id,category,title,brand,region_id,vendor_name,vendor_locality,platform,seller_type,base_rupees,base_unit,base_rupees_per_canonical,unit_canonical,gst_treatment,gst_rate_pct,hsn,freight_rupees,handling_rupees,loading_rupees,landed_rupees_per_canonical,landed_rupees_per_trade_unit,moq_qty,moq_unit,stock_state,lead_time_days,cert_state,cert_ref,qco_regulated,rating,review_count,distance_km,vehicle_class,freight_basis,fetched_at,source_url
p_a95fb5608e6dc9b3,bricks_blocks,Unbranded Red clay brick 230×115×75 mm,,hyderabad,Well Make Refractory Lining Works,Hyderabad,ExportersIndia,dealer,2200.00,piece,2200.00,piece,EXCL,12,6904,1.60,0.57,0.35,,,,,unknown,,NOT_APPLICABLE,,0,,,18.02,6_tyre,seeded_fallback,2026-08-05T06:32:23.644Z,https://www.exportersindia.com/product-detail/acid-resistant-bricks-7543125835.htm
p_f21313af9941f0dd,bricks_blocks,Unbranded block,,hyderabad,Hyderabad Traders,Hyderabad,ExportersIndia,dealer,700.00,piece,700.00,piece,EXCL,18,6810,5.02,0.47,0.35,,,200,Piece,unknown,,NOT_APPLICABLE,,0,,,41.8,tempo,seeded_fallback,2026-08-06T13:07:06.956Z,https://www.exportersindia.com/product-detail/hanger-bricks-3191593477.htm
p_9b0d6e5da865a870,bricks_blocks,Unbranded Red clay brick 1000×500×500 mm,,hyderabad,Rangoli EPS,Rajendra Nagar,ExportersIndia,dealer,1800.00,piece,1800.00,piece,EXCL,12,6904,90.00,71.25,0.35,,,,,unknown,,NOT_APPLICABLE,,0,,,30.53,10_tyre,seeded_fallback,2026-08-06T13:07:06.956Z,https://www.exportersindia.com/product-detail/thermocol-bricks-3530887.htm
p_5c5cda2b5961d46b,bricks_blocks,Unbranded block,,hyderabad,Star Refractory Works,"Moosapet, Hyderabad",IndiaMART,dealer,490.00,piece,490.00,piece,EXCL,18,6810,0.90,0.47,0.35,,,,,unknown,,NOT_APPLICABLE,,0,4.3,45,16.3,lcv,seeded_fallback,2026-08-01T10:17:22.778Z,https://www.indiamart.com/proddetail/ceramic-holding-bricks-26488205662.html
p_1466e6a775b149db,bricks_blocks,Unbranded block 230×114×65 mm,,hyderabad,Industrial Ceramics,"Suraram, Hyderabad",IndiaMART,dealer,2500.00,piece,2500.00,piece,EXCL,18,6810,0.90,0.47,0.35,,,,,unknown,,NOT_APPLICABLE,,0,4,5,18.82,lcv,seeded_fallback,2026-08-01T10:17:36.783Z,https://www.indiamart.com/proddetail/refractory-grooved-bricks-5676797312.html
p_bc55663a22ef68e7,bricks_blocks,Unbranded Red clay brick 230×110×75 mm,,hyderabad,BigBMart,Hyderabad,BigBMart,platform,8.00,piece,8.00,piece,INCL,12,6904,1.60,0.54,0.35,4.17,4.17,,,unknown,,NOT_APPLICABLE,,0,,,37.78,6_tyre,seeded_fallback,2026-08-01T00:00:00.000Z,https://bigbmart.com/product/abp-red-brick/
p_bc55663a22ef68e7,bricks_blocks,Unbranded Red clay brick 230×110×75 mm,,hyderabad,BigBMart,Hyderabad,BigBMart,platform,9.00,piece,9.00,piece,INCL,12,6904,1.60,0.54,0.35,4.17,4.17,,,unknown,,NOT_APPLICABLE,,0,,,37.78,6_tyre,seeded_fallback,2026-08-01T00:00:00.000Z,https://bigbmart.com/product/karnataka-red-bricks/
p_bc55663a22ef68e7,bricks_blocks,Unbranded Red clay brick 230×110×75 mm,,hyderabad,Karimnagar Red Bricks,Bandlaguda Jagir,ExportersIndia,dealer,9.00,piece,9.00,piece,EXCL,12,6904,1.20,0.54,0.35,4.17,4.17,5000,Piece,unknown,,NOT_APPLICABLE,,0,,,31.36,10_tyre,seeded_fallback,2026-08-06T13:07:06.956Z,https://www.exportersindia.com/product-detail/70mm-rrr-red-clay-brick-8728309.htm
p_bc55663a22ef68e7,bricks_blocks,Unbranded Red clay brick 230×110×75 mm,,hyderabad,Rathod Banjara YouTube channel,Attapur,ExportersIndia,dealer,9.00,piece,9.00,piece,EXCL,12,6904,0.80,0.54,0.35,4.17,4.17,15000,Piece,unknown,,NOT_APPLICABLE,,0,,,23.75,10_tyre,seeded_fallback,2026-08-05T06:32:23.644Z,https://www.exportersindia.com/product-detail/pvc-red-brick-9552611261.htm
p_bc55663a22ef68e7,bricks_blocks,Unbranded Red clay brick 230×110×75 mm,,hyderabad,Vinod Construction materials,Erragadda,ExportersIndia,dealer,9.80,piece,9.80,piece,EXCL,12,6904,0.80,0.54,0.35,4.17,4.17,15000,Piece,unknown,,NOT_APPLICABLE,,0,,,37.33,10_tyre,seeded_fallback,2026-08-02T10:47:38.604Z,https://www.exportersindia.com/product-detail/rbs-karimnagar-bricks-10-6429164.htm
p_bc55663a22ef68e7,bricks_blocks,Unbranded Red clay brick 230×110×75 mm,,hyderabad,Karimnagar bricks,Khairatabad,ExportersIndia,dealer,10.00,piece,10.00,piece,EXCL,12,6904,0.75,0.54,0.35,4.17,4.17,20000,Piece,unknown,,NOT_APPLICABLE,,0,,,27.98,10_tyre,seeded_fallback,2026-08-06T13:07:06.956Z,https://www.exportersindia.com/product-detail/karimnagar-bricks-3929138711.htm
p_bc55663a22ef68e7,bricks_blocks,Unbranded Red clay brick 230×110×75 mm,,hyderabad,M S Star Refractory Works,Malkajgiri,ExportersIndia,dealer,39.00,piece,39.00,piece,EXCL,12,6904,37.66,8.00,0.35,4.17,4.17,5,Tonne,unknown,,NOT_APPLICABLE,,0,,,39.26,parcel,seeded_fallback,2026-08-05T06:32:23.644Z,https://www.exportersindia.com/product-detail/brown-standard-fire-brick-4343599834.htm
p_bc55663a22ef68e7,bricks_blocks,Unbranded Red clay brick 230×110×75 mm,,hyderabad,Red bricks,Hyderabad,ExportersIndia,dealer,8.80,piece,8.80,piece,EXCL,12,6904,1.20,0.54,0.35,4.17,4.17,5000,Piece,unknown,,NOT_APPLICABLE,,0,,,26.01,10_tyre,seeded_fallback,2026-08-06T13:07:06.956Z,https://www.exportersindia.com/product-detail/rrr-bricks-1136763971.htm
p_bc55663a22ef68e7,bricks_blocks,Unbranded Red clay brick 230×110×75 mm,,hyderabad,Bricks Dealers,Attapur,ExportersIndia,dealer,8.00,piece,8.00,piece,EXCL,12,6904,0.75,0.54,0.35,4.17,4.17,12000,Piece,unknown,,NOT_APPLICABLE,,0,,,23.7,10_tyre,seeded_fallback,2026-08-06T13:07:06.956Z,https://www.exportersindia.com/product-detail/building-red-bricks-6501976.htm
p_bc55663a22ef68e7,bricks_blocks,Unbranded Red clay brick 230×110×75 mm,,hyderabad,C R Bricks and Sads,Ameerpet,ExportersIndia,dealer,9.50,piece,9.50,piece,EXCL,12,6904,0.80,0.54,0.35,4.17,4.17,15000,Barrel,unknown,,NOT_APPLICABLE,,0,,,30.88,10_tyre,computed,2026-08-06T13:07:06.956Z,https://www.exportersindia.com/product-detail/karimnagar-red-bricks-9785234489.htm
p_bc55663a22ef68e7,bricks_blocks,Unbranded Red clay brick 230×110×75 mm,,hyderabad,Karimnagar Red Bricks,Hyderabad,ExportersIndia,dealer,9.50,piece,9.50,piece,EXCL,12,6904,0.75,0.54,0.35,4.17,4.17,16000,Piece,unknown,,NOT_APPLICABLE,,0,,,25.09,10_tyre,seeded_fallback,2026-08-02T10:47:38.604Z,https://www.exportersindia.com/product-detail/pvc-red-clay-brick-9365499298.htm
p_bc55663a22ef68e7,bricks_blocks,Unbranded Red clay brick 230×110×75 mm,,hyderabad,Sri Venkateswara Bricks Industries,Hyderabad,ExportersIndia,dealer,10.00,piece,10.00,piece,EXCL,12,6904,1.20,0.54,0.35,4.17,4.17,5000,Piece,unknown,,NOT_APPLICABLE,,0,,,34.71,10_tyre,seeded_fallback,2026-08-06T13:07:06.956Z,https://www.exportersindia.com/product-detail/bricks-6231375245.htm
p_bc55663a22ef68e7,bricks_blocks,Unbranded Red clay brick 230×110×75 mm,,hyderabad,Sri Venkateswara Bricks supplyers,Hyderabad,ExportersIndia,dealer,8.98,piece,8.98,piece,EXCL,12,6904,0.71,0.54,0.35,4.17,4.17,8500,Piece,unknown,,NOT_APPLICABLE,,0,,,38.2,10_tyre,seeded_fallback,2026-08-02T10:47:38.604Z,https://www.exportersindia.com/product-detail/bricks-8782176277.htm
p_bc55663a22ef68e7,bricks_blocks,Unbranded Red clay brick 230×110×75 mm,,hyderabad,Sreekar pvt limited,Gopanpally,ExportersIndia,dealer,10.00,piece,10.00,piece,EXCL,12,6904,0.80,0.54,0.35,4.17,4.17,15000,Piece,unknown,,NOT_APPLICABLE,,0,,,10.83,10_tyre,seeded_fallback,2026-08-06T13:07:06.956Z,https://www.exportersindia.com/product-detail/printed-rajahmundry-light-weight-red-bricks-6039239.htm
p_bc55663a22ef68e7,bricks_blocks,Unbranded Red clay brick 230×110×75 mm,,hyderabad,Sri Sai Refractories,Kukatpally,ExportersIndia,dealer,22.00,piece,22.00,piece,EXCL,12,6904,9.00,0.80,0.35,4.17,4.17,50,Piece,unknown,,NOT_APPLICABLE,,0,,,12.17,tempo,computed,2026-08-06T13:07:06.956Z,https://www.exportersindia.com/product-detail/refractory-brick-6130774.htm
p_bc55663a22ef68e7,bricks_blocks,Unbranded Red clay brick 230×110×75 mm,,hyderabad,Karimnagar Red Bricks,Bandlaguda Jagir,ExportersIndia,dealer,9.00,piece,9.00,piece,EXCL,12,6904,1.88,0.54,0.35,4.17,4.17,500,Piece,unknown,,NOT_APPLICABLE,,0,,,31.36,lcv,seeded_fallback,2026-08-06T13:07:24.562Z,https://www.exportersindia.com/product-detail/90mm-red-clack-brick-8728747.htm
p_bc55663a22ef68e7,bricks_blocks,Unbranded Red clay brick 230×110×75 mm,,hyderabad,Sri Venkateswara Bricks supplyers,Hyderabad,ExportersIndia,dealer,8.99,piece,8.99,piece,EXCL,12,6904,0.71,0.54,0.35,4.17,4.17,8500,Piece,unknown,,NOT_APPLICABLE,,0,,,38.2,10_tyre,seeded_fallback,2026-08-06T13:07:06.956Z,https://www.exportersindia.com/product-detail/red-clay-bricks-7167913897.htm
p_bc55663a22ef68e7,bricks_blocks,Unbranded Red clay brick 230×110×75 mm,,hyderabad,Bricks Dealers,Attapur,ExportersIndia,dealer,8.00,piece,8.00,piece,EXCL,12,6904,0.90,0.54,0.35,4.17,4.17,10000,Piece,unknown,,NOT_APPLICABLE,,0,,,23.7,10_tyre,seeded_fallback,2026-08-06T13:07:24.562Z,https://www.exportersindia.com/product-detail/clay-bricks-6501977.htm
p_bc55663a22ef68e7,bricks_blocks,Unbranded Red clay brick 230×110×75 mm,,hyderabad,Karimnagar Red Bricks,Hyderabad,ExportersIndia,dealer,9.50,piece,9.50,piece,EXCL,12,6904,0.75,0.54,0.35,4.17,4.17,16000,Piece,unknown,,NOT_APPLICABLE,,0,,,25.09,10_tyre,seeded_fallback,2026-08-06T13:07:06.956Z,https://www.exportersindia.com/product-detail/svb-red-clay-brick-5268339641.htm
p_bc55663a22ef68e7,bricks_blocks,Unbranded Red clay brick 230×110×75 mm,,hyderabad,Mudhra Flooring Systems,Meerpet,ExportersIndia,dealer,20.00,piece,20.00,piece,EXCL,12,6904,1.60,0.54,0.35,4.17,4.17,,,unknown,,NOT_APPLICABLE,,0,,,30.88,6_tyre,computed,2026-08-06T13:07:14.066Z,https://www.exportersindia.com/product-detail/2-0-kg-4-0-kg-concrete-paver-blocks-4135429.htm
p_bc55663a22ef68e7,bricks_blocks,Unbranded Red clay brick 230×110×75 mm,,hyderabad,Karimnagar Red Bricks,Bandlaguda Jagir,ExportersIndia,dealer,9.00,piece,9.00,piece,EXCL,12,6904,1.20,0.54,0.35,4.17,4.17,5000,Piece,unknown,,NOT_APPLICABLE,,0,,,31.36,10_tyre,seeded_fallback,2026-08-06T13:07:31.579Z,https://www.exportersindia.com/product-detail/70mm-red-clay-brick-8728751.htm
p_bc55663a22ef68e7,bricks_blocks,Unbranded Red clay brick 230×110×75 mm,,hyderabad,Rathod Banjara YouTube channel,Attapur,ExportersIndia,dealer,9.20,piece,9.20,piece,EXCL,12,6904,1.60,0.54,0.35,4.17,4.17,,,unknown,,NOT_APPLICABLE,,0,,,23.75,6_tyre,seeded_fallback,2026-08-06T13:07:31.579Z,https://www.exportersindia.com/product-detail/red-brick-4784289187.htm
p_bc55663a22ef68e7,bricks_blocks,Unbranded Red clay brick 230×110×75 mm,,hyderabad,Vinod Construction materials,Erragadda,ExportersIndia,dealer,9.50,piece,9.50,piece,EXCL,12,6904,1.20,0.54,0.35,4.17,4.17,5000,Piece,unknown,,NOT_APPLICABLE,,0,,,37.33,10_tyre,seeded_fallback,2026-08-06T13:07:31.579Z,https://www.exportersindia.com/product-detail/rbs-karimnagar-bricks-8386814833.htm
p_bc55663a22ef68e7,bricks_blocks,Unbranded Red clay brick 230×110×75 mm,,hyderabad,Karimnagar bricks,Khairatabad,ExportersIndia,dealer,9.50,piece,9.50,piece,EXCL,12,6904,0.90,0.54,0.35,4.17,4.17,10000,Piece,unknown,,NOT_APPLICABLE,,0,,,27.98,10_tyre,seeded_fallback,2026-08-06T13:07:31.579Z,https://www.exportersindia.com/product-detail/srb-2882364655.htm
p_bc55663a22ef68e7,bricks_blocks,Unbranded Red clay brick 230×110×75 mm,,hyderabad,S.R.A Bricks,,ExportersIndia,dealer,5.00,piece,5.00,piece,EXCL,12,6904,1.60,0.54,0.35,4.17,4.17,1000,Piece,unknown,,NOT_APPLICABLE,,0,,,35.73,6_tyre,seeded_fallback,2026-08-06T13:07:31.579Z,https://www.exportersindia.com/product-detail/rectangular-burnt-red-bricks-6270411.htm
p_bc55663a22ef68e7,bricks_blocks,Unbranded Red clay brick 230×110×75 mm,,hyderabad,Karthik Brick Industry,Hyderabad,IndiaMART,dealer,9.50,piece,9.50,piece,EXCL,12,6904,1.60,0.54,0.35,4.17,4.17,,,unknown,,NOT_APPLICABLE,,0,4.1,47,40.53,6_tyre,seeded_fallback,2026-08-01T10:12:25.885Z,https://www.indiamart.com/proddetail/rbs-rectangular-red-brick-26747642488.html
p_bc55663a22ef68e7,bricks_blocks,Unbranded Red clay brick 230×110×75 mm,,hyderabad,Mallesh Bricks And Sand Supplier,Hyderabad,IndiaMART,dealer,10.60,piece,10.60,piece,EXCL,12,6904,1.60,0.54,0.35,4.17,4.17,,,unknown,,NOT_APPLICABLE,,0,,,30.13,6_tyre,seeded_fallback,2026-08-01T10:12:25.885Z,https://www.indiamart.com/proddetail/pvc-brick-in-hyderabad-2859615106097.html
p_bc55663a22ef68e7,bricks_blocks,Unbranded Red clay brick 230×110×75 mm,,hyderabad,Jai Hanuman Rice Traders,Hyderabad,IndiaMART,dealer,10.50,piece,10.50,piece,EXCL,12,6904,1.60,0.54,0.35,4.17,4.17,,,unknown,,NOT_APPLICABLE,,0,3.7,3,10.16,6_tyre,seeded_fallback,2026-08-01T10:12:25.885Z,https://www.indiamart.com/proddetail/sun-bricks-2858959951930.html
p_bc55663a22ef68e7,bricks_blocks,Unbranded Red clay brick 230×110×75 mm,,hyderabad,Sri Lakshmi Cement Bricks,"Secunderabad, Dist. Hyderabad",IndiaMART,dealer,10.00,piece,10.00,piece,EXCL,12,6904,1.60,0.54,0.35,4.17,4.17,,,unknown,,NOT_APPLICABLE,,0,3,2,18.16,6_tyre,seeded_fallback,2026-08-01T10:12:25.885Z,https://www.indiamart.com/proddetail/karimnagar-red-bricks-22421059362.html
p_bc55663a22ef68e7,bricks_blocks,Unbranded Red clay brick 230×110×75 mm,,hyderabad,Unique Traders,Hyderabad,IndiaMART,dealer,9.20,piece,9.20,piece,EXCL,12,6904,1.60,0.54,0.35,4.17,4.17,,,unknown,,NOT_APPLICABLE,,0,,,41.58,6_tyre,seeded_fallback,2026-08-01T10:12:25.885Z,https://www.indiamart.com/proddetail/svb-soil-red-brick-26332501412.html
p_bc55663a22ef68e7,bricks_blocks,Unbranded Red clay brick 230×110×75 mm,,hyderabad,Construction Adda,"Medipalli, Hyderabad",IndiaMART,dealer,10.00,piece,10.00,piece,EXCL,12,6904,1.60,0.54,0.35,4.17,4.17,,,unknown,,NOT_APPLICABLE,,0,2.7,3,17.14,6_tyre,computed,2026-08-01T10:12:25.885Z,https://www.indiamart.com/proddetail/mbc-red-brick-2850434038533.html
p_bc55663a22ef68e7,bricks_blocks,Unbranded Red clay brick 230×110×75 mm,,hyderabad,Harnath And Co.,Hyderabad,IndiaMART,dealer,10.00,piece,10.00,piece,EXCL,12,6904,1.60,0.54,0.35,4.17,4.17,,,unknown,,NOT_APPLICABLE,,0,,,41.43,6_tyre,seeded_fallback,2026-08-01T10:12:25.885Z,https://www.indiamart.com/proddetail/ckb-red-bricks-27571396388.html
p_bc55663a22ef68e7,bricks_blocks,Unbranded Red clay brick 230×110×75 mm,,hyderabad,Om Bricks,Hyderabad,IndiaMART,dealer,8.00,piece,8.00,piece,EXCL,12,6904,1.60,0.54,0.35,4.17,4.17,,,unknown,,NOT_APPLICABLE,,0,,,10.53,6_tyre,seeded_fallback,2026-08-01T10:12:25.885Z,https://www.indiamart.com/proddetail/dust-brick-2857493240912.html
p_bc55663a22ef68e7,bricks_blocks,Unbranded Red clay brick 230×110×75 mm,,hyderabad,Need Accessories,Hyderabad,IndiaMART,dealer,8.80,piece,8.80,piece,EXCL,12,6904,1.60,0.54,0.35,4.17,4.17,,,unknown,,NOT_APPLICABLE,,0,,,9.56,6_tyre,seeded_fallback,2026-08-01T10:12:25.885Z,https://www.indiamart.com/proddetail/kny-red-bricks-27460933162.html
p_bc55663a22ef68e7,bricks_blocks,Unbranded Red clay brick 230×110×75 mm,,hyderabad,Red Bricks,Hyderabad,IndiaMART,dealer,11.00,piece,11.00,piece,EXCL,12,6904,1.60,0.54,0.35,4.17,4.17,,,unknown,,NOT_APPLICABLE,,0,4.5,2,14.04,6_tyre,seeded_fallback,2026-08-01T10:12:25.885Z,https://www.indiamart.com/proddetail/rbs-23587220388.html
p_bc55663a22ef68e7,bricks_blocks,Unbranded Red clay brick 230×110×75 mm,,hyderabad,ABC Building materials,"Secunderabad, Dist. Hyderabad",IndiaMART,dealer,9.80,piece,9.80,piece,EXCL,12,6904,1.60,0.54,0.35,4.17,4.17,,,unknown,,NOT_APPLICABLE,,0,,,7.41,6_tyre,seeded_fallback,2026-08-01T10:12:29.036Z,https://www.indiamart.com/proddetail/rajahmundry-light-weight-red-bricks-9in-x-4in-x-3in-25461919755.html
p_bc55663a22ef68e7,bricks_blocks,Unbranded Red clay brick 230×110×75 mm,,hyderabad,ICS Enterprises,Hyderabad,IndiaMART,dealer,8.50,piece,8.50,piece,EXCL,12,6904,1.60,0.54,0.35,4.17,4.17,,,unknown,,NOT_APPLICABLE,,0,,,21.9,6_tyre,seeded_fallback,2026-08-01T10:12:32.614Z,https://www.indiamart.com/proddetail/karimnagar-red-bricks-22365198673.html
p_bc55663a22ef68e7,bricks_blocks,Unbranded Red clay brick 230×110×75 mm,,hyderabad,BSR Enterprises,"Secunderabad, Dist. Hyderabad",IndiaMART,dealer,9.80,piece,9.80,piece,EXCL,12,6904,1.60,0.54,0.35,4.17,4.17,,,unknown,,NOT_APPLICABLE,,0,5,1,12.17,6_tyre,seeded_fallback,2026-08-01T10:12:32.614Z,https://www.indiamart.com/proddetail/red-brick-2851661406555.html
p_bc55663a22ef68e7,bricks_blocks,Unbranded Red clay brick 230×110×75 mm,,hyderabad,Shree Infra,Hyderabad,IndiaMART,dealer,30.00,piece,30.00,piece,EXCL,12,6904,1.60,0.54,0.35,4.17,4.17,,,unknown,,NOT_APPLICABLE,,0,,,36.52,6_tyre,seeded_fallback,2026-08-01T10:17:50.835Z,https://www.indiamart.com/proddetail/lightweight-concrete-brick-2854246882973.html
p_bc55663a22ef68e7,bricks_blocks,Unbranded Red clay brick 230×110×75 mm,,hyderabad,Shanmukha Aac Block Industries,Hyderabad,IndiaMART,dealer,40.00,piece,40.00,piece,EXCL,12,6904,1.60,0.54,0.35,4.17,4.17,,,unknown,,NOT_APPLICABLE,,0,4.1,30,16.4,6_tyre,seeded_fallback,2026-08-01T10:13:42.999Z,https://www.indiamart.com/proddetail/cement-brick-2854619926130.html
p_bc55663a22ef68e7,bricks_blocks,Unbranded Red clay brick 230×110×75 mm,,hyderabad,Hari Hara Bricks,Hyderabad,IndiaMART,dealer,36.00,piece,36.00,piece,EXCL,12,6904,1.60,0.54,0.35,4.17,4.17,,,unknown,,NOT_APPLICABLE,,0,,,29.85,6_tyre,seeded_fallback,2026-08-01T10:13:42.999Z,https://www.indiamart.com/proddetail/cement-solid-brick-2854066858548.html
p_bc55663a22ef68e7,bricks_blocks,Unbranded Red clay brick 230×110×75 mm,,hyderabad,Sri Sai Brick Industry,Hyderabad,IndiaMART,dealer,45.00,piece,45.00,piece,EXCL,12,6904,1.60,0.54,0.35,4.17,4.17,,,unknown,,NOT_APPLICABLE,,0,5,2,33.2,6_tyre,seeded_fallback,2026-08-01T10:13:42.999Z,https://www.indiamart.com/proddetail/8x9x12-inch-solid-cement-brick-2857113787173.html
p_bc55663a22ef68e7,bricks_blocks,Unbranded Red clay brick 230×110×75 mm,,hyderabad,Sri Laxmi Venkateshwara Brick Industries,Hyderabad,IndiaMART,dealer,45.00,piece,45.00,piece,EXCL,12,6904,1.60,0.54,0.35,4.17,4.17,,,unknown,,NOT_APPLICABLE,,0,,,38.6,6_tyre,seeded_fallback,2026-08-01T10:13:42.999Z,https://www.indiamart.com/proddetail/80mm-cement-solid-brick-26268893830.html
p_bc55663a22ef68e7,bricks_blocks,Unbranded Red clay brick 230×110×75 mm,,hyderabad,Sri Laxmi Venkateshwara Brick Industries,Hyderabad,IndiaMART,dealer,26.00,piece,26.00,piece,EXCL,12,6904,1.60,0.54,0.35,4.17,4.17,,,unknown,,NOT_APPLICABLE,,0,4,1,38.6,6_tyre,seeded_fallback,2026-08-01T10:13:42.999Z,https://www.indiamart.com/proddetail/grey-cement-brick-2854375785212.html
p_bc55663a22ef68e7,bricks_blocks,Unbranded Red clay brick 230×110×75 mm,,hyderabad,Sri Sai Jyothi Enterprises,Hyderabad,IndiaMART,dealer,50.00,piece,50.00,piece,EXCL,12,6904,1.60,0.54,0.35,4.17,4.17,,,unknown,,NOT_APPLICABLE,,0,,,40.52,6_tyre,seeded_fallback,2026-08-01T10:13:42.999Z,https://www.indiamart.com/proddetail/9-inch-cement-brick-2852797016362.html
p_bc55663a22ef68e7,bricks_blocks,Unbranded Red clay brick 230×110×75 mm,,hyderabad,K T R Hume Pipes,Hyderabad,IndiaMART,dealer,21.00,piece,21.00,piece,EXCL,12,6904,1.60,0.54,0.35,4.17,4.17,,,unknown,,NOT_APPLICABLE,,0,5,2,33.67,6_tyre,seeded_fallback,2026-08-01T10:13:42.999Z,https://www.indiamart.com/proddetail/cement-brick-21192577112.html
p_bc55663a22ef68e7,bricks_blocks,Unbranded Red clay brick 230×110×75 mm,,hyderabad,Umesh Flyash Bricks,Hyderabad,IndiaMART,dealer,7.00,piece,7.00,piece,EXCL,12,6904,1.60,0.54,0.35,4.17,4.17,,,unknown,,NOT_APPLICABLE,,0,3.9,7,17.62,6_tyre,seeded_fallback,2026-08-01T10:13:42.999Z,https://www.indiamart.com/proddetail/cement-brick-2854090689112.html
p_bc55663a22ef68e7,bricks_blocks,Unbranded Red clay brick 230×110×75 mm,,hyderabad,Sri Maruti Enterprises,Hyderabad,IndiaMART,dealer,60.00,piece,60.00,piece,EXCL,12,6904,1.60,0.54,0.35,4.17,4.17,,,unknown,,NOT_APPLICABLE,,0,4.8,19,15.02,6_tyre,seeded_fallback,2026-08-01T10:13:42.999Z,https://www.indiamart.com/proddetail/rectangular-cement-brick-26890613391.html
p_bc55663a22ef68e7,bricks_blocks,Unbranded Red clay brick 230×110×75 mm,,hyderabad,Balaji Sales Corporation,Hyderabad,IndiaMART,dealer,36.00,piece,36.00,piece,EXCL,12,6904,1.60,0.54,0.35,4.17,4.17,,,unknown,,NOT_APPLICABLE,,0,,,17.72,6_tyre,seeded_fallback,2026-08-01T10:13:42.999Z,https://www.indiamart.com/proddetail/ultra-brick-23211101962.html
p_bc55663a22ef68e7,bricks_blocks,Unbranded Red clay brick 230×110×75 mm,,hyderabad,Sri Sai Kumar Cement Bricks,Hyderabad,IndiaMART,dealer,20.00,piece,20.00,piece,EXCL,12,6904,1.60,0.54,0.35,4.17,4.17,,,unknown,,NOT_APPLICABLE,,0,,,20.9,6_tyre,seeded_fallback,2026-08-01T10:13:42.999Z,https://www.indiamart.com/proddetail/grey-rectangular-cement-brick-2850423562573.html
p_bc55663a22ef68e7,bricks_blocks,Unbranded Red clay brick 230×110×75 mm,,hyderabad,Shiva Sai Enterprises,Hyderabad,IndiaMART,dealer,80.00,piece,80.00,piece,EXCL,12,6904,1.60,0.54,0.35,4.17,4.17,,,unknown,,NOT_APPLICABLE,,0,3,4,22.02,6_tyre,seeded_fallback,2026-08-01T10:13:42.999Z,https://www.indiamart.com/proddetail/rectangular-grey-cement-brick-2853917417973.html
p_bc55663a22ef68e7,bricks_blocks,Unbranded Red clay brick 230×110×75 mm,,hyderabad,Sri Sai Brick Industry,Hyderabad,IndiaMART,dealer,36.00,piece,36.00,piece,EXCL,12,6904,1.60,0.54,0.35,4.17,4.17,,,unknown,,NOT_APPLICABLE,,0,5,2,33.2,6_tyre,seeded_fallback,2026-08-01T10:13:46.341Z,https://www.indiamart.com/proddetail/12x8x8-inch-solid-cement-brick-2856957330133.html
p_bc55663a22ef68e7,bricks_blocks,Unbranded Red clay brick 230×110×75 mm,,hyderabad,Sri Maruti Enterprises,Hyderabad,IndiaMART,dealer,45.00,piece,45.00,piece,EXCL,12,6904,1.60,0.54,0.35,4.17,4.17,,,unknown,,NOT_APPLICABLE,,0,4.8,19,15.02,6_tyre,seeded_fallback,2026-08-01T10:13:46.341Z,https://www.indiamart.com/proddetail/partition-wall-cement-brick-26890730255.html
p_bc55663a22ef68e7,bricks_blocks,Unbranded Red clay brick 230×110×75 mm,,hyderabad,Sri Sai Brick Industry,Hyderabad,IndiaMART,dealer,7.00,piece,7.00,piece,EXCL,12,6904,1.60,0.54,0.35,4.17,4.17,,,unknown,,NOT_APPLICABLE,,0,5,2,33.2,6_tyre,seeded_fallback,2026-08-01T10:15:23.719Z,https://www.indiamart.com/proddetail/9x4x3-inch-solid-cement-brick-2857113768555.html
p_bc55663a22ef68e7,bricks_blocks,Unbranded Red clay brick 230×110×75 mm,,hyderabad,Siva Parvathi Cement Bricks,Hyderabad,IndiaMART,dealer,22.00,piece,22.00,piece,EXCL,12,6904,1.60,0.54,0.35,4.17,4.17,,,unknown,,NOT_APPLICABLE,,0,4.5,2,33.68,6_tyre,seeded_fallback,2026-08-01T10:15:23.719Z,https://www.indiamart.com/proddetail/60mm-grey-cement-brick-2853712306855.html
p_bc55663a22ef68e7,bricks_blocks,Unbranded Red clay brick 230×110×75 mm,,hyderabad,Nagarjuna Steel Enterprises,Hyderabad,IndiaMART,dealer,54.00,piece,54.00,piece,EXCL,12,6904,1.60,0.54,0.35,4.17,4.17,,,unknown,,NOT_APPLICABLE,,0,,,26.03,6_tyre,seeded_fallback,2026-08-01T10:15:23.719Z,https://www.indiamart.com/proddetail/side-wall-cement-brick-25922961788.html
p_bc55663a22ef68e7,bricks_blocks,Unbranded Red clay brick 230×110×75 mm,,hyderabad,Rishitasre Enterprises,Hyderabad,IndiaMART,dealer,3500.00,piece,3500.00,piece,EXCL,12,6904,1.60,0.54,0.35,4.17,4.17,,,unknown,,NOT_APPLICABLE,,0,,,30.73,6_tyre,seeded_fallback,2026-08-01T10:17:22.778Z,https://www.indiamart.com/proddetail/9-inch-ceramic-brick-27037963591.html
p_bc55663a22ef68e7,bricks_blocks,Unbranded Red clay brick 230×110×75 mm,,hyderabad,Sygnifik Industrial Supplies LLP,Hyderabad,IndiaMART,dealer,45.00,piece,45.00,piece,EXCL,12,6904,1.60,0.54,0.35,4.17,4.17,,,unknown,,NOT_APPLICABLE,,0,,,32,6_tyre,seeded_fallback,2026-08-01T10:17:22.778Z,https://www.indiamart.com/proddetail/ceramic-brick-refractory-25849885697.html
p_bc55663a22ef68e7,bricks_blocks,Unbranded Red clay brick 230×110×75 mm,,hyderabad,Sri Sai Refractories,Hyderabad,IndiaMART,dealer,22.00,piece,22.00,piece,EXCL,12,6904,1.60,0.54,0.35,4.17,4.17,,,unknown,,NOT_APPLICABLE,,0,5,1,28.31,6_tyre,seeded_fallback,2026-08-01T10:17:22.778Z,https://www.indiamart.com/proddetail/refractory-brick-9937164933.html
p_bc55663a22ef68e7,bricks_blocks,Unbranded Red clay brick 230×110×75 mm,,hyderabad,Gaintech Systems,Hyderabad,IndiaMART,dealer,24.00,piece,24.00,piece,EXCL,12,6904,1.60,0.54,0.35,4.17,4.17,,,unknown,,NOT_APPLICABLE,,0,5,2,36.01,6_tyre,seeded_fallback,2026-08-01T10:17:22.778Z,https://www.indiamart.com/proddetail/refractory-fire-brick-7926255773.html
p_bc55663a22ef68e7,bricks_blocks,Unbranded Red clay brick 230×110×75 mm,,hyderabad,Bhandari Stone Cutting And Polishing,Deals in Hyderabad,IndiaMART,dealer,35.00,piece,35.00,piece,EXCL,12,6904,1.60,0.54,0.35,4.17,4.17,,,unknown,,NOT_APPLICABLE,,0,4.2,66,34.37,6_tyre,seeded_fallback,2026-08-01T10:18:39.914Z,https://www.indiamart.com/proddetail/9-x-4-x-3-inch-red-clay-brick-22627189691.html
p_bc55663a22ef68e7,bricks_blocks,Unbranded Red clay brick 230×110×75 mm,,hyderabad,Nawanirman Materials And Builders Private Limited,Hyderabad,IndiaMART,dealer,9.50,piece,9.50,piece,EXCL,12,6904,1.60,0.54,0.35,4.17,4.17,,,unknown,,NOT_APPLICABLE,,0,3.6,73,40.78,6_tyre,seeded_fallback,2026-08-01T10:18:39.914Z,https://www.indiamart.com/proddetail/svr-red-bricks-27372191033.html
p_bc55663a22ef68e7,bricks_blocks,Unbranded Red clay brick 230×110×75 mm,,hyderabad,Karthik Brick Industry,Hyderabad,IndiaMART,dealer,10.30,piece,10.30,piece,EXCL,12,6904,1.60,0.54,0.35,4.17,4.17,,,unknown,,NOT_APPLICABLE,,0,4.1,47,40.53,6_tyre,seeded_fallback,2026-08-01T10:18:39.914Z,https://www.indiamart.com/proddetail/pvc-clay-brick-2855395605033.html
p_bc55663a22ef68e7,bricks_blocks,Unbranded Red clay brick 230×110×75 mm,,hyderabad,KK Reddys Enterprises,Hyderabad,IndiaMART,dealer,9.00,piece,9.00,piece,EXCL,12,6904,1.60,0.54,0.35,4.17,4.17,,,unknown,,NOT_APPLICABLE,,0,4.7,31,29.18,6_tyre,seeded_fallback,2026-08-01T10:18:39.914Z,https://www.indiamart.com/proddetail/clay-brick-srb-2851182221173.html
p_bc55663a22ef68e7,bricks_blocks,Unbranded Red clay brick 230×110×75 mm,,hyderabad,Sri Venkateswara Building Material Suppliers,"Kukatpally, Hyderabad",IndiaMART,dealer,10.00,piece,10.00,piece,EXCL,12,6904,1.60,0.54,0.35,4.17,4.17,,,unknown,,NOT_APPLICABLE,,0,3.9,9,12.17,6_tyre,computed,2026-08-01T10:18:39.914Z,https://www.indiamart.com/proddetail/srb-red-clay-bricks-2854759838012.html
p_bc55663a22ef68e7,bricks_blocks,Unbranded Red clay brick 230×110×75 mm,,hyderabad,Mallesh Bricks And Sand Supplier,Hyderabad,IndiaMART,dealer,10.60,piece,10.60,piece,EXCL,12,6904,1.60,0.54,0.35,4.17,4.17,,,unknown,,NOT_APPLICABLE,,0,,,30.13,6_tyre,seeded_fallback,2026-08-01T10:18:39.914Z,https://www.indiamart.com/proddetail/pvc-red-clay-brick-2859002997562.html
p_bc55663a22ef68e7,bricks_blocks,Unbranded Red clay brick 230×110×75 mm,,hyderabad,Tilesample.In,Hyderabad,IndiaMART,dealer,35.00,piece,35.00,piece,EXCL,12,6904,1.60,0.54,0.35,4.17,4.17,,,unknown,,NOT_APPLICABLE,,0,3,4,33.33,6_tyre,seeded_fallback,2026-08-01T10:18:39.914Z,https://www.indiamart.com/proddetail/solid-clay-brick-2859404236712.html
p_bc55663a22ef68e7,bricks_blocks,Unbranded Red clay brick 230×110×75 mm,,hyderabad,Sreenidhi Enterprises,Hyderabad,IndiaMART,dealer,10.00,piece,10.00,piece,EXCL,12,6904,1.60,0.54,0.35,4.17,4.17,,,unknown,,NOT_APPLICABLE,,0,,,8.86,6_tyre,seeded_fallback,2026-08-01T10:18:39.914Z,https://www.indiamart.com/proddetail/4-inch-red-clay-brick-2855515784588.html
p_bc55663a22ef68e7,bricks_blocks,Unbranded Red clay brick 230×110×75 mm,,hyderabad,Sri Karthikeya Enterprises,Hyderabad,IndiaMART,dealer,10.50,piece,10.50,piece,EXCL,12,6904,1.60,0.54,0.35,4.17,4.17,,,unknown,,NOT_APPLICABLE,,0,4.7,3,28.27,6_tyre,seeded_fallback,2026-08-01T10:18:39.914Z,https://www.indiamart.com/proddetail/red-construction-local-brick-2855270881488.html
p_bc55663a22ef68e7,bricks_blocks,Unbranded Red clay brick 230×110×75 mm,,hyderabad,Sri Balaji Constructions,Hyderabad,IndiaMART,dealer,9.50,piece,9.50,piece,EXCL,12,6904,1.60,0.54,0.35,4.17,4.17,,,unknown,,NOT_APPLICABLE,,0,5,1,40.72,6_tyre,seeded_fallback,2026-08-01T10:18:39.914Z,https://www.indiamart.com/proddetail/rbs-clay-red-brick-2857496859773.html
p_bc55663a22ef68e7,bricks_blocks,Unbranded Red clay brick 230×110×75 mm,,hyderabad,Walls And Floors,Hyderabad,IndiaMART,dealer,40.00,piece,40.00,piece,EXCL,12,6904,1.60,0.54,0.35,4.17,4.17,,,unknown,,NOT_APPLICABLE,,0,5,3,6.11,6_tyre,seeded_fallback,2026-08-01T10:18:39.914Z,https://www.indiamart.com/proddetail/brown-clay-bricks-2854879934973.html
p_bc55663a22ef68e7,bricks_blocks,Unbranded Red clay brick 230×110×75 mm,,hyderabad,Jai Bhavani Material Supply,Hyderabad,IndiaMART,dealer,11.00,piece,11.00,piece,EXCL,12,6904,1.60,0.54,0.35,4.17,4.17,,,unknown,,NOT_APPLICABLE,,0,,,14.78,6_tyre,seeded_fallback,2026-08-01T10:18:39.914Z,https://www.indiamart.com/proddetail/red-clay-brick-2859345229091.html
p_bc55663a22ef68e7,bricks_blocks,Unbranded Red clay brick 230×110×75 mm,,hyderabad,MSN Infra Logistics,Hyderabad,IndiaMART,dealer,9.70,piece,9.70,piece,EXCL,12,6904,1.60,0.54,0.35,4.17,4.17,,,unknown,,NOT_APPLICABLE,,0,3.7,11,32.68,6_tyre,seeded_fallback,2026-08-01T10:18:39.914Z,https://www.indiamart.com/proddetail/clay-brick-2856499130355.html
p_bc55663a22ef68e7,bricks_blocks,Unbranded Red clay brick 230×110×75 mm,,hyderabad,Chanukya Stones & Marbles,"Kukatpally, Hyderabad",IndiaMART,dealer,8.00,piece,8.00,piece,EXCL,12,6904,1.60,0.54,0.35,4.17,4.17,,,unknown,,NOT_APPLICABLE,,0,,,12.17,6_tyre,computed,2026-08-01T10:18:39.914Z,https://www.indiamart.com/proddetail/red-clay-brick-27488942188.html
p_bc55663a22ef68e7,bricks_blocks,Unbranded Red clay brick 230×110×75 mm,,hyderabad,MS Traders,Hyderabad,IndiaMART,dealer,9.00,piece,9.00,piece,EXCL,12,6904,1.60,0.54,0.35,4.17,4.17,,,unknown,,NOT_APPLICABLE,,0,4.7,7,27.73,6_tyre,seeded_fallback,2026-08-01T10:18:39.914Z,https://www.indiamart.com/proddetail/white-clay-brick-2852599510455.html
p_bc55663a22ef68e7,bricks_blocks,Unbranded Red clay brick 230×110×75 mm,,hyderabad,Harnath And Co.,Hyderabad,IndiaMART,dealer,10.00,piece,10.00,piece,EXCL,12,6904,1.60,0.54,0.35,4.17,4.17,,,unknown,,NOT_APPLICABLE,,0,,,41.43,6_tyre,seeded_fallback,2026-08-01T10:18:39.914Z,https://www.indiamart.com/proddetail/nhb-red-brick-27571314730.html
p_bc55663a22ef68e7,bricks_blocks,Unbranded Red clay brick 230×110×75 mm,,hyderabad,M K Enterprises,Hyderabad,IndiaMART,dealer,8.80,piece,8.80,piece,EXCL,12,6904,1.60,0.54,0.35,4.17,4.17,,,unknown,,NOT_APPLICABLE,,0,4.5,2,20.87,6_tyre,seeded_fallback,2026-08-01T10:18:39.914Z,https://www.indiamart.com/proddetail/red-clay-brick-2851601769233.html
p_bc55663a22ef68e7,bricks_blocks,Unbranded Red clay brick 230×110×75 mm,,hyderabad,Sowmya Building Material Suppliers,Hyderabad,IndiaMART,dealer,45.00,piece,45.00,piece,EXCL,12,6904,1.60,0.54,0.35,4.17,4.17,,,unknown,,NOT_APPLICABLE,,0,,,33,6_tyre,seeded_fallback,2026-08-01T10:18:39.914Z,https://www.indiamart.com/proddetail/fire-resistant-rectangular-red-clay-brick-16355222691.html
p_bc55663a22ef68e7,bricks_blocks,Unbranded Red clay brick 230×110×75 mm,,hyderabad,Ocean Traders Paints And Hardware,Hyderabad,IndiaMART,dealer,9.50,piece,9.50,piece,EXCL,12,6904,1.60,0.54,0.35,4.17,4.17,,,unknown,,NOT_APPLICABLE,,0,5,2,9.67,6_tyre,seeded_fallback,2026-08-01T10:18:39.914Z,https://www.indiamart.com/proddetail/clay-red-bricks-2855803685688.html
p_bc55663a22ef68e7,bricks_blocks,Unbranded Red clay brick 230×110×75 mm,,hyderabad,Need Accessories,Hyderabad,IndiaMART,dealer,13.00,piece,13.00,piece,EXCL,12,6904,1.60,0.54,0.35,4.17,4.17,,,unknown,,NOT_APPLICABLE,,0,,,9.56,6_tyre,seeded_fallback,2026-08-01T10:18:39.914Z,https://www.indiamart.com/proddetail/clay-rvr-red-bricks-25736843955.html
p_bc55663a22ef68e7,bricks_blocks,Unbranded Red clay brick 230×110×75 mm,,hyderabad,Civil Supply Material And Tiles,Hyderabad,IndiaMART,dealer,10.00,piece,10.00,piece,EXCL,12,6904,1.60,0.54,0.35,4.17,4.17,,,unknown,,NOT_APPLICABLE,,0,2.8,19,34.85,6_tyre,seeded_fallback,2026-08-01T10:18:39.914Z,https://www.indiamart.com/proddetail/red-clay-brick-2854496553888.html
p_bc55663a22ef68e7,bricks_blocks,Unbranded Red clay brick 230×110×75 mm,,hyderabad,Santhoshi Enterprises,Hyderabad,IndiaMART,dealer,11.00,piece,11.00,piece,EXCL,12,6904,1.60,0.54,0.35,4.17,4.17,,,unknown,,NOT_APPLICABLE,,0,,,19.94,6_tyre,seeded_fallback,2026-08-01T10:18:39.914Z,https://www.indiamart.com/proddetail/4-inch-red-clay-brick-2851811593491.html
p_bc55663a22ef68e7,bricks_blocks,Unbranded Red clay brick 230×110×75 mm,,hyderabad,Bhandari Stone Cutting And Polishing,Deals in Hyderabad,IndiaMART,dealer,50.00,piece,50.00,piece,EXCL,12,6904,1.60,0.54,0.35,4.17,4.17,,,unknown,,NOT_APPLICABLE,,0,4.2,66,34.37,6_tyre,seeded_fallback,2026-08-01T10:18:46.921Z,https://www.indiamart.com/proddetail/9-x-4-x-3-inch-6-hole-clay-brick-23232752648.html
p_bc55663a22ef68e7,bricks_blocks,Unbranded Red clay brick 230×110×75 mm,,hyderabad,SSN Construction Materials,Hyderabad,IndiaMART,dealer,9.20,piece,9.20,piece,EXCL,12,6904,1.60,0.54,0.35,4.17,4.17,,,unknown,,NOT_APPLICABLE,,0,3.8,40,40.07,6_tyre,seeded_fallback,2026-08-01T10:18:46.921Z,https://www.indiamart.com/proddetail/rectangle-clay-brick-2850110051491.html
p_bc55663a22ef68e7,bricks_blocks,Unbranded Red clay brick 230×110×75 mm,,hyderabad,Karthik Brick Industry,Hyderabad,IndiaMART,dealer,9.50,piece,9.50,piece,EXCL,12,6904,1.60,0.54,0.35,4.17,4.17,,,unknown,,NOT_APPLICABLE,,0,4.1,47,40.53,6_tyre,seeded_fallback,2026-08-01T10:18:46.921Z,https://www.indiamart.com/proddetail/rsb-clay-brick-2853061084133.html
p_bc55663a22ef68e7,bricks_blocks,Unbranded Red clay brick 230×110×75 mm,,hyderabad,KK Reddys Enterprises,Hyderabad,IndiaMART,dealer,10.00,piece,10.00,piece,EXCL,12,6904,1.60,0.54,0.35,4.17,4.17,,,unknown,,NOT_APPLICABLE,,0,4.7,31,29.18,6_tyre,seeded_fallback,2026-08-01T10:18:46.921Z,https://www.indiamart.com/proddetail/red-clay-brick-23519486955.html
p_bc55663a22ef68e7,bricks_blocks,Unbranded Red clay brick 230×110×75 mm,,hyderabad,Mallesh Bricks And Sand Supplier,Hyderabad,IndiaMART,dealer,10.50,piece,10.50,piece,EXCL,12,6904,1.60,0.54,0.35,4.17,4.17,,,unknown,,NOT_APPLICABLE,,0,,,30.13,6_tyre,seeded_fallback,2026-08-01T10:18:46.921Z,https://www.indiamart.com/proddetail/sri-red-clay-brick-2859134540733.html
p_bc55663a22ef68e7,bricks_blocks,Unbranded Red clay brick 230×110×75 mm,,hyderabad,Sri Balaji Constructions,Hyderabad,IndiaMART,dealer,10.00,piece,10.00,piece,EXCL,12,6904,1.60,0.54,0.35,4.17,4.17,,,unknown,,NOT_APPLICABLE,,0,5,1,40.72,6_tyre,seeded_fallback,2026-08-01T10:18:46.921Z,https://www.indiamart.com/proddetail/pvc-clay-red-brick-2857494003373.html
p_bc55663a22ef68e7,bricks_blocks,Unbranded Red clay brick 230×110×75 mm,,hyderabad,Sowmya Building Material Suppliers,Hyderabad,IndiaMART,dealer,45.00,piece,45.00,piece,EXCL,12,6904,1.60,0.54,0.35,4.17,4.17,,,unknown,,NOT_APPLICABLE,,0,,,33,6_tyre,seeded_fallback,2026-08-01T10:18:46.921Z,https://www.indiamart.com/proddetail/rectangular-red-clay-brick-2852717856112.html
p_bc55663a22ef68e7,bricks_blocks,Unbranded Red clay brick 230×110×75 mm,,hyderabad,Santhoshi Enterprises,Hyderabad,IndiaMART,dealer,12.00,piece,12.00,piece,EXCL,12,6904,1.60,0.54,0.35,4.17,4.17,,,unknown,,NOT_APPLICABLE,,0,,,19.94,6_tyre,seeded_fallback,2026-08-01T10:18:46.921Z,https://www.indiamart.com/proddetail/9-inch-red-brick-2851596378188.html
p_bc55663a22ef68e7,bricks_blocks,Unbranded Red clay brick 230×110×75 mm,,hyderabad,Karthik Brick Industry,Hyderabad,IndiaMART,dealer,10.00,piece,10.00,piece,EXCL,12,6904,1.60,0.54,0.35,4.17,4.17,,,unknown,,NOT_APPLICABLE,,0,4.1,47,40.53,6_tyre,seeded_fallback,2026-08-01T10:18:53.995Z,https://www.indiamart.com/proddetail/pvc-clay-bricks-2853061103262.html
p_bc55663a22ef68e7,bricks_blocks,Unbranded Red clay brick 230×110×75 mm,,hyderabad,KK Reddys Enterprises,Hyderabad,IndiaMART,dealer,8.20,piece,8.20,piece,EXCL,12,6904,1.60,0.54,0.35,4.17,4.17,,,unknown,,NOT_APPLICABLE,,0,4.7,31,29.18,6_tyre,seeded_fallback,2026-08-01T10:18:53.995Z,https://www.indiamart.com/proddetail/red-clay-brick-2851130580648.html
p_bc55663a22ef68e7,bricks_blocks,Unbranded Red clay brick 230×110×75 mm,,hyderabad,Sri Venkateswara Building Material Suppliers,"Kukatpally, Hyderabad",IndiaMART,dealer,10.00,piece,10.00,piece,EXCL,12,6904,1.60,0.54,0.35,4.17,4.17,,,unknown,,NOT_APPLICABLE,,0,3.9,9,12.17,6_tyre,computed,2026-08-01T10:18:53.995Z,https://www.indiamart.com/proddetail/svb-red-clay-bricks-2854759838162.html
p_bc55663a22ef68e7,bricks_blocks,Unbranded Red clay brick 230×110×75 mm,,hyderabad,Sreenidhi Enterprises,Hyderabad,IndiaMART,dealer,12.00,piece,12.00,piece,EXCL,12,6904,1.60,0.54,0.35,4.17,4.17,,,unknown,,NOT_APPLICABLE,,0,,,8.86,6_tyre,seeded_fallback,2026-08-01T10:18:53.995Z,https://www.indiamart.com/proddetail/6-inch-red-clay-brick-2850725058530.html
p_bc55663a22ef68e7,bricks_blocks,Unbranded Red clay brick 230×110×75 mm,,hyderabad,Sri Balaji Constructions,Hyderabad,IndiaMART,dealer,9.00,piece,9.00,piece,EXCL,12,6904,1.60,0.54,0.35,4.17,4.17,,,unknown,,NOT_APPLICABLE,,0,5,1,40.72,6_tyre,seeded_fallback,2026-08-01T10:18:53.995Z,https://www.indiamart.com/proddetail/svb-clay-red-brick-2857493964548.html
p_bc55663a22ef68e7,bricks_blocks,Unbranded Red clay brick 230×110×75 mm,,hyderabad,M K Enterprises,Hyderabad,IndiaMART,dealer,9.00,piece,9.00,piece,EXCL,12,6904,1.60,0.54,0.35,4.17,4.17,,,unknown,,NOT_APPLICABLE,,0,4.5,2,20.87,6_tyre,seeded_fallback,2026-08-01T10:18:53.995Z,https://www.indiamart.com/proddetail/rectangular-clay-brick-2851601769388.html
p_bc55663a22ef68e7,bricks_blocks,Unbranded Red clay brick 230×110×75 mm,,hyderabad,Bhandari Stone Cutting And Polishing,Deals in Hyderabad,IndiaMART,dealer,95.00,piece,95.00,piece,EXCL,12,6904,1.60,0.54,0.35,4.17,4.17,,,unknown,,NOT_APPLICABLE,,0,4.2,66,34.37,6_tyre,seeded_fallback,2026-08-01T10:19:00.896Z,https://www.indiamart.com/proddetail/9-x-4-x-3-inch-14-hole-clay-brick-25231649730.html
p_bc55663a22ef68e7,bricks_blocks,Unbranded Red clay brick 230×110×75 mm,,hyderabad,Mallesh Bricks And Sand Supplier,Hyderabad,IndiaMART,dealer,10.00,piece,10.00,piece,EXCL,12,6904,1.60,0.54,0.35,4.17,4.17,,,unknown,,NOT_APPLICABLE,,0,,,30.13,6_tyre,seeded_fallback,2026-08-01T10:19:00.896Z,https://www.indiamart.com/proddetail/nri-red-clay-brick-2859133484055.html
p_bc55663a22ef68e7,bricks_blocks,Unbranded Red clay brick 230×110×75 mm,,hyderabad,Sri Sai Brick Industry,Hyderabad,IndiaMART,dealer,30.00,piece,30.00,piece,EXCL,12,6904,1.60,0.54,0.35,4.17,4.17,,,unknown,,NOT_APPLICABLE,,0,5,2,33.2,6_tyre,seeded_fallback,2026-08-01T10:12:53.579Z,https://www.indiamart.com/proddetail/construction-concrete-brick-2858155021562.html
p_bc55663a22ef68e7,bricks_blocks,Unbranded Red clay brick 230×110×75 mm,,hyderabad,Mukta Enterprises,Hyderabad,IndiaMART,dealer,36.00,piece,36.00,piece,EXCL,12,6904,1.60,0.54,0.35,4.17,4.17,,,unknown,,NOT_APPLICABLE,,0,4.4,118,24.57,6_tyre,seeded_fallback,2026-08-01T10:16:54.770Z,https://www.indiamart.com/proddetail/foam-concrete-brick-9748916188.html
p_bc55663a22ef68e7,bricks_blocks,Unbranded Red clay brick 230×110×75 mm,,hyderabad,Metro Tiles Company,Hyderabad,IndiaMART,dealer,12.00,piece,12.00,piece,EXCL,12,6904,1.60,0.54,0.35,4.17,4.17,,,unknown,,NOT_APPLICABLE,,0,3.3,3,28.7,6_tyre,seeded_fallback,2026-08-01T10:16:54.770Z,https://www.indiamart.com/proddetail/grey-concrete-wall-brick-24955476888.html
p_bc55663a22ef68e7,bricks_blocks,Unbranded Red clay brick 230×110×75 mm,,hyderabad,Sri Laxmi Venkateshwara Brick Industries,Hyderabad,IndiaMART,dealer,29.90,piece,29.90,piece,EXCL,12,6904,1.60,0.54,0.35,4.17,4.17,,,unknown,,NOT_APPLICABLE,,0,,,38.6,6_tyre,seeded_fallback,2026-08-01T10:16:54.770Z,https://www.indiamart.com/proddetail/grey-concrete-brick-26233950597.html
p_bc55663a22ef68e7,bricks_blocks,Unbranded Red clay brick 230×110×75 mm,,hyderabad,Namishree Eco Building Products,"Secunderabad, Dist. Hyderabad",IndiaMART,dealer,40.00,piece,40.00,piece,EXCL,12,6904,1.60,0.54,0.35,4.17,4.17,,,unknown,,NOT_APPLICABLE,,0,3,4,39.54,6_tyre,seeded_fallback,2026-08-01T10:16:54.770Z,https://www.indiamart.com/proddetail/6x8x16inch-cement-concrete-brick-23196113830.html
p_bc55663a22ef68e7,bricks_blocks,Unbranded Red clay brick 230×110×75 mm,,hyderabad,Om Sri Vengamamba Flyash Brick Industry,Hyderabad,IndiaMART,dealer,7.80,piece,7.80,piece,EXCL,12,6904,1.60,0.54,0.35,4.17,4.17,,,unknown,,NOT_APPLICABLE,,0,3,1,34.45,6_tyre,seeded_fallback,2026-08-01T10:16:54.770Z,https://www.indiamart.com/proddetail/4inch-grey-concrete-brick-24800830330.html
p_bc55663a22ef68e7,bricks_blocks,Unbranded Red clay brick 230×110×75 mm,,hyderabad,Om Sri Vengamamba Flyash Brick Industry,Hyderabad,IndiaMART,dealer,17.00,piece,17.00,piece,EXCL,12,6904,1.60,0.54,0.35,4.17,4.17,,,unknown,,NOT_APPLICABLE,,0,3,1,34.45,6_tyre,seeded_fallback,2026-08-01T10:17:01.647Z,https://www.indiamart.com/proddetail/12inch-grey-concrete-brick-2857337488312.html
p_bc55663a22ef68e7,bricks_blocks,Unbranded Red clay brick 230×110×75 mm,,hyderabad,Namishree Eco Building Products,"Secunderabad, Dist. Hyderabad",IndiaMART,dealer,55.00,piece,55.00,piece,EXCL,12,6904,1.60,0.54,0.35,4.17,4.17,,,unknown,,NOT_APPLICABLE,,0,3,4,39.54,6_tyre,seeded_fallback,2026-08-01T10:17:01.647Z,https://www.indiamart.com/proddetail/8x8x12-inch-high-strength-concrete-brick-23196113712.html
p_bc55663a22ef68e7,bricks_blocks,Unbranded Red clay brick 230×110×75 mm,,hyderabad,Om Sri Vengamamba Flyash Brick Industry,Hyderabad,IndiaMART,dealer,25.00,piece,25.00,piece,EXCL,12,6904,1.60,0.54,0.35,4.17,4.17,,,unknown,,NOT_APPLICABLE,,0,3,1,34.45,6_tyre,seeded_fallback,2026-08-01T10:17:08.713Z,https://www.indiamart.com/proddetail/14inch-grey-concrete-brick-2857337345848.html
p_bc55663a22ef68e7,bricks_blocks,Unbranded Red clay brick 230×110×75 mm,,hyderabad,Om Sri Vengamamba Flyash Brick Industry,Hyderabad,IndiaMART,dealer,10.00,piece,10.00,piece,EXCL,12,6904,1.60,0.54,0.35,4.17,4.17,,,unknown,,NOT_APPLICABLE,,0,3,1,34.45,6_tyre,seeded_fallback,2026-08-01T10:17:15.793Z,https://www.indiamart.com/proddetail/10inch-grey-concrete-brick-2857337553797.html
p_bc55663a22ef68e7,bricks_blocks,Unbranded Red clay brick 230×110×75 mm,,hyderabad,Buildsuvidha India Private Limited,"Begumpet, Hyderabad",IndiaMART,dealer,39.00,piece,39.00,piece,EXCL,12,6904,1.60,0.54,0.35,4.17,4.17,,,unknown,,NOT_APPLICABLE,,0,4.8,21,24.44,6_tyre,computed,2026-08-01T10:19:36.058Z,https://www.indiamart.com/proddetail/eco-friendly-brick-2854180298088.html
p_bc55663a22ef68e7,bricks_blocks,Unbranded Red clay brick 230×110×75 mm,,hyderabad,S V B Bricks,Hyderabad,IndiaMART,dealer,9.00,piece,9.00,piece,EXCL,12,6904,1.60,0.54,0.35,4.17,4.17,,,unknown,,NOT_APPLICABLE,,0,5,2,9.44,6_tyre,seeded_fallback,2026-08-01T10:19:36.058Z,https://www.indiamart.com/proddetail/ams-eco-friendly-clay-bricks-2854181697973.html
p_bc55663a22ef68e7,bricks_blocks,Unbranded Red clay brick 230×110×75 mm,,hyderabad,Revathi Enterprises,Hyderabad,IndiaMART,dealer,8.50,piece,8.50,piece,EXCL,12,6904,1.60,0.54,0.35,4.17,4.17,,,unknown,,NOT_APPLICABLE,,0,4.3,6,7.45,6_tyre,seeded_fallback,2026-08-01T10:19:36.058Z,https://www.indiamart.com/proddetail/hrr-red-bricks-karimnagar-23020589630.html
p_bc55663a22ef68e7,bricks_blocks,Unbranded Red clay brick 230×110×75 mm,,hyderabad,Aashritha Enterprises,Hyderabad,IndiaMART,dealer,8.00,piece,8.00,piece,EXCL,12,6904,1.60,0.54,0.35,4.17,4.17,,,unknown,,NOT_APPLICABLE,,0,4.4,5,7.84,6_tyre,seeded_fallback,2026-08-01T10:19:36.058Z,https://www.indiamart.com/proddetail/srb-red-brick-2851793674833.html
p_bc55663a22ef68e7,bricks_blocks,Unbranded Red clay brick 230×110×75 mm,,hyderabad,J Narayan Naik Bricks And Sand Supplier,Hyderabad,IndiaMART,dealer,7.50,piece,7.50,piece,EXCL,12,6904,1.60,0.54,0.35,4.17,4.17,,,unknown,,NOT_APPLICABLE,,0,3.7,3,33.35,6_tyre,seeded_fallback,2026-08-01T10:19:36.058Z,https://www.indiamart.com/proddetail/lokal-red-brick-2849812749455.html
p_bc55663a22ef68e7,bricks_blocks,Unbranded Red clay brick 230×110×75 mm,,hyderabad,Vinyaka Building Materials,Hyderabad,IndiaMART,dealer,25.53,piece,25.53,piece,EXCL,12,6904,1.60,0.54,0.35,4.17,4.17,,,unknown,,NOT_APPLICABLE,,0,,,30.14,6_tyre,seeded_fallback,2026-08-01T10:19:36.058Z,https://www.indiamart.com/proddetail/ksp-eco-brick-2850461166033.html
p_bc55663a22ef68e7,bricks_blocks,Unbranded Red clay brick 230×110×75 mm,,hyderabad,Santosh Material Supply,"Attapur, Hyderabad",IndiaMART,dealer,10.00,piece,10.00,piece,EXCL,12,6904,1.60,0.54,0.35,4.17,4.17,,,unknown,,NOT_APPLICABLE,,0,,,20.07,6_tyre,seeded_fallback,2026-08-01T10:19:36.058Z,https://www.indiamart.com/proddetail/10-inch-red-clay-brick-2852718902133.html
p_bc55663a22ef68e7,bricks_blocks,Unbranded Red clay brick 230×110×75 mm,,hyderabad,Venkatesh Pawar Bricks,Hyderabad,IndiaMART,dealer,10.50,piece,10.50,piece,EXCL,12,6904,1.60,0.54,0.35,4.17,4.17,,,unknown,,NOT_APPLICABLE,,0,3.9,19,6.8,6_tyre,seeded_fallback,2026-08-01T10:19:42.931Z,https://www.indiamart.com/proddetail/red-brick-karimnagar-27306134355.html
p_bc55663a22ef68e7,bricks_blocks,Unbranded Red clay brick 230×110×75 mm,,hyderabad,Poras Refractories & Solutions,Deals in Hyderabad,IndiaMART,dealer,32.00,piece,32.00,piece,EXCL,12,6904,1.60,0.54,0.35,4.17,4.17,,,unknown,,NOT_APPLICABLE,,0,4,5,32.76,6_tyre,seeded_fallback,2026-08-01T10:19:07.797Z,https://www.indiamart.com/proddetail/fire-brick-is8-2852289374573.html
p_bc55663a22ef68e7,bricks_blocks,Unbranded Red clay brick 230×110×75 mm,,hyderabad,Well Make Refractory Lining Works,"Rangareddynagar, Hyderabad",IndiaMART,dealer,38.00,piece,38.00,piece,EXCL,12,6904,1.60,0.54,0.35,4.17,4.17,,,unknown,,NOT_APPLICABLE,,0,3.8,11,24.77,6_tyre,computed,2026-08-01T10:19:07.797Z,https://www.indiamart.com/proddetail/fire-clay-refractories-brick-2850041506691.html
p_bc55663a22ef68e7,bricks_blocks,Unbranded Red clay brick 230×110×75 mm,,hyderabad,Hyderabad Traders,Hyderabad,IndiaMART,dealer,80.00,piece,80.00,piece,EXCL,12,6904,1.60,0.54,0.35,4.17,4.17,,,unknown,,NOT_APPLICABLE,,0,4,1,20.87,6_tyre,seeded_fallback,2026-08-01T10:19:07.797Z,https://www.indiamart.com/proddetail/28mm-high-alumina-fire-brick-2849251628791.html
p_bc55663a22ef68e7,bricks_blocks,Unbranded Red clay brick 230×110×75 mm,,hyderabad,Sri Veeranjaneya Eco Bricks Private Limited,"Kukatpally, Hyderabad",IndiaMART,dealer,15.00,piece,15.00,piece,EXCL,12,6904,1.60,0.54,0.35,4.17,4.17,,,unknown,,NOT_APPLICABLE,,0,2,1,12.17,6_tyre,computed,2026-08-01T10:19:14.868Z,https://www.indiamart.com/proddetail/fire-resistant-brick-13253921373.html
p_bc55663a22ef68e7,bricks_blocks,Unbranded Red clay brick 230×110×75 mm,,hyderabad,P P Brigs Supply,Hyderabad,IndiaMART,dealer,9.00,piece,9.00,piece,EXCL,12,6904,1.60,0.54,0.35,4.17,4.17,,,unknown,,NOT_APPLICABLE,,0,,,22.79,6_tyre,seeded_fallback,2026-08-01T10:19:21.932Z,https://www.indiamart.com/proddetail/red-fire-clay-brick-23832832612.html
p_bc55663a22ef68e7,bricks_blocks,Unbranded Red clay brick 230×110×75 mm,,hyderabad,ABC Building materials,"Secunderabad, Dist. Hyderabad",IndiaMART,dealer,8.50,piece,8.50,piece,EXCL,12,6904,1.60,0.54,0.35,4.17,4.17,,,unknown,,NOT_APPLICABLE,,0,,,7.41,6_tyre,seeded_fallback,2026-08-01T10:16:26.864Z,https://www.indiamart.com/proddetail/maharashtra-red-brick-9-x-4-x-3-25461890888.html
p_bc55663a22ef68e7,bricks_blocks,Unbranded Red clay brick 230×110×75 mm,,hyderabad,Vijayadurga Traders,Hyderabad,IndiaMART,dealer,100.00,piece,100.00,piece,EXCL,12,6904,1.60,0.54,0.35,4.17,4.17,,,unknown,,NOT_APPLICABLE,,0,,,39.18,6_tyre,seeded_fallback,2026-08-01T10:15:58.814Z,https://www.indiamart.com/proddetail/gray-lightweight-brick-24416048897.html
p_bc55663a22ef68e7,bricks_blocks,Unbranded Red clay brick 230×110×75 mm,,hyderabad,Surabhi Bricks Private Limited,"Madhapur, Hyderabad",IndiaMART,dealer,12.00,piece,12.00,piece,EXCL,12,6904,1.60,0.54,0.35,4.17,4.17,,,unknown,,NOT_APPLICABLE,,0,,,13.13,6_tyre,seeded_fallback,2026-08-01T10:15:58.814Z,https://www.indiamart.com/proddetail/red-bricks-light-weight-mechanized-19523615073.html
p_bc55663a22ef68e7,bricks_blocks,Unbranded Red clay brick 230×110×75 mm,,hyderabad,Civil Supply Material And Tiles,Hyderabad,IndiaMART,dealer,8.80,piece,8.80,piece,EXCL,12,6904,1.60,0.54,0.35,4.17,4.17,,,unknown,,NOT_APPLICABLE,,0,2.8,19,34.85,6_tyre,seeded_fallback,2026-08-01T10:15:58.814Z,https://www.indiamart.com/proddetail/light-weight-red-bricks-27287427873.html
p_bc55663a22ef68e7,bricks_blocks,Unbranded Red clay brick 230×110×75 mm,,hyderabad,Munnalal Bros,"Secunderabad, Dist. Hyderabad",IndiaMART,dealer,8.80,piece,8.80,piece,EXCL,12,6904,1.60,0.54,0.35,4.17,4.17,,,unknown,,NOT_APPLICABLE,,0,4.1,33,41.29,6_tyre,seeded_fallback,2026-08-01T10:16:05.825Z,https://www.indiamart.com/proddetail/light-weight-red-bricks-2855498104133.html
p_bc55663a22ef68e7,bricks_blocks,Unbranded Red clay brick 230×110×75 mm,,hyderabad,Karthik Brick Industry,Hyderabad,IndiaMART,dealer,9.00,piece,9.00,piece,EXCL,12,6904,1.60,0.54,0.35,4.17,4.17,,,unknown,,NOT_APPLICABLE,,0,4.1,47,40.53,6_tyre,seeded_fallback,2026-08-01T10:12:39.597Z,https://www.indiamart.com/proddetail/vbi-rectangular-clay-brick-26747694255.html
p_bc55663a22ef68e7,bricks_blocks,Unbranded Red clay brick 230×110×75 mm,,hyderabad,Nawanirman Materials And Builders Private Limited,Hyderabad,IndiaMART,dealer,10.80,piece,10.80,piece,EXCL,12,6904,1.60,0.54,0.35,4.17,4.17,,,unknown,,NOT_APPLICABLE,,0,3.6,73,40.78,6_tyre,seeded_fallback,2026-08-01T10:12:39.597Z,https://www.indiamart.com/proddetail/srb-red-brick-23207022512.html
p_bc55663a22ef68e7,bricks_blocks,Unbranded Red clay brick 230×110×75 mm,,hyderabad,SSN Construction Materials,Hyderabad,IndiaMART,dealer,9.10,piece,9.10,piece,EXCL,12,6904,1.60,0.54,0.35,4.17,4.17,,,unknown,,NOT_APPLICABLE,,0,3.8,40,40.07,6_tyre,seeded_fallback,2026-08-01T10:12:39.597Z,https://www.indiamart.com/proddetail/red-karimnagar-brick-25221055991.html
p_bc55663a22ef68e7,bricks_blocks,Unbranded Red clay brick 230×110×75 mm,,hyderabad,Nallamasa Industries,Hyderabad,IndiaMART,dealer,17.00,piece,17.00,piece,EXCL,12,6904,1.60,0.54,0.35,4.17,4.17,,,unknown,,NOT_APPLICABLE,,0,,,39.31,6_tyre,seeded_fallback,2026-08-01T10:12:39.597Z,https://www.indiamart.com/proddetail/red-clay-brick-2859567510712.html
p_bc55663a22ef68e7,bricks_blocks,Unbranded Red clay brick 230×110×75 mm,,hyderabad,KK Reddys Enterprises,Hyderabad,IndiaMART,dealer,10.70,piece,10.70,piece,EXCL,12,6904,1.60,0.54,0.35,4.17,4.17,,,unknown,,NOT_APPLICABLE,,0,4.7,31,29.18,6_tyre,seeded_fallback,2026-08-01T10:12:39.597Z,https://www.indiamart.com/proddetail/pvb-red-brick-24251862297.html
p_bc55663a22ef68e7,bricks_blocks,Unbranded Red clay brick 230×110×75 mm,,hyderabad,Mallesh Bricks And Sand Supplier,Hyderabad,IndiaMART,dealer,10.00,piece,10.00,piece,EXCL,12,6904,1.60,0.54,0.35,4.17,4.17,,,unknown,,NOT_APPLICABLE,,0,,,30.13,6_tyre,seeded_fallback,2026-08-01T10:12:39.597Z,https://www.indiamart.com/proddetail/rbs-red-clay-brick-2859133492088.html
p_bc55663a22ef68e7,bricks_blocks,Unbranded Red clay brick 230×110×75 mm,,hyderabad,Jai Hanuman Rice Traders,Hyderabad,IndiaMART,dealer,10.60,piece,10.60,piece,EXCL,12,6904,1.60,0.54,0.35,4.17,4.17,,,unknown,,NOT_APPLICABLE,,0,3.7,3,10.16,6_tyre,seeded_fallback,2026-08-01T10:12:39.597Z,https://www.indiamart.com/proddetail/rrr-red-brick-2858673933612.html
p_bc55663a22ef68e7,bricks_blocks,Unbranded Red clay brick 230×110×75 mm,,hyderabad,Sudhakar Constructions,"L B Nagar, Hyderabad",IndiaMART,dealer,10.50,piece,10.50,piece,EXCL,12,6904,1.60,0.54,0.35,4.17,4.17,,,unknown,,NOT_APPLICABLE,,0,5,3,38.07,6_tyre,seeded_fallback,2026-08-01T10:12:39.597Z,https://www.indiamart.com/proddetail/karimnagar-red-brick-2854547142230.html
p_bc55663a22ef68e7,bricks_blocks,Unbranded Red clay brick 230×110×75 mm,,hyderabad,Sri Balaji Constructions,Hyderabad,IndiaMART,dealer,9.00,piece,9.00,piece,EXCL,12,6904,1.60,0.54,0.35,4.17,4.17,,,unknown,,NOT_APPLICABLE,,0,5,1,40.72,6_tyre,seeded_fallback,2026-08-01T10:12:39.597Z,https://www.indiamart.com/proddetail/cbi-clay-red-brick-2857496875388.html
p_bc55663a22ef68e7,bricks_blocks,Unbranded Red clay brick 230×110×75 mm,,hyderabad,Sri Venkateshwara Building Materials,Hyderabad,IndiaMART,dealer,10.00,piece,10.00,piece,EXCL,12,6904,1.60,0.54,0.35,4.17,4.17,,,unknown,,NOT_APPLICABLE,,0,2,4,29.41,6_tyre,seeded_fallback,2026-08-01T10:12:39.597Z,https://www.indiamart.com/proddetail/red-clay-brick-2859116109155.html
p_bc55663a22ef68e7,bricks_blocks,Unbranded Red clay brick 230×110×75 mm,,hyderabad,Advik Enterprises,Hyderabad,IndiaMART,dealer,10.80,piece,10.80,piece,EXCL,12,6904,1.60,0.54,0.35,4.17,4.17,,,unknown,,NOT_APPLICABLE,,0,4.5,2,13.99,6_tyre,seeded_fallback,2026-08-01T10:12:39.597Z,https://www.indiamart.com/proddetail/pvc-construction-red-brick-2849214897562.html
p_bc55663a22ef68e7,bricks_blocks,Unbranded Red clay brick 230×110×75 mm,,hyderabad,Sri Tirumala Construction,Hyderabad,IndiaMART,dealer,10.90,piece,10.90,piece,EXCL,12,6904,1.60,0.54,0.35,4.17,4.17,,,unknown,,NOT_APPLICABLE,,0,,,16.03,6_tyre,seeded_fallback,2026-08-01T10:12:39.597Z,https://www.indiamart.com/proddetail/red-clay-brick-2859506433230.html
p_bc55663a22ef68e7,bricks_blocks,Unbranded Red clay brick 230×110×75 mm,,hyderabad,Jai Bhavani Material Supply,Hyderabad,IndiaMART,dealer,11.00,piece,11.00,piece,EXCL,12,6904,1.60,0.54,0.35,4.17,4.17,,,unknown,,NOT_APPLICABLE,,0,,,14.78,6_tyre,seeded_fallback,2026-08-01T10:12:39.597Z,https://www.indiamart.com/proddetail/construction-red-brick-2855916980891.html
p_bc55663a22ef68e7,bricks_blocks,Unbranded Red clay brick 230×110×75 mm,,hyderabad,Sai Balaji Building Material Suppliers,Hyderabad,IndiaMART,dealer,10.50,piece,10.50,piece,EXCL,12,6904,1.60,0.54,0.35,4.17,4.17,,,unknown,,NOT_APPLICABLE,,0,5,2,35.04,6_tyre,seeded_fallback,2026-08-01T10:12:39.597Z,https://www.indiamart.com/proddetail/mbc-red-brick-2850371273530.html
p_bc55663a22ef68e7,bricks_blocks,Unbranded Red clay brick 230×110×75 mm,,hyderabad,MS Traders,Hyderabad,IndiaMART,dealer,8.00,piece,8.00,piece,EXCL,12,6904,1.60,0.54,0.35,4.17,4.17,,,unknown,,NOT_APPLICABLE,,0,4.7,7,27.73,6_tyre,seeded_fallback,2026-08-01T10:12:39.597Z,https://www.indiamart.com/proddetail/red-clay-brick-2852599505288.html
p_bc55663a22ef68e7,bricks_blocks,Unbranded Red clay brick 230×110×75 mm,,hyderabad,Sowmya Building Material Suppliers,Hyderabad,IndiaMART,dealer,8.50,piece,8.50,piece,EXCL,12,6904,1.60,0.54,0.35,4.17,4.17,,,unknown,,NOT_APPLICABLE,,0,,,33,6_tyre,seeded_fallback,2026-08-01T10:12:39.597Z,https://www.indiamart.com/proddetail/rectangular-red-brick-2852717751730.html
p_bc55663a22ef68e7,bricks_blocks,Unbranded Red clay brick 230×110×75 mm,,hyderabad,Construction Adda,"Medipalli, Hyderabad",IndiaMART,dealer,10.30,piece,10.30,piece,EXCL,12,6904,1.60,0.54,0.35,4.17,4.17,,,unknown,,NOT_APPLICABLE,,0,2.7,3,17.14,6_tyre,computed,2026-08-01T10:12:39.597Z,https://www.indiamart.com/proddetail/pvn-red-brick-2850434058762.html
p_bc55663a22ef68e7,bricks_blocks,Unbranded Red clay brick 230×110×75 mm,,hyderabad,Harnath And Co.,Hyderabad,IndiaMART,dealer,10.00,piece,10.00,piece,EXCL,12,6904,1.60,0.54,0.35,4.17,4.17,,,unknown,,NOT_APPLICABLE,,0,,,41.43,6_tyre,seeded_fallback,2026-08-01T10:12:39.597Z,https://www.indiamart.com/proddetail/rbs-red-bricks-27571296862.html
p_bc55663a22ef68e7,bricks_blocks,Unbranded Red clay brick 230×110×75 mm,,hyderabad,Karimnagar Bricks,Hyderabad,IndiaMART,dealer,10.00,piece,10.00,piece,EXCL,12,6904,1.60,0.54,0.35,4.17,4.17,,,unknown,,NOT_APPLICABLE,,0,,,20.36,6_tyre,seeded_fallback,2026-08-01T10:12:39.597Z,https://www.indiamart.com/proddetail/pnr-red-brick-2858910114712.html
p_bc55663a22ef68e7,bricks_blocks,Unbranded Red clay brick 230×110×75 mm,,hyderabad,M K Enterprises,Hyderabad,IndiaMART,dealer,9.00,piece,9.00,piece,EXCL,12,6904,1.60,0.54,0.35,4.17,4.17,,,unknown,,NOT_APPLICABLE,,0,4.5,2,20.87,6_tyre,seeded_fallback,2026-08-01T10:12:39.597Z,https://www.indiamart.com/proddetail/red-brick-2853502766297.html
p_bc55663a22ef68e7,bricks_blocks,Unbranded Red clay brick 230×110×75 mm,,hyderabad,Need Accessories,Hyderabad,IndiaMART,dealer,7.90,piece,7.90,piece,EXCL,12,6904,1.60,0.54,0.35,4.17,4.17,,,unknown,,NOT_APPLICABLE,,0,,,9.56,6_tyre,seeded_fallback,2026-08-01T10:12:39.597Z,https://www.indiamart.com/proddetail/cbi-red-bricks-27460809455.html
p_bc55663a22ef68e7,bricks_blocks,Unbranded Red clay brick 230×110×75 mm,,hyderabad,Karthik Brick Industry,Hyderabad,IndiaMART,dealer,9.00,piece,9.00,piece,EXCL,12,6904,1.60,0.54,0.35,4.17,4.17,,,unknown,,NOT_APPLICABLE,,0,4.1,47,40.53,6_tyre,seeded_fallback,2026-08-01T10:12:43.110Z,https://www.indiamart.com/proddetail/red-clay-brick-26748300912.html
p_bc55663a22ef68e7,bricks_blocks,Unbranded Red clay brick 230×110×75 mm,,hyderabad,Nawanirman Materials And Builders Private Limited,Hyderabad,IndiaMART,dealer,8.50,piece,8.50,piece,EXCL,12,6904,1.60,0.54,0.35,4.17,4.17,,,unknown,,NOT_APPLICABLE,,0,3.6,73,40.78,6_tyre,seeded_fallback,2026-08-01T10:12:43.110Z,https://www.indiamart.com/proddetail/local-cbi-red-bricks-23645169462.html
p_bc55663a22ef68e7,bricks_blocks,Unbranded Red clay brick 230×110×75 mm,,hyderabad,SSN Construction Materials,Hyderabad,IndiaMART,dealer,9.50,piece,9.50,piece,EXCL,12,6904,1.60,0.54,0.35,4.17,4.17,,,unknown,,NOT_APPLICABLE,,0,3.8,40,40.07,6_tyre,seeded_fallback,2026-08-01T10:12:43.110Z,https://www.indiamart.com/proddetail/red-brick-for-home-2850340984955.html
p_bc55663a22ef68e7,bricks_blocks,Unbranded Red clay brick 230×110×75 mm,,hyderabad,KK Reddys Enterprises,Hyderabad,IndiaMART,dealer,11.00,piece,11.00,piece,EXCL,12,6904,1.60,0.54,0.35,4.17,4.17,,,unknown,,NOT_APPLICABLE,,0,4.7,31,29.18,6_tyre,seeded_fallback,2026-08-01T10:12:43.110Z,https://www.indiamart.com/proddetail/lbm-red-brick-2851355164197.html
p_bc55663a22ef68e7,bricks_blocks,Unbranded Red clay brick 230×110×75 mm,,hyderabad,Sri Venkateswara Building Material Suppliers,"Kukatpally, Hyderabad",IndiaMART,dealer,10.30,piece,10.30,piece,EXCL,12,6904,1.60,0.54,0.35,4.17,4.17,,,unknown,,NOT_APPLICABLE,,0,3.9,9,12.17,6_tyre,computed,2026-08-01T10:12:43.110Z,https://www.indiamart.com/proddetail/vbc-red-bricks-2855378409473.html
p_bc55663a22ef68e7,bricks_blocks,Unbranded Red clay brick 230×110×75 mm,,hyderabad,Jai Hanuman Rice Traders,Hyderabad,IndiaMART,dealer,10.80,piece,10.80,piece,EXCL,12,6904,1.60,0.54,0.35,4.17,4.17,,,unknown,,NOT_APPLICABLE,,0,3.7,3,10.16,6_tyre,seeded_fallback,2026-08-01T10:12:43.110Z,https://www.indiamart.com/proddetail/rbs-red-brick-2858673897862.html
p_bc55663a22ef68e7,bricks_blocks,Unbranded Red clay brick 230×110×75 mm,,hyderabad,Mallesh Bricks And Sand Supplier,Hyderabad,IndiaMART,dealer,10.00,piece,10.00,piece,EXCL,12,6904,1.60,0.54,0.35,4.17,4.17,,,unknown,,NOT_APPLICABLE,,0,,,30.13,6_tyre,seeded_fallback,2026-08-01T10:12:43.110Z,https://www.indiamart.com/proddetail/vbc-red-clay-brick-2859136319773.html
p_bc55663a22ef68e7,bricks_blocks,Unbranded Red clay brick 230×110×75 mm,,hyderabad,Advik Enterprises,Hyderabad,IndiaMART,dealer,10.80,piece,10.80,piece,EXCL,12,6904,1.60,0.54,0.35,4.17,4.17,,,unknown,,NOT_APPLICABLE,,0,4.5,2,13.99,6_tyre,seeded_fallback,2026-08-01T10:12:43.110Z,https://www.indiamart.com/proddetail/pnr-construction-red-brick-2849214897230.html
p_bc55663a22ef68e7,bricks_blocks,Unbranded Red clay brick 230×110×75 mm,,hyderabad,Sai Balaji Building Material Suppliers,Hyderabad,IndiaMART,dealer,10.50,piece,10.50,piece,EXCL,12,6904,1.60,0.54,0.35,4.17,4.17,,,unknown,,NOT_APPLICABLE,,0,5,2,35.04,6_tyre,seeded_fallback,2026-08-01T10:12:43.110Z,https://www.indiamart.com/proddetail/svb-red-brick-2850371280533.html
p_bc55663a22ef68e7,bricks_blocks,Unbranded Red clay brick 230×110×75 mm,,hyderabad,Karimnagar Bricks,Hyderabad,IndiaMART,dealer,8.80,piece,8.80,piece,EXCL,12,6904,1.60,0.54,0.35,4.17,4.17,,,unknown,,NOT_APPLICABLE,,0,,,20.36,6_tyre,seeded_fallback,2026-08-01T10:12:43.110Z,https://www.indiamart.com/proddetail/mnb-red-brick-2858710213333.html
p_bc55663a22ef68e7,bricks_blocks,Unbranded Red clay brick 230×110×75 mm,,hyderabad,JRP Enterprises,Hyderabad,IndiaMART,dealer,10.45,piece,10.45,piece,EXCL,12,6904,1.60,0.54,0.35,4.17,4.17,,,unknown,,NOT_APPLICABLE,,0,,,23.92,6_tyre,seeded_fallback,2026-08-01T10:12:43.110Z,https://www.indiamart.com/proddetail/red-bricks-24793348591.html
p_bc55663a22ef68e7,bricks_blocks,Unbranded Red clay brick 230×110×75 mm,,hyderabad,Karthik Brick Industry,Hyderabad,IndiaMART,dealer,9.00,piece,9.00,piece,EXCL,12,6904,1.60,0.54,0.35,4.17,4.17,,,unknown,,NOT_APPLICABLE,,0,4.1,47,40.53,6_tyre,seeded_fallback,2026-08-01T10:12:46.582Z,https://www.indiamart.com/proddetail/sri-clay-brick-27099568330.html
p_bc55663a22ef68e7,bricks_blocks,Unbranded Red clay brick 230×110×75 mm,,hyderabad,KK Reddys Enterprises,Hyderabad,IndiaMART,dealer,9.60,piece,9.60,piece,EXCL,12,6904,1.60,0.54,0.35,4.17,4.17,,,unknown,,NOT_APPLICABLE,,0,4.7,31,29.18,6_tyre,seeded_fallback,2026-08-01T10:12:46.582Z,https://www.indiamart.com/proddetail/vbc-red-brick-23003799955.html
p_bc55663a22ef68e7,bricks_blocks,Unbranded Red clay brick 230×110×75 mm,,hyderabad,Mallesh Bricks And Sand Supplier,Hyderabad,IndiaMART,dealer,10.00,piece,10.00,piece,EXCL,12,6904,1.60,0.54,0.35,4.17,4.17,,,unknown,,NOT_APPLICABLE,,0,,,30.13,6_tyre,seeded_fallback,2026-08-01T10:12:46.582Z,https://www.indiamart.com/proddetail/msb-red-clay-brick-2859133256662.html
p_bc55663a22ef68e7,bricks_blocks,Unbranded Red clay brick 230×110×75 mm,,hyderabad,Advik Enterprises,Hyderabad,IndiaMART,dealer,10.80,piece,10.80,piece,EXCL,12,6904,1.60,0.54,0.35,4.17,4.17,,,unknown,,NOT_APPLICABLE,,0,4.5,2,13.99,6_tyre,seeded_fallback,2026-08-01T10:12:46.582Z,https://www.indiamart.com/proddetail/pvb-construction-red-brick-2849214896497.html
p_bc55663a22ef68e7,bricks_blocks,Unbranded Red clay brick 230×110×75 mm,,hyderabad,MSN Infra Logistics,Hyderabad,IndiaMART,dealer,10.40,piece,10.40,piece,EXCL,12,6904,1.60,0.54,0.35,4.17,4.17,,,unknown,,NOT_APPLICABLE,,0,3.7,11,32.68,6_tyre,seeded_fallback,2026-08-01T10:12:46.582Z,https://www.indiamart.com/proddetail/svb-red-bricks-2855130334391.html
p_bc55663a22ef68e7,bricks_blocks,Unbranded Red clay brick 230×110×75 mm,,hyderabad,Ocean Traders Paints And Hardware,Hyderabad,IndiaMART,dealer,9.50,piece,9.50,piece,EXCL,12,6904,1.60,0.54,0.35,4.17,4.17,,,unknown,,NOT_APPLICABLE,,0,5,2,9.67,6_tyre,seeded_fallback,2026-08-01T10:12:46.582Z,https://www.indiamart.com/proddetail/red-brick-2856001375988.html
p_bc55663a22ef68e7,bricks_blocks,Unbranded Red clay brick 230×110×75 mm,,hyderabad,Natural Clay Hub,"Secunderabad, Dist. Hyderabad",IndiaMART,dealer,45.00,piece,45.00,piece,EXCL,12,6904,1.60,0.54,0.35,4.17,4.17,,,unknown,,NOT_APPLICABLE,,0,5,1,27.21,6_tyre,seeded_fallback,2026-08-01T10:12:46.582Z,https://www.indiamart.com/proddetail/red-bricks-2858055546748.html
p_bc55663a22ef68e7,bricks_blocks,Unbranded Red clay brick 230×110×75 mm,,hyderabad,Karthik Brick Industry,Hyderabad,IndiaMART,dealer,10.00,piece,10.00,piece,EXCL,12,6904,1.60,0.54,0.35,4.17,4.17,,,unknown,,NOT_APPLICABLE,,0,4.1,47,40.53,6_tyre,seeded_fallback,2026-08-01T10:12:50.163Z,https://www.indiamart.com/proddetail/karimnagar-red-brick-2855378971933.html
p_bc55663a22ef68e7,bricks_blocks,Unbranded Red clay brick 230×110×75 mm,,hyderabad,KK Reddys Enterprises,Hyderabad,IndiaMART,dealer,1.50,piece,1.50,piece,EXCL,12,6904,1.60,0.54,0.35,4.17,4.17,,,unknown,,NOT_APPLICABLE,,0,4.7,31,29.18,6_tyre,seeded_fallback,2026-08-01T10:12:50.163Z,https://www.indiamart.com/proddetail/msr-red-bricks-23446149073.html
p_bc55663a22ef68e7,bricks_blocks,Unbranded Red clay brick 230×110×75 mm,,hyderabad,Karimnagar Bricks,Hyderabad,IndiaMART,dealer,10.00,piece,10.00,piece,EXCL,12,6904,1.60,0.54,0.35,4.17,4.17,,,unknown,,NOT_APPLICABLE,,0,,,20.36,6_tyre,seeded_fallback,2026-08-01T10:12:50.163Z,https://www.indiamart.com/proddetail/vsr-red-brick-2858915662073.html
p_bc55663a22ef68e7,bricks_blocks,Unbranded Red clay brick 230×110×75 mm,,hyderabad,Star Refractory Works,"Moosapet, Hyderabad",IndiaMART,dealer,36.00,piece,36.00,piece,EXCL,12,6904,1.60,0.54,0.35,4.17,4.17,,,unknown,,NOT_APPLICABLE,,0,4.3,45,16.3,6_tyre,seeded_fallback,2026-08-01T10:17:36.783Z,https://www.indiamart.com/proddetail/is-8-standard-fire-brick-22242844912.html
p_bc55663a22ef68e7,bricks_blocks,Unbranded Red clay brick 230×110×75 mm,,hyderabad,Sai Enterprises,Hyderabad,IndiaMART,dealer,40.00,piece,40.00,piece,EXCL,12,6904,1.60,0.54,0.35,4.17,4.17,,,unknown,,NOT_APPLICABLE,,0,4.5,36,7.01,6_tyre,seeded_fallback,2026-08-01T10:17:36.783Z,https://www.indiamart.com/proddetail/side-wall-refractory-fireclay-brick-21995684062.html
p_bc55663a22ef68e7,bricks_blocks,Unbranded Red clay brick 230×110×75 mm,,hyderabad,Sree Laxmi Narasimha Swamy Bricks,Hyderabad,IndiaMART,dealer,15.00,piece,15.00,piece,EXCL,12,6904,1.60,0.54,0.35,4.17,4.17,,,unknown,,NOT_APPLICABLE,,0,2.6,5,8.27,6_tyre,seeded_fallback,2026-08-01T10:17:36.783Z,https://www.indiamart.com/proddetail/fire-resistant-red-brick-2849321102533.html
p_bc55663a22ef68e7,bricks_blocks,Unbranded Red clay brick 230×110×75 mm,,hyderabad,Sri Sai Refractories,Hyderabad,IndiaMART,dealer,25.00,piece,25.00,piece,EXCL,12,6904,1.60,0.54,0.35,4.17,4.17,,,unknown,,NOT_APPLICABLE,,0,5,1,28.31,6_tyre,seeded_fallback,2026-08-01T10:17:36.783Z,https://www.indiamart.com/proddetail/foundry-brick-12486122973.html
p_bc55663a22ef68e7,bricks_blocks,Unbranded Red clay brick 230×110×75 mm,,hyderabad,Associated Refractories Corp,Deals in Hyderabad,IndiaMART,dealer,27.00,piece,27.00,piece,EXCL,12,6904,1.60,0.54,0.35,4.17,4.17,,,unknown,,NOT_APPLICABLE,,0,4.3,65,19.85,6_tyre,seeded_fallback,2026-08-01T10:17:36.783Z,https://www.indiamart.com/proddetail/refractory-fire-brick-13267512748.html
p_bc55663a22ef68e7,bricks_blocks,Unbranded Red clay brick 230×110×75 mm,,hyderabad,Om Refractory Solutions,Deals in Hyderabad,IndiaMART,dealer,24.50,piece,24.50,piece,EXCL,12,6904,1.60,0.54,0.35,4.17,4.17,,,unknown,,NOT_APPLICABLE,,0,4.6,53,38.75,6_tyre,seeded_fallback,2026-08-01T10:17:36.783Z,https://www.indiamart.com/proddetail/furnace-kiln-fire-brick-2850758397430.html
p_bc55663a22ef68e7,bricks_blocks,Unbranded Red clay brick 230×110×75 mm,,hyderabad,SSN Construction Materials,Hyderabad,IndiaMART,dealer,9.30,piece,9.30,piece,EXCL,12,6904,1.60,0.54,0.35,4.17,4.17,,,unknown,,NOT_APPLICABLE,,0,3.8,40,40.07,6_tyre,seeded_fallback,2026-08-01T10:17:36.783Z,https://www.indiamart.com/proddetail/red-fire-clay-brick-25299473112.html
p_bc55663a22ef68e7,bricks_blocks,Unbranded Red clay brick 230×110×75 mm,,hyderabad,Need Accessories,Hyderabad,IndiaMART,dealer,13.50,piece,13.50,piece,EXCL,12,6904,1.60,0.54,0.35,4.17,4.17,,,unknown,,NOT_APPLICABLE,,0,,,9.56,6_tyre,seeded_fallback,2026-08-01T10:17:36.783Z,https://www.indiamart.com/proddetail/fire-clay-bricks-25736843773.html
p_bc55663a22ef68e7,bricks_blocks,Unbranded Red clay brick 230×110×75 mm,,hyderabad,Electrocell,Hyderabad,IndiaMART,dealer,45.00,piece,45.00,piece,EXCL,12,6904,1.60,0.54,0.35,4.17,4.17,,,unknown,,NOT_APPLICABLE,,0,2,3,30.83,6_tyre,seeded_fallback,2026-08-01T10:17:36.783Z,https://www.indiamart.com/proddetail/cold-face-insulation-brick-13564014448.html
p_bc55663a22ef68e7,bricks_blocks,Unbranded Red clay brick 230×110×75 mm,,hyderabad,Reb Industries Private Limited,Deals in Hyderabad,IndiaMART,dealer,29.00,piece,29.00,piece,EXCL,12,6904,1.60,0.54,0.35,4.17,4.17,,,unknown,,NOT_APPLICABLE,,0,4.1,75,34.41,6_tyre,seeded_fallback,2026-08-01T10:15:30.853Z,https://www.indiamart.com/proddetail/wire-cut-bricks-2854914826212.html
p_bc55663a22ef68e7,bricks_blocks,Unbranded Red clay brick 230×110×75 mm,,hyderabad,Prayag Clay Products Limited,Deals in Hyderabad,IndiaMART,dealer,27.00,piece,27.00,piece,EXCL,12,6904,1.60,0.54,0.35,4.17,4.17,,,unknown,,NOT_APPLICABLE,,0,4.7,35,8.92,6_tyre,seeded_fallback,2026-08-01T10:15:30.853Z,https://www.indiamart.com/proddetail/9x4x3-inch-pcp-wirecut-bricks-harvest-gold-14225671748.html
p_bc55663a22ef68e7,bricks_blocks,Unbranded Red clay brick 230×110×75 mm,,hyderabad,The Brick House,Deals in Hyderabad,IndiaMART,dealer,22.00,piece,22.00,piece,EXCL,12,6904,1.60,0.54,0.35,4.17,4.17,,,unknown,,NOT_APPLICABLE,,0,4.6,31,21.96,6_tyre,seeded_fallback,2026-08-01T10:15:30.853Z,https://www.indiamart.com/proddetail/wire-cut-bricks-supplier-in-kolhapur-2856898984588.html
p_bc55663a22ef68e7,bricks_blocks,Unbranded Red clay brick 230×110×75 mm,,hyderabad,Tile Depot,"Pragathinagar, Hyderabad",IndiaMART,dealer,15.00,piece,15.00,piece,EXCL,12,6904,1.60,0.54,0.35,4.17,4.17,,,unknown,,NOT_APPLICABLE,,0,4.4,35,7.3,6_tyre,seeded_fallback,2026-08-01T10:15:30.853Z,https://www.indiamart.com/proddetail/brick-wall-cladding-2859184614330.html
p_bc55663a22ef68e7,bricks_blocks,Unbranded Red clay brick 230×110×75 mm,,hyderabad,Diamond Stone Gallery,Hyderabad,IndiaMART,dealer,20.00,piece,20.00,piece,EXCL,12,6904,1.60,0.54,0.35,4.17,4.17,,,unknown,,NOT_APPLICABLE,,0,4.4,15,37.8,6_tyre,seeded_fallback,2026-08-01T10:15:30.853Z,https://www.indiamart.com/proddetail/wire-cut-bricks-26127439991.html
p_bc55663a22ef68e7,bricks_blocks,Unbranded Red clay brick 230×110×75 mm,,hyderabad,Tilesample.In,Hyderabad,IndiaMART,dealer,28.00,piece,28.00,piece,EXCL,12,6904,1.60,0.54,0.35,4.17,4.17,,,unknown,,NOT_APPLICABLE,,0,3,4,33.33,6_tyre,seeded_fallback,2026-08-01T10:15:30.853Z,https://www.indiamart.com/proddetail/wire-cut-brick-4-holes-2858768745255.html
p_bc55663a22ef68e7,bricks_blocks,Unbranded Red clay brick 230×110×75 mm,,hyderabad,MSS Traders,"Lingampalli, Hyderabad",IndiaMART,dealer,15.70,piece,15.70,piece,EXCL,12,6904,1.60,0.54,0.35,4.17,4.17,,,unknown,,NOT_APPLICABLE,,0,3.6,5,39.55,6_tyre,seeded_fallback,2026-08-01T10:15:30.853Z,https://www.indiamart.com/proddetail/8inch-wire-cut-clay-brick-2855482281812.html
p_bc55663a22ef68e7,bricks_blocks,Unbranded Red clay brick 230×110×75 mm,,hyderabad,Venkateshwara Swamy Bricks,Hyderabad,IndiaMART,dealer,9.70,piece,9.70,piece,EXCL,12,6904,1.60,0.54,0.35,4.17,4.17,,,unknown,,NOT_APPLICABLE,,0,3.7,6,31.9,6_tyre,seeded_fallback,2026-08-01T10:15:30.853Z,https://www.indiamart.com/proddetail/wire-cut-bricks-25387272897.html
p_bc55663a22ef68e7,bricks_blocks,Unbranded Red clay brick 230×110×75 mm,,hyderabad,Swetcha Reddy Traders (S R Traders),"Yousufguda, Hyderabad",IndiaMART,dealer,12.00,piece,12.00,piece,EXCL,12,6904,1.60,0.54,0.35,4.17,4.17,,,unknown,,NOT_APPLICABLE,,0,3,2,28.65,6_tyre,computed,2026-08-01T10:15:30.853Z,https://www.indiamart.com/proddetail/wire-cut-clay-bricks-2855506998033.html
p_bc55663a22ef68e7,bricks_blocks,Unbranded Red clay brick 230×110×75 mm,,hyderabad,The Stone Man,Hyderabad,IndiaMART,dealer,28.00,piece,28.00,piece,EXCL,12,6904,1.60,0.54,0.35,4.17,4.17,,,unknown,,NOT_APPLICABLE,,0,5,1,21.72,6_tyre,seeded_fallback,2026-08-01T10:15:30.853Z,https://www.indiamart.com/proddetail/wire-cut-brick-20099186773.html
p_bc55663a22ef68e7,bricks_blocks,Unbranded Red clay brick 230×110×75 mm,,hyderabad,Reb Industries Private Limited,Deals in Hyderabad,IndiaMART,dealer,26.00,piece,26.00,piece,EXCL,12,6904,1.60,0.54,0.35,4.17,4.17,,,unknown,,NOT_APPLICABLE,,0,4.1,75,34.41,6_tyre,seeded_fallback,2026-08-01T10:15:37.653Z,https://www.indiamart.com/proddetail/perforted-10-holes-exposed-wire-cut-brick-2854917080412.html
p_bc55663a22ef68e7,bricks_blocks,Unbranded Red clay brick 230×110×75 mm,,hyderabad,The Brick House,Deals in Hyderabad,IndiaMART,dealer,24.00,piece,24.00,piece,EXCL,12,6904,1.60,0.54,0.35,4.17,4.17,,,unknown,,NOT_APPLICABLE,,0,4.6,31,21.96,6_tyre,seeded_fallback,2026-08-01T10:15:37.653Z,https://www.indiamart.com/proddetail/75mm-solid-wire-cut-brick-2856898899997.html
p_bc55663a22ef68e7,bricks_blocks,Unbranded Red clay brick 230×110×75 mm,,hyderabad,Yashas Enterprises,Deals in Hyderabad,IndiaMART,dealer,18.00,piece,18.00,piece,EXCL,12,6904,1.60,0.54,0.35,4.17,4.17,,,unknown,,NOT_APPLICABLE,,0,4.2,56,7.02,6_tyre,seeded_fallback,2026-08-01T10:15:37.653Z,https://www.indiamart.com/proddetail/eurocotto-light-red-wirecut-2859008015291.html
p_bc55663a22ef68e7,bricks_blocks,Unbranded Red clay brick 230×110×75 mm,,hyderabad,Tile Depot,"Pragathinagar, Hyderabad",IndiaMART,dealer,16.00,piece,16.00,piece,EXCL,12,6904,1.60,0.54,0.35,4.17,4.17,,,unknown,,NOT_APPLICABLE,,0,4.4,35,7.3,6_tyre,seeded_fallback,2026-08-01T10:15:37.653Z,https://www.indiamart.com/proddetail/wire-cut-brick-2859182783012.html
p_bc55663a22ef68e7,bricks_blocks,Unbranded Red clay brick 230×110×75 mm,,hyderabad,MSS Traders,"Lingampalli, Hyderabad",IndiaMART,dealer,16.90,piece,16.90,piece,EXCL,12,6904,1.60,0.54,0.35,4.17,4.17,,,unknown,,NOT_APPLICABLE,,0,3.6,5,39.55,6_tyre,seeded_fallback,2026-08-01T10:15:37.653Z,https://www.indiamart.com/proddetail/9inch-wire-cut-clay-brick-2855482286797.html
p_bc55663a22ef68e7,bricks_blocks,Unbranded Red clay brick 230×110×75 mm,,hyderabad,The Brick House,Deals in Hyderabad,IndiaMART,dealer,19.00,piece,19.00,piece,EXCL,12,6904,1.60,0.54,0.35,4.17,4.17,,,unknown,,NOT_APPLICABLE,,0,4.6,31,21.96,6_tyre,seeded_fallback,2026-08-01T10:15:44.808Z,https://www.indiamart.com/proddetail/wire-cut-brick-supplier-in-aurangabad-2857240957862.html
p_bc55663a22ef68e7,bricks_blocks,Unbranded Red clay brick 230×110×75 mm,,hyderabad,Prayag Clay Products Limited,Deals in Hyderabad,IndiaMART,dealer,22.50,piece,22.50,piece,EXCL,12,6904,1.60,0.54,0.35,4.17,4.17,,,unknown,,NOT_APPLICABLE,,0,4.7,35,8.92,6_tyre,seeded_fallback,2026-08-01T10:15:51.611Z,https://www.indiamart.com/proddetail/9x4x3-inch-pcp-wire-cut-bricks-drag-faced-2855434994597.html
p_bc55663a22ef68e7,bricks_blocks,Unbranded Red clay brick 230×110×75 mm,,hyderabad,Rathod Banjara YouTube channel,Attapur,ExportersIndia,dealer,9.20,piece,9.20,piece,EXCL,12,6904,0.86,0.54,0.35,4.17,4.17,14000,Piece,unknown,,NOT_APPLICABLE,,0,,,23.75,10_tyre,seeded_fallback,2026-08-06T13:07:06.956Z,https://www.exportersindia.com/product-detail/vbm-karimnagar-red-brick-3316521266.htm
p_bc55663a22ef68e7,bricks_blocks,Unbranded Red clay brick 230×110×75 mm,,hyderabad,M S Star Refractory Works,Malkajgiri,ExportersIndia,dealer,32.00,piece,32.00,piece,EXCL,12,6904,37.66,8.00,0.35,4.17,4.17,5,Tonne,unknown,,NOT_APPLICABLE,,0,,,39.26,parcel,seeded_fallback,2026-08-06T13:07:06.956Z,https://www.exportersindia.com/product-detail/9-x-4-5-inch-acid-proof-fire-brick-7523541849.htm
p_bc55663a22ef68e7,bricks_blocks,Unbranded Red clay brick 230×110×75 mm,,hyderabad,Vinod Construction materials,Erragadda,ExportersIndia,dealer,9.60,piece,9.60,piece,EXCL,12,6904,0.80,0.54,0.35,4.17,4.17,15000,Piece,unknown,,NOT_APPLICABLE,,0,,,37.33,10_tyre,seeded_fallback,2026-08-06T13:07:06.956Z,https://www.exportersindia.com/product-detail/red-bricks-3886185444.htm
p_a43020338fde906c,bricks_blocks,Unbranded Concrete solid block,,hyderabad,Shama Concrete Works,,ExportersIndia,dealer,3.00,piece,3.00,piece,EXCL,18,6810,1.80,0.47,0.35,6.16,6.16,500,Piece,unknown,,NOT_APPLICABLE,,0,,,19.44,lcv,seeded_fallback,2026-08-06T13:07:14.066Z,https://www.exportersindia.com/product-detail/concrete-cover-blocks-8624251623.htm
p_407d86943d38e297,bricks_blocks,Unbranded Concrete solid block,,hyderabad,Sakthivel Precast Industries,,ExportersIndia,dealer,4.50,piece,4.50,piece,EXCL,18,6810,1.18,0.47,0.35,7.31,7.31,,,unknown,,NOT_APPLICABLE,,0,,,39.29,lcv,seeded_fallback,2026-08-06T13:07:14.066Z,https://www.exportersindia.com/product-detail/concrete-cover-block-3999864139.htm
p_39d20c9eabb2b7cd,bricks_blocks,Unbranded Fly ash brick,,hyderabad,Construction Adda,"Medipalli, Hyderabad",IndiaMART,dealer,5.20,piece,5.20,piece,EXCL,12,6815,0.90,0.47,0.35,7.54,7.54,,,unknown,,NOT_APPLICABLE,,0,2.7,3,17.14,lcv,computed,2026-08-01T10:19:36.058Z,https://www.indiamart.com/proddetail/grey-fly-ash-brick-2850434194997.html
p_9fc21e22a7137270,bricks_blocks,Unbranded CLC block,,hyderabad,Neha Traders,Hyderabad,IndiaMART,dealer,5.00,piece,5.00,piece,EXCL,18,6810,0.96,0.47,0.35,7.68,7.68,,,unknown,,NOT_APPLICABLE,,0,5,2,31.92,lcv,seeded_fallback,2026-08-01T10:17:50.835Z,https://www.indiamart.com/proddetail/cellular-concrete-brick-15261993562.html
p_a7380d70a024df58,bricks_blocks,Unbranded Concrete solid block,,hyderabad,Karis Building Products LLP,,ExportersIndia,dealer,5.50,piece,5.50,piece,EXCL,18,6810,0.60,0.47,0.35,7.91,7.91,10000,Piece,unknown,,NOT_APPLICABLE,,0,,,16.72,10_tyre,seeded_fallback,2026-08-06T13:07:14.066Z,https://www.exportersindia.com/product-detail/50mm-footing-pyramid-cover-block-6493146422.htm
p_e322779a55485376,bricks_blocks,Unbranded Fly ash brick,,hyderabad,P V R Ash Tech,Hyderabad,IndiaMART,dealer,6.00,piece,6.00,piece,EXCL,12,6815,0.90,0.47,0.35,8.44,8.44,,,unknown,,NOT_APPLICABLE,,0,5,2,10.01,lcv,seeded_fallback,2026-08-01T10:19:36.058Z,https://www.indiamart.com/proddetail/fly-ash-eco-bricks-17304410430.html
p_47b86e43327e9ead,bricks_blocks,Unbranded Fly ash brick,,hyderabad,BigBMart,Hyderabad,BigBMart,platform,7.50,piece,7.50,piece,INCL,12,6815,1.13,0.47,0.35,9.45,9.45,,,unknown,,NOT_APPLICABLE,,0,,,37.78,lcv,seeded_fallback,2026-08-01T00:00:00.000Z,https://bigbmart.com/product/fly-ash-bricks/
p_94238308043788b1,bricks_blocks,Unbranded Fly ash brick,,hyderabad,Mukta Enterprises,Hyderabad,IndiaMART,dealer,7.00,piece,7.00,piece,EXCL,12,6815,0.90,0.47,0.35,9.56,9.56,,,unknown,,NOT_APPLICABLE,,0,4.4,118,24.57,lcv,seeded_fallback,2026-08-01T10:13:11.119Z,https://www.indiamart.com/proddetail/partition-walls-fly-ash-brick-9748583133.html
p_5429be85727b40b1,bricks_blocks,Unbranded Fly ash brick,,hyderabad,Sri Ramana Flyash Bricks,"Secunderabad, Dist. Hyderabad",IndiaMART,dealer,7.00,piece,7.00,piece,EXCL,12,6815,1.00,0.47,0.35,9.66,9.66,,,unknown,,NOT_APPLICABLE,,0,5,6,33.39,lcv,seeded_fallback,2026-08-01T10:13:42.999Z,https://www.indiamart.com/proddetail/cuboid-fly-ash-cement-brick-23169221191.html
p_5fb2f2401726b47f,bricks_blocks,Unbranded Fly ash brick 230×110×75 mm,,hyderabad,Sri Sai Brick Industry,Hyderabad,IndiaMART,dealer,7.00,piece,7.00,piece,EXCL,12,6815,1.00,0.47,0.35,9.66,9.66,,,unknown,,NOT_APPLICABLE,,0,5,2,33.2,lcv,seeded_fallback,2026-08-01T10:13:08.572Z,https://www.indiamart.com/proddetail/partition-wall-fly-ash-brick-2858155050862.html
p_5fb2f2401726b47f,bricks_blocks,Unbranded Fly ash brick 230×110×75 mm,,hyderabad,Ncl Buildtek Limited,"Suchitra Junction, Hyderabad",IndiaMART,dealer,110.00,piece,110.00,piece,EXCL,12,6815,0.90,0.47,0.35,9.66,9.66,,,unknown,,NOT_APPLICABLE,,0,4.7,43,27.47,lcv,seeded_fallback,2026-08-01T10:13:11.119Z,https://www.indiamart.com/proddetail/fly-ash-bricks-2856525225648.html
p_9a8a98d1743bf987,bricks_blocks,Unbranded Concrete hollow block,,hyderabad,Mukta Enterprises,Hyderabad,IndiaMART,dealer,7.00,piece,7.00,piece,EXCL,18,6810,0.90,0.47,0.35,9.98,9.98,,,unknown,,NOT_APPLICABLE,,0,4.4,118,24.57,lcv,seeded_fallback,2026-08-01T10:12:25.885Z,https://www.indiamart.com/proddetail/concrete-hollow-blocks-9779018273.html
p_ace3e66bd5634cbc,bricks_blocks,Unbranded block,,hyderabad,SBS Fly Ash Blocks,"Secunderabad, Dist. Hyderabad",IndiaMART,dealer,7.00,piece,7.00,piece,EXCL,18,6810,0.90,0.47,0.35,9.98,9.98,,,unknown,,NOT_APPLICABLE,,0,,,20.02,lcv,seeded_fallback,2026-08-01T10:13:49.641Z,https://www.indiamart.com/proddetail/cement-bricks-21468529348.html
p_0e45be7aa20c7124,bricks_blocks,Unbranded block,,hyderabad,Sri Dattatreya Enterprises,"Secunderabad, Dist. Hyderabad",IndiaMART,dealer,7.00,piece,7.00,piece,EXCL,18,6810,0.96,0.47,0.35,10.04,10.04,,,unknown,,NOT_APPLICABLE,,0,4.5,6,32.13,lcv,seeded_fallback,2026-08-01T10:13:42.999Z,https://www.indiamart.com/proddetail/20mm-cement-bricks-21440965630.html
p_5453fe1fa7270129,bricks_blocks,Unbranded Concrete solid block,,hyderabad,Sri Laxmi Venkateshwara Brick Industries,Hyderabad,IndiaMART,dealer,7.00,piece,7.00,piece,EXCL,18,6810,1.16,0.47,0.35,10.24,10.24,,,unknown,,NOT_APPLICABLE,,0,4,1,38.6,lcv,seeded_fallback,2026-08-01T10:13:00.531Z,https://www.indiamart.com/proddetail/cuboidal-grey-concrete-block-2854417143191.html
p_bb7af64f03bf3704,bricks_blocks,Unbranded Fly ash brick,,hyderabad,S.V. Building Materials,Hyderabad,IndiaMART,dealer,8.00,piece,8.00,piece,EXCL,12,6815,0.90,0.47,0.35,10.68,10.68,,,unknown,,NOT_APPLICABLE,,0,,,10.61,lcv,seeded_fallback,2026-08-01T10:19:42.931Z,https://www.indiamart.com/proddetail/eco-friendly-fly-ash-brick-26332612112.html
p_111f95cd913475ce,bricks_blocks,Unbranded Fly ash brick,,hyderabad,Rancare Industries Ltd.,Deals in Hyderabad,IndiaMART,dealer,8.00,piece,8.00,piece,EXCL,12,6815,0.90,0.47,0.35,10.68,10.68,,,unknown,,NOT_APPLICABLE,,0,4.2,37,25.99,lcv,seeded_fallback,2026-08-01T10:13:08.572Z,https://www.indiamart.com/proddetail/fly-ash-cement-bricks-25387573991.html
p_245194615ae81dcc,bricks_blocks,Unbranded Fly ash brick 625×200×200 mm,,hyderabad,Mukta Enterprises,Hyderabad,IndiaMART,dealer,7.00,piece,7.00,piece,EXCL,12,6815,1.60,0.94,0.35,10.73,10.73,,,unknown,,NOT_APPLICABLE,,0,4.4,118,24.57,6_tyre,seeded_fallback,2026-08-01T10:13:08.572Z,https://www.indiamart.com/proddetail/fly-ash-bricks-2856497808912.html
p_ac0d8f5c02e01515,bricks_blocks,Unbranded Fly ash brick,,hyderabad,Induri Traders,"Narsingi, Hyderabad",IndiaMART,dealer,8.00,piece,8.00,piece,EXCL,12,6815,0.99,0.47,0.35,10.77,10.77,,,unknown,,NOT_APPLICABLE,,0,4.7,3,32.87,lcv,seeded_fallback,2026-08-01T10:13:08.572Z,https://www.indiamart.com/proddetail/fly-ash-cement-brick-22466281673.html
p_5d9f3f5ba683235e,bricks_blocks,Unbranded Concrete solid block,,hyderabad,BigBMart,Hyderabad,BigBMart,platform,9.00,piece,9.00,piece,INCL,18,6810,1.13,0.47,0.35,10.95,10.95,,,unknown,,NOT_APPLICABLE,,0,,,37.78,lcv,seeded_fallback,2026-08-01T00:00:00.000Z,https://bigbmart.com/product/cement-solid-blocks/
p_52cb2bea26fd100a,bricks_blocks,Unbranded Concrete hollow block,,hyderabad,S.V. Building Materials,Hyderabad,IndiaMART,dealer,8.00,piece,8.00,piece,EXCL,18,6810,0.90,0.47,0.35,11.16,11.16,,,unknown,,NOT_APPLICABLE,,0,,,10.61,lcv,seeded_fallback,2026-08-01T10:16:26.864Z,https://www.indiamart.com/proddetail/red-hollow-clay-brick-26332610688.html
p_eeb56bcf354d10a3,bricks_blocks,Unbranded block,,hyderabad,S V B Bricks,Hyderabad,IndiaMART,dealer,8.00,piece,8.00,piece,EXCL,18,6810,0.90,0.47,0.35,11.16,11.16,,,unknown,,NOT_APPLICABLE,,0,5,2,9.44,lcv,seeded_fallback,2026-08-01T10:17:36.783Z,https://www.indiamart.com/proddetail/lng-fire-resistant-clay-briks-2854181666791.html
p_9195d649718e188f,bricks_blocks,Unbranded Concrete solid block,,hyderabad,Sri Laxmi Venkateshwara Brick Industries,Hyderabad,IndiaMART,dealer,8.00,piece,8.00,piece,EXCL,18,6810,1.16,0.47,0.35,11.42,11.42,,,unknown,,NOT_APPLICABLE,,0,4,1,38.6,lcv,seeded_fallback,2026-08-01T10:12:53.579Z,https://www.indiamart.com/proddetail/12x4x2inch-grey-concrete-block-2854417112473.html
p_72c95fa3e9888605,bricks_blocks,Karimnagar SRB Red clay brick 230×110×75 mm,Karimnagar SRB,hyderabad,BigBMart,Hyderabad,BigBMart,platform,9.00,piece,9.00,piece,INCL,12,6904,1.60,0.54,0.35,11.49,11.49,,,unknown,,NOT_DECLARED,,0,,,37.78,6_tyre,seeded_fallback,2026-08-01T00:00:00.000Z,https://bigbmart.com/product/karimnagar-srb-red-bricks/
p_6423acac7f3607e7,bricks_blocks,Karimnagar ABN block,Karimnagar ABN,hyderabad,BigBMart,Hyderabad,BigBMart,platform,10.00,piece,10.00,piece,INCL,18,6810,1.13,0.47,0.35,11.94,11.94,,,unknown,,NOT_DECLARED,,0,,,37.78,lcv,seeded_fallback,2026-08-01T00:00:00.000Z,https://bigbmart.com/product/karimnagar-abn-bricks/
p_ae3326adb92fecdf,bricks_blocks,Unbranded Concrete solid block,,hyderabad,Sri Balaji Constructions,Hyderabad,IndiaMART,dealer,8.50,piece,8.50,piece,EXCL,18,6810,1.22,0.47,0.35,12.07,12.07,,,unknown,,NOT_APPLICABLE,,0,5,1,40.72,lcv,seeded_fallback,2026-08-01T10:12:53.579Z,https://www.indiamart.com/proddetail/200mm-solid-concrete-block-2857498196630.html
p_e76884cfa9ea8f7b,bricks_blocks,Unbranded Concrete solid block,,hyderabad,Sri Balaji Constructions,Hyderabad,IndiaMART,dealer,8.50,piece,8.50,piece,EXCL,18,6810,1.22,0.47,0.35,12.07,12.07,,,unknown,,NOT_APPLICABLE,,0,5,1,40.72,lcv,seeded_fallback,2026-08-01T10:12:57.213Z,https://www.indiamart.com/proddetail/400mm-solid-concrete-block-2857498191273.html
p_f9546150cbcfcd4d,bricks_blocks,Unbranded Fly ash brick,,hyderabad,ABC Building Materials,Hyderabad,IndiaMART,dealer,9.38,piece,9.38,piece,EXCL,12,6815,0.90,0.47,0.35,12.23,12.23,,,unknown,,NOT_APPLICABLE,,0,,,16.33,lcv,seeded_fallback,2026-08-01T10:19:36.058Z,https://www.indiamart.com/proddetail/ksp-eco-brick-8-8-inch-x-3-inch-x-4-inch-205mm-x-70mm-x-97mm-23858077612.html
p_897af29458bad81a,bricks_blocks,Unbranded block,,hyderabad,Ceramic Pro Lifestyle & Industrial Coatings,Hyderabad,IndiaMART,dealer,9.00,piece,9.00,piece,EXCL,18,6810,0.90,0.47,0.35,12.34,12.34,,,unknown,,NOT_APPLICABLE,,0,4.4,24,19.22,lcv,seeded_fallback,2026-08-01T10:13:42.999Z,https://www.indiamart.com/proddetail/cement-bricks-9896682948.html
p_168250f5cd6782d1,bricks_blocks,Unbranded block,,hyderabad,M.S.Traders,Hyderabad,IndiaMART,dealer,9.00,piece,9.00,piece,EXCL,18,6810,0.90,0.47,0.35,12.34,12.34,,,unknown,,NOT_APPLICABLE,,0,4,2,19.82,lcv,seeded_fallback,2026-08-01T10:19:36.058Z,https://www.indiamart.com/proddetail/grey-cement-bricks-2852470704262.html
p_eae6e3d35a9f2844,bricks_blocks,Unbranded block,,hyderabad,Civil Supply Material And Tiles,Hyderabad,IndiaMART,dealer,9.00,piece,9.00,piece,EXCL,18,6810,1.05,0.47,0.35,12.49,12.49,,,unknown,,NOT_APPLICABLE,,0,2.8,19,34.85,lcv,seeded_fallback,2026-08-01T10:12:50.163Z,https://www.indiamart.com/proddetail/abc-karimnagar-bricks-2849611783655.html
p_ff961df2175610ba,bricks_blocks,Karimnagar ABP Red clay brick 230×110×75 mm,Karimnagar ABP,hyderabad,BigBMart,Hyderabad,BigBMart,platform,10.00,piece,10.00,piece,INCL,12,6904,1.60,0.54,0.35,12.49,12.49,,,unknown,,NOT_DECLARED,,0,,,37.78,6_tyre,seeded_fallback,2026-08-01T00:00:00.000Z,https://bigbmart.com/product/karimnagar-abp-red-brick/
p_fc9634deb0e7f88d,bricks_blocks,Unbranded CLC block,,hyderabad,Shalom Enterprises,Hyderabad,IndiaMART,dealer,9.00,piece,9.00,piece,EXCL,18,6810,1.13,0.47,0.35,12.57,12.57,,,unknown,,NOT_APPLICABLE,,0,5,1,37.76,lcv,seeded_fallback,2026-08-01T10:16:54.770Z,https://www.indiamart.com/proddetail/cellular-lightweight-concrete-brick-21924871873.html
p_5f5676f8a0978980,bricks_blocks,Unbranded block,,hyderabad,Karimnagar Bricks,Hyderabad,IndiaMART,dealer,9.30,piece,9.30,piece,EXCL,18,6810,0.90,0.47,0.35,12.69,12.69,,,unknown,,NOT_APPLICABLE,,0,,,20.36,lcv,seeded_fallback,2026-08-01T10:19:36.058Z,https://www.indiamart.com/proddetail/karimnagarbricks1-2852401709897.html
p_ace7682b6162f4cc,bricks_blocks,Karimnagar VBI Red clay brick 230×110×75 mm,Karimnagar VBI,hyderabad,BigBMart,Hyderabad,BigBMart,platform,10.30,piece,10.30,piece,INCL,12,6904,1.60,0.54,0.35,12.79,12.79,,,unknown,,NOT_DECLARED,,0,,,37.78,6_tyre,seeded_fallback,2026-08-01T00:00:00.000Z,https://bigbmart.com/product/karimnagar-vbi-red-brick/
p_9cb402f7598624e8,bricks_blocks,Karimnagar SVT Red clay brick 230×110×75 mm,Karimnagar SVT,hyderabad,BigBMart,Hyderabad,BigBMart,platform,10.50,piece,10.50,piece,INCL,12,6904,1.60,0.54,0.35,13.00,13.00,,,unknown,,NOT_DECLARED,,0,,,37.78,6_tyre,seeded_fallback,2026-08-01T00:00:00.000Z,https://bigbmart.com/product/karimnagar-svt-red-bricks/
p_c2a88aa6beac1e7f,bricks_blocks,Karimnagar VBS Red clay brick 230×110×75 mm,Karimnagar VBS,hyderabad,BigBMart,Hyderabad,BigBMart,platform,10.50,piece,10.50,piece,INCL,12,6904,1.60,0.54,0.35,13.00,13.00,,,unknown,,NOT_DECLARED,,0,,,37.78,6_tyre,seeded_fallback,2026-08-01T00:00:00.000Z,https://bigbmart.com/product/karimnagar-vbs-red-brick/
p_dc872d5cc6792c12,bricks_blocks,Unbranded block,,hyderabad,SSN Construction Materials,Hyderabad,IndiaMART,dealer,9.50,piece,9.50,piece,EXCL,18,6810,1.20,0.47,0.35,13.23,13.23,,,unknown,,NOT_APPLICABLE,,0,3.8,40,40.07,lcv,seeded_fallback,2026-08-01T10:12:25.885Z,https://www.indiamart.com/proddetail/bricks-in-hyderabad-2855767771033.html
p_36503d8c9aa294ed,bricks_blocks,Unbranded block,,hyderabad,SSN Construction Materials,Hyderabad,IndiaMART,dealer,9.50,piece,9.50,piece,EXCL,18,6810,1.20,0.47,0.35,13.23,13.23,,,unknown,,NOT_APPLICABLE,,0,3.8,40,40.07,lcv,seeded_fallback,2026-08-01T10:18:39.914Z,https://www.indiamart.com/proddetail/rbs-karimnagar-clay-face-bricks-25221055855.html
p_3a8d2c2ddcf053de,bricks_blocks,Unbranded block,,hyderabad,SSN Construction Materials,Hyderabad,IndiaMART,dealer,9.50,piece,9.50,piece,EXCL,18,6810,1.20,0.47,0.35,13.23,13.23,,,unknown,,NOT_APPLICABLE,,0,3.8,40,40.07,lcv,seeded_fallback,2026-08-01T10:15:58.814Z,https://www.indiamart.com/proddetail/light-weight-bricks-2854526446248.html
p_d09774f5fd1eb892,bricks_blocks,Unbranded block,,hyderabad,SSN Construction Materials,Hyderabad,IndiaMART,dealer,9.60,piece,9.60,piece,EXCL,18,6810,1.20,0.47,0.35,13.35,13.35,,,unknown,,NOT_APPLICABLE,,0,3.8,40,40.07,lcv,seeded_fallback,2026-08-01T10:16:05.825Z,https://www.indiamart.com/proddetail/karimnagar-light-weight-bricks-25261094591.html
p_7bb53c6a9b88460c,bricks_blocks,Unbranded block,,hyderabad,SS Building Material Suppliers,Hyderabad,IndiaMART,dealer,10.00,piece,10.00,piece,EXCL,18,6810,0.90,0.47,0.35,13.52,13.52,,,unknown,,NOT_APPLICABLE,,0,,,24.27,lcv,seeded_fallback,2026-08-01T10:17:22.778Z,https://www.indiamart.com/proddetail/all-types-of-bricks-2851520079197.html
p_f988b9f17ea8e15d,bricks_blocks,Unbranded block,,hyderabad,Sri Vinayaka Bricks,Hyderabad,IndiaMART,dealer,10.00,piece,10.00,piece,EXCL,18,6810,0.90,0.47,0.35,13.52,13.52,,,unknown,,NOT_APPLICABLE,,0,,,16.63,lcv,seeded_fallback,2026-08-01T10:12:39.597Z,https://www.indiamart.com/proddetail/bricks-21447988430.html
p_1598c49d2e331d08,bricks_blocks,Unbranded Fly ash brick,,hyderabad,KK Reddys Enterprises,Hyderabad,IndiaMART,dealer,10.60,piece,10.60,piece,EXCL,12,6815,0.90,0.47,0.35,13.59,13.59,,,unknown,,NOT_APPLICABLE,,0,4.7,31,29.18,lcv,seeded_fallback,2026-08-01T10:13:08.572Z,https://www.indiamart.com/proddetail/vsb-fly-ash-red-bricks-23772054973.html
p_5534b2dd9ddf376f,bricks_blocks,Karimnagar MBC Red clay brick 230×110×75 mm,Karimnagar MBC,hyderabad,BigBMart,Hyderabad,BigBMart,platform,11.20,piece,11.20,piece,INCL,12,6904,1.60,0.54,0.35,13.69,13.69,,,unknown,,NOT_DECLARED,,0,,,37.78,6_tyre,seeded_fallback,2026-08-01T00:00:00.000Z,https://bigbmart.com/product/karimnagar-mbc-red-bricks/
p_1fc96565be857ed4,bricks_blocks,Karimnagar PVC Red clay brick 230×110×75 mm,Karimnagar PVC,hyderabad,BigBMart,Hyderabad,BigBMart,platform,11.30,piece,11.30,piece,INCL,12,6904,1.60,0.54,0.35,13.79,13.79,,,unknown,,NOT_DECLARED,,0,,,37.78,6_tyre,seeded_fallback,2026-08-01T00:00:00.000Z,https://bigbmart.com/product/karimnagar-pvc-red-brick/
p_1fc96565be857ed4,bricks_blocks,Karimnagar PVC Red clay brick 230×110×75 mm,Karimnagar PVC,hyderabad,MSN Infra Logistics,Hyderabad,IndiaMART,dealer,10.40,piece,10.40,piece,EXCL,12,6904,1.60,0.54,0.35,13.79,13.79,,,unknown,,NOT_DECLARED,,0,3.7,11,32.68,6_tyre,seeded_fallback,2026-08-01T10:12:39.597Z,https://www.indiamart.com/proddetail/karimnagar-pvc-red-brick-2855130330097.html
p_a2b5195cee7acddc,bricks_blocks,Unbranded block,,hyderabad,Karthik Brick Industry,Hyderabad,IndiaMART,dealer,10.00,piece,10.00,piece,EXCL,18,6810,1.22,0.47,0.35,13.84,13.84,,,unknown,,NOT_APPLICABLE,,0,4.1,47,40.53,lcv,seeded_fallback,2026-08-01T10:16:19.935Z,https://www.indiamart.com/proddetail/light-weight-bricks-2854375864330.html
p_60ff19e3b1e3a99f,bricks_blocks,Unbranded block,,hyderabad,Sri Venkateswara Building Material Suppliers,"Kukatpally, Hyderabad",IndiaMART,dealer,10.40,piece,10.40,piece,EXCL,18,6810,0.90,0.47,0.35,13.99,13.99,,,unknown,,NOT_APPLICABLE,,0,3.9,9,12.17,lcv,computed,2026-08-01T10:12:46.582Z,https://www.indiamart.com/proddetail/mnr-2855557621512.html
p_9bd498d605b7e8fb,bricks_blocks,Unbranded block,,hyderabad,Sri Venkateswara Building Material Suppliers,"Kukatpally, Hyderabad",IndiaMART,dealer,10.50,piece,10.50,piece,EXCL,18,6810,0.90,0.47,0.35,14.11,14.11,,,unknown,,NOT_APPLICABLE,,0,3.9,9,12.17,lcv,computed,2026-08-01T10:12:25.885Z,https://www.indiamart.com/proddetail/ckb-construction-bricks-2854759838388.html
p_c9611a82dcbe96dc,bricks_blocks,Unbranded block,,hyderabad,Sri Venkateswara Building Material Suppliers,"Kukatpally, Hyderabad",IndiaMART,dealer,10.50,piece,10.50,piece,EXCL,18,6810,0.90,0.47,0.35,14.11,14.11,,,unknown,,NOT_APPLICABLE,,0,3.9,9,12.17,lcv,computed,2026-08-01T10:12:39.597Z,https://www.indiamart.com/proddetail/mpr-2855557523373.html
p_523c87a3b341a712,bricks_blocks,Unbranded block,,hyderabad,Jai Hanuman Rice Traders,Hyderabad,IndiaMART,dealer,10.60,piece,10.60,piece,EXCL,18,6810,0.90,0.47,0.35,14.23,14.23,,,unknown,,NOT_APPLICABLE,,0,3.7,3,10.16,lcv,seeded_fallback,2026-08-01T10:12:50.163Z,https://www.indiamart.com/proddetail/svb-bricks-2858959944073.html
p_75261304f8070db7,bricks_blocks,Unbranded block,,hyderabad,Karthik Brick Industry,Hyderabad,IndiaMART,dealer,10.50,piece,10.50,piece,EXCL,18,6810,1.22,0.47,0.35,14.43,14.43,,,unknown,,NOT_APPLICABLE,,0,4.1,47,40.53,lcv,seeded_fallback,2026-08-01T10:15:58.814Z,https://www.indiamart.com/proddetail/karimnagar-light-weight-bricks-2855378981591.html
p_1a5496acd15e26eb,bricks_blocks,Unbranded block,,hyderabad,Sri Karthikeya Enterprises,Hyderabad,IndiaMART,dealer,11.00,piece,11.00,piece,EXCL,18,6810,0.90,0.47,0.35,14.70,14.70,,,unknown,,NOT_APPLICABLE,,0,4.7,3,28.27,lcv,seeded_fallback,2026-08-01T10:18:53.995Z,https://www.indiamart.com/proddetail/red-clay-karimnagar-bricks-2855228241730.html
p_42c91561717a9b14,bricks_blocks,Unbranded Concrete solid block,,hyderabad,Sai Balaji Enterprises,Hyderabad,IndiaMART,dealer,11.00,piece,11.00,piece,EXCL,18,6810,0.90,0.47,0.35,14.70,14.70,,,unknown,,NOT_APPLICABLE,,0,4,43,11.67,lcv,seeded_fallback,2026-08-01T10:16:54.770Z,https://www.indiamart.com/proddetail/solid-concrete-bricks-regular-size-2850339311233.html
p_15e98a1cf8ce43d6,bricks_blocks,Unbranded Fly ash brick,,hyderabad,Mahalaxmi Traders,Hyderabad,IndiaMART,dealer,11.80,piece,11.80,piece,EXCL,12,6815,0.90,0.47,0.35,14.94,14.94,,,unknown,,NOT_APPLICABLE,,0,3.7,144,13.19,lcv,seeded_fallback,2026-08-01T10:13:08.572Z,https://www.indiamart.com/proddetail/fly-ash-brick-by-acc-cement-21530683933.html
p_21e312ca1813b92e,bricks_blocks,Unbranded Fly ash brick,,hyderabad,Sri Latha Steels,Hyderabad,IndiaMART,dealer,12.00,piece,12.00,piece,EXCL,12,6815,0.90,0.47,0.35,15.16,15.16,,,unknown,,NOT_APPLICABLE,,0,4.2,43,15.77,lcv,seeded_fallback,2026-08-01T10:13:08.572Z,https://www.indiamart.com/proddetail/fly-ash-bricks-2852394289655.html
p_db08094cfbb4d054,bricks_blocks,Unbranded block,,hyderabad,Mallesh Rathod,Hyderabad,IndiaMART,dealer,11.50,piece,11.50,piece,EXCL,18,6810,0.90,0.47,0.35,15.29,15.29,,,unknown,,NOT_APPLICABLE,,0,,,9.93,lcv,seeded_fallback,2026-08-01T10:12:25.885Z,https://www.indiamart.com/proddetail/rbs-bricks-25920256897.html
p_e6a1a2c5860ec147,bricks_blocks,Unbranded Fly ash brick 254×127×76 mm,,hyderabad,Sri Balaji Constructions,Hyderabad,IndiaMART,dealer,12.00,piece,12.00,piece,EXCL,12,6815,1.22,0.47,0.35,15.48,15.48,,,unknown,,NOT_APPLICABLE,,0,5,1,40.72,lcv,seeded_fallback,2026-08-01T10:13:08.572Z,https://www.indiamart.com/proddetail/rectangular-fly-ash-brick-2857593375891.html
p_a784972cebac9d3d,bricks_blocks,Unbranded Concrete solid block,,hyderabad,Associated Refractories Corp,Deals in Hyderabad,IndiaMART,dealer,12.00,piece,12.00,piece,EXCL,18,6810,0.90,0.47,0.35,15.88,15.88,,,unknown,,NOT_APPLICABLE,,0,4.3,65,19.85,lcv,seeded_fallback,2026-08-01T10:19:07.797Z,https://www.indiamart.com/proddetail/fireproof-blocks-bricks-21006259873.html
p_2afd81175bea49a1,bricks_blocks,Unbranded Fly ash brick,,hyderabad,Maruthi Traders,"Secunderabad, Dist. Hyderabad",IndiaMART,dealer,13.00,piece,13.00,piece,EXCL,12,6815,0.90,0.47,0.35,16.28,16.28,,,unknown,,NOT_APPLICABLE,,0,4.4,35,18.46,lcv,seeded_fallback,2026-08-01T10:13:08.572Z,https://www.indiamart.com/proddetail/fly-ash-brick-13653410288.html
p_5146f66e9a812f10,bricks_blocks,Unbranded Concrete solid block,,hyderabad,Sai Balaji Enterprises,Hyderabad,IndiaMART,dealer,13.00,piece,13.00,piece,EXCL,18,6810,0.90,0.47,0.35,17.06,17.06,,,unknown,,NOT_APPLICABLE,,0,4,43,11.67,lcv,seeded_fallback,2026-08-01T10:17:01.647Z,https://www.indiamart.com/proddetail/concrete-solid-brick-15082615130.html
p_5c0e9d787d71ea1f,bricks_blocks,Unbranded block,,hyderabad,SBS Fly Ash Blocks,"Secunderabad, Dist. Hyderabad",IndiaMART,dealer,15.00,piece,15.00,piece,EXCL,18,6810,0.90,0.47,0.35,19.42,19.42,,,unknown,,NOT_APPLICABLE,,0,,,20.02,lcv,seeded_fallback,2026-08-01T10:15:23.719Z,https://www.indiamart.com/proddetail/rectangular-cement-bricks-21491011555.html
p_40a9ed9195bb08e6,bricks_blocks,Unbranded block,,hyderabad,Mintech Global Private Limited,Hyderabad,IndiaMART,dealer,15.00,piece,15.00,piece,EXCL,18,6810,0.90,0.47,0.35,19.42,19.42,,,unknown,,NOT_APPLICABLE,,0,,,28.46,lcv,seeded_fallback,2026-08-01T10:16:54.770Z,https://www.indiamart.com/proddetail/concrete-bricks-14713739762.html
p_30009354fb731d5e,bricks_blocks,Unbranded block 230×114×76 mm,,hyderabad,Om Refractory Solutions,Deals in Hyderabad,IndiaMART,dealer,15.00,piece,15.00,piece,EXCL,18,6810,1.16,0.47,0.35,19.68,19.68,,,unknown,,NOT_APPLICABLE,,0,4.6,53,38.75,lcv,seeded_fallback,2026-08-01T10:19:07.797Z,https://www.indiamart.com/proddetail/fire-bricks-2851897579848.html
p_65d26762fcc242f1,bricks_blocks,Unbranded block,,hyderabad,Narbada Enterprises,,ExportersIndia,dealer,16.00,piece,16.00,piece,EXCL,18,6810,0.60,0.47,0.35,20.30,20.30,10000,Piece,unknown,,NOT_APPLICABLE,,0,,,38.63,10_tyre,seeded_fallback,2026-08-06T13:05:00.842Z,https://www.exportersindia.com/product-detail/concrete-interlocking-tiles-1255137265.htm
p_33c6ffffdd800602,bricks_blocks,Unbranded block,,hyderabad,Umesh Flyash Bricks,Hyderabad,IndiaMART,dealer,16.00,piece,16.00,piece,EXCL,18,6810,0.90,0.47,0.35,20.60,20.60,,,unknown,,NOT_APPLICABLE,,0,3.9,7,17.62,lcv,seeded_fallback,2026-08-01T10:13:49.641Z,https://www.indiamart.com/proddetail/partition-wall-cement-bricks-2850830789355.html
p_19550c611edc598a,bricks_blocks,Unbranded Concrete solid block,,hyderabad,Radhika Enterprises,,ExportersIndia,dealer,16.00,piece,16.00,piece,EXCL,18,6810,1.07,0.47,0.35,20.77,20.77,1500,Piece,unknown,,NOT_APPLICABLE,,0,,,15.12,6_tyre,seeded_fallback,2026-08-06T13:07:14.066Z,https://www.exportersindia.com/product-detail/60-mm-grey-concrete-zig-zag-paver-block-2781693261.htm
p_931f928dd8a167b3,bricks_blocks,Unbranded block,,hyderabad,Ganeshas Lime And Minerals,Deals in Hyderabad,IndiaMART,dealer,17.00,piece,17.00,piece,EXCL,18,6810,1.08,0.47,0.35,21.96,21.96,,,unknown,,NOT_APPLICABLE,,0,4.4,79,36.03,lcv,seeded_fallback,2026-08-01T10:17:36.783Z,https://www.indiamart.com/proddetail/refractory-bricks-2855610187162.html
p_c5960eb35eb0bce2,bricks_blocks,Unbranded block,,hyderabad,MAAK Enterprises,Balapur,ExportersIndia,dealer,18.00,piece,18.00,piece,EXCL,18,6810,0.60,0.47,0.35,22.66,22.66,10000,Piece,unknown,,NOT_APPLICABLE,,0,,,8.24,10_tyre,seeded_fallback,2026-08-06T13:07:06.956Z,https://www.exportersindia.com/product-detail/cement-bricks-5213897786.htm
p_7031d1940a26eedb,bricks_blocks,Unbranded Concrete hollow block,,hyderabad,The Brick House,Deals in Hyderabad,IndiaMART,dealer,18.00,piece,18.00,piece,EXCL,18,6810,0.90,0.47,0.35,22.96,22.96,,,unknown,,NOT_APPLICABLE,,0,4.6,31,21.96,lcv,seeded_fallback,2026-08-01T10:16:26.864Z,https://www.indiamart.com/proddetail/9x4-inch-hollow-brick-2859166704633.html
p_70c322e5a6fffb20,bricks_blocks,Unbranded Concrete solid block,,hyderabad,Venus National,Hyderabad,IndiaMART,dealer,18.00,piece,18.00,piece,EXCL,18,6810,0.98,0.47,0.35,23.04,23.04,,,unknown,,NOT_APPLICABLE,,0,4.4,7,32.54,lcv,seeded_fallback,2026-08-01T10:12:53.579Z,https://www.indiamart.com/proddetail/concrete-blocks-2857962850491.html
p_e00dbb71c6c13d31,bricks_blocks,Unbranded Concrete solid block,,hyderabad,Venus National,Hyderabad,IndiaMART,dealer,18.00,piece,18.00,piece,EXCL,18,6810,0.98,0.47,0.35,23.04,23.04,,,unknown,,NOT_APPLICABLE,,0,4.4,7,32.54,lcv,seeded_fallback,2026-08-01T10:12:57.213Z,https://www.indiamart.com/proddetail/concrete-solid-blocks-2857996192248.html
p_f3c218bbaf46d788,bricks_blocks,Unbranded block,,hyderabad,Santhoshi Matha Traders,Hyderabad,IndiaMART,dealer,18.00,piece,18.00,piece,EXCL,18,6810,1.03,0.47,0.35,23.09,23.09,,,unknown,,NOT_APPLICABLE,,0,,,34.24,lcv,seeded_fallback,2026-08-01T10:19:36.058Z,https://www.indiamart.com/proddetail/bricks-2852082252191.html
p_ed7ef62dc1d9595e,bricks_blocks,Unbranded block,,hyderabad,Ganeshas Lime And Minerals,Deals in Hyderabad,IndiaMART,dealer,18.00,piece,18.00,piece,EXCL,18,6810,1.08,0.47,0.35,23.14,23.14,,,unknown,,NOT_APPLICABLE,,0,4.4,79,36.03,lcv,seeded_fallback,2026-08-01T10:19:07.797Z,https://www.indiamart.com/proddetail/fire-bricks-2855610068097.html
p_91583df856bd83c8,bricks_blocks,Unbranded Concrete solid block 400×200×200 mm,,hyderabad,Venus National,Hyderabad,IndiaMART,dealer,18.00,piece,18.00,piece,EXCL,18,6810,1.60,0.60,0.35,23.79,23.79,,,unknown,,NOT_APPLICABLE,,0,4.4,7,32.54,6_tyre,seeded_fallback,2026-08-01T10:13:42.999Z,https://www.indiamart.com/proddetail/cement-brick-2857990415297.html
p_91583df856bd83c8,bricks_blocks,Unbranded Concrete solid block 400×200×200 mm,,hyderabad,Sri Venkateshwara Building Materials,Hyderabad,IndiaMART,dealer,40.00,piece,40.00,piece,EXCL,18,6810,1.60,0.60,0.35,23.79,23.79,,,unknown,,NOT_APPLICABLE,,0,2,4,29.41,6_tyre,seeded_fallback,2026-08-01T10:12:53.579Z,https://www.indiamart.com/proddetail/solid-concrete-blocks-2859154159548.html
p_91583df856bd83c8,bricks_blocks,Unbranded Concrete solid block 400×200×200 mm,,hyderabad,Go Infra,Hyderabad,IndiaMART,dealer,41.00,piece,41.00,piece,EXCL,18,6810,1.60,0.60,0.35,23.79,23.79,,,unknown,,NOT_APPLICABLE,,0,4.6,12,6.71,6_tyre,seeded_fallback,2026-08-01T10:12:57.213Z,https://www.indiamart.com/proddetail/400x200x200mm-solid-concrete-block-2853299792030.html
p_91583df856bd83c8,bricks_blocks,Unbranded Concrete solid block 400×200×200 mm,,hyderabad,Sri Sai Brick Industry,Hyderabad,IndiaMART,dealer,32.00,piece,32.00,piece,EXCL,18,6810,1.60,0.60,0.35,23.79,23.79,,,unknown,,NOT_APPLICABLE,,0,5,2,33.2,6_tyre,seeded_fallback,2026-08-01T10:17:01.647Z,https://www.indiamart.com/proddetail/gray-rectangular-concrete-bricks-2858155021412.html
p_91583df856bd83c8,bricks_blocks,Unbranded Concrete solid block 400×200×200 mm,,hyderabad,Sri Sai Brick Industry,Hyderabad,IndiaMART,dealer,30.00,piece,30.00,piece,EXCL,18,6810,1.60,0.60,0.35,23.79,23.79,,,unknown,,NOT_APPLICABLE,,0,5,2,33.2,6_tyre,seeded_fallback,2026-08-01T10:17:15.793Z,https://www.indiamart.com/proddetail/cement-concrete-bricks-2858155021348.html
p_bba9fbafce4dae1a,bricks_blocks,Unbranded Concrete solid block,,hyderabad,Umesh Flyash Bricks,Hyderabad,IndiaMART,dealer,19.00,piece,19.00,piece,EXCL,18,6810,0.90,0.47,0.35,24.14,24.14,,,unknown,,NOT_APPLICABLE,,0,3.9,7,17.62,lcv,seeded_fallback,2026-08-01T10:12:53.579Z,https://www.indiamart.com/proddetail/inch-solid-cement-block-2850805887297.html
p_656ade9aae238897,bricks_blocks,Unbranded Concrete hollow block,,hyderabad,The Brick House,Deals in Hyderabad,IndiaMART,dealer,19.00,piece,19.00,piece,EXCL,18,6810,0.90,0.47,0.35,24.14,24.14,,,unknown,,NOT_APPLICABLE,,0,4.6,31,21.96,lcv,seeded_fallback,2026-08-01T10:16:33.723Z,https://www.indiamart.com/proddetail/hollow-wire-cut-brick-9x4-inch-2856898878155.html
p_090a38b0f05428d9,bricks_blocks,Unbranded Concrete solid block,,hyderabad,GMR Construction Materials,Hyderabad,ExportersIndia,dealer,19.00,piece,19.00,piece,EXCL,18,6810,1.33,0.47,0.35,24.57,24.57,900,Piece,unknown,,NOT_APPLICABLE,,0,,,39.95,lcv,seeded_fallback,2026-08-06T13:07:14.066Z,https://www.exportersindia.com/product-detail/side-walls-partition-walls-concrete-blocks-2683241836.htm
p_e05da8416340f13a,bricks_blocks,Unbranded Concrete solid block,,hyderabad,JBK Blocks,Hyderabad,IndiaMART,dealer,20.00,piece,20.00,piece,EXCL,18,6810,0.90,0.47,0.35,25.32,25.32,,,unknown,,NOT_APPLICABLE,,0,,,11.17,lcv,seeded_fallback,2026-08-01T10:16:54.770Z,https://www.indiamart.com/proddetail/concrete-solid-bricks-2857913181555.html
p_50390d78136ac835,bricks_blocks,Unbranded Concrete solid block,,hyderabad,Namishree Eco Building Products,"Secunderabad, Dist. Hyderabad",IndiaMART,dealer,20.00,piece,20.00,piece,EXCL,18,6810,1.19,0.47,0.35,25.61,25.61,,,unknown,,NOT_APPLICABLE,,0,3,4,39.54,lcv,seeded_fallback,2026-08-01T10:13:21.548Z,https://www.indiamart.com/proddetail/zig-zag-paver-blocks-2853164145097.html
p_ac8b144a1544205f,bricks_blocks,Unbranded Concrete solid block,,hyderabad,Sri Sai Datta Enterprises,Hyderabad,IndiaMART,dealer,21.00,piece,21.00,piece,EXCL,18,6810,0.90,0.47,0.35,26.50,26.50,,,unknown,,NOT_APPLICABLE,,0,4.1,8,29.35,lcv,seeded_fallback,2026-08-01T10:13:05.734Z,https://www.indiamart.com/proddetail/solid-concrete-block-bricks-2850565340033.html
p_93e4d40ead4ce384,bricks_blocks,Ecotherm Concrete hollow block 300×100×50 mm,Ecotherm,hyderabad,Prayag Clay Products Limited,Deals in Hyderabad,IndiaMART,dealer,22.00,piece,22.00,piece,EXCL,18,6810,0.90,0.47,0.35,27.68,27.68,,,unknown,,NOT_DECLARED,,0,4.7,35,8.92,lcv,seeded_fallback,2026-08-01T10:16:26.864Z,https://www.indiamart.com/proddetail/300x100x50-ecotherm-hollow-clay-brick-2855659950033.html
p_058b8eaf3a418b56,bricks_blocks,Unbranded Concrete solid block,,hyderabad,Dharani Bricks,Hyderabad,IndiaMART,dealer,22.00,piece,22.00,piece,EXCL,18,6810,1.26,0.47,0.35,28.04,28.04,,,unknown,,NOT_APPLICABLE,,0,,,41.86,lcv,seeded_fallback,2026-08-01T10:13:49.641Z,https://www.indiamart.com/proddetail/12x4x6-inch-cement-brick-2857686739912.html
p_e84e4804a2182e9d,bricks_blocks,Unbranded Red clay brick 300×100×50 mm,,hyderabad,Yashas Enterprises,Deals in Hyderabad,IndiaMART,dealer,25.00,piece,25.00,piece,EXCL,12,6904,0.90,0.43,0.35,29.68,29.68,,,unknown,,NOT_APPLICABLE,,0,4.2,56,7.02,lcv,seeded_fallback,2026-08-01T10:15:30.853Z,https://www.indiamart.com/proddetail/exposed-wire-cut-bricks-2856767874791.html
p_9a97a974034bea44,bricks_blocks,Unbranded block,,hyderabad,Rajasree Corporation,"Erragadda, Hyderabad",IndiaMART,dealer,24.00,piece,24.00,piece,EXCL,18,6810,1.02,0.47,0.35,30.16,30.16,,,unknown,,NOT_APPLICABLE,,0,4.8,27,34.15,lcv,seeded_fallback,2026-08-01T10:19:07.797Z,https://www.indiamart.com/proddetail/75mm-fire-bricks-20763451997.html
p_d5f881a62b6a62cf,bricks_blocks,Unbranded block,,hyderabad,Walls And Floors,Hyderabad,IndiaMART,dealer,25.00,piece,25.00,piece,EXCL,18,6810,0.90,0.47,0.35,31.22,31.22,,,unknown,,NOT_APPLICABLE,,0,5,3,6.11,lcv,seeded_fallback,2026-08-01T10:18:46.921Z,https://www.indiamart.com/proddetail/cream-rough-bricks-2854879913662.html
p_93b8d52c4af79a4d,bricks_blocks,Unbranded Concrete solid block,,hyderabad,Sri Maruti Enterprises,"Boduppal, Hyderabad",IndiaMART,dealer,25.00,piece,25.00,piece,EXCL,18,6810,0.90,0.47,0.35,31.22,31.22,,,unknown,,NOT_APPLICABLE,,0,5,1,16.12,lcv,computed,2026-08-01T10:16:54.770Z,https://www.indiamart.com/proddetail/cement-concrete-bricks-solid-bricks-2857773896255.html
p_df60f3716d52ca85,bricks_blocks,Unbranded Concrete solid block,,hyderabad,Umesh Flyash Bricks,Hyderabad,IndiaMART,dealer,25.00,piece,25.00,piece,EXCL,18,6810,0.90,0.47,0.35,31.22,31.22,,,unknown,,NOT_APPLICABLE,,0,3.9,7,17.62,lcv,seeded_fallback,2026-08-01T10:16:54.770Z,https://www.indiamart.com/proddetail/6-inch-solid-concrete-bricks-2850886100912.html
p_c74a71b25e4960c0,bricks_blocks,Unbranded Concrete solid block,,hyderabad,Sri Ramana Flyash Bricks,"Secunderabad, Dist. Hyderabad",IndiaMART,dealer,25.00,piece,25.00,piece,EXCL,18,6810,1.00,0.47,0.35,31.32,31.32,,,unknown,,NOT_APPLICABLE,,0,5,6,33.39,lcv,seeded_fallback,2026-08-01T10:12:57.213Z,https://www.indiamart.com/proddetail/solid-concrete-block-23198138591.html
p_a40eb602689925ad,bricks_blocks,Unbranded Fly ash brick,,hyderabad,Nallamasa Industries,Hyderabad,IndiaMART,dealer,27.00,piece,27.00,piece,EXCL,12,6815,1.18,0.47,0.35,32.24,32.24,,,unknown,,NOT_APPLICABLE,,0,,,39.31,lcv,seeded_fallback,2026-08-01T10:13:08.572Z,https://www.indiamart.com/proddetail/fly-ash-hallow-bricks-2859567504097.html
p_5fdaf8b4daf1c7a9,bricks_blocks,Unbranded Concrete solid block,,hyderabad,Garuda Flyash Brics,Hyderabad,IndiaMART,dealer,26.00,piece,26.00,piece,EXCL,18,6810,0.90,0.47,0.35,32.40,32.40,,,unknown,,NOT_APPLICABLE,,0,,,12.77,lcv,seeded_fallback,2026-08-01T10:12:53.579Z,https://www.indiamart.com/proddetail/10x8x6-inch-solid-concrete-blocks-2858215266397.html
p_d7b24f421bda348e,bricks_blocks,Unbranded Concrete solid block,,hyderabad,Sri Sai Brick Industry,Hyderabad,IndiaMART,dealer,26.00,piece,26.00,piece,EXCL,18,6810,1.00,0.47,0.35,32.50,32.50,,,unknown,,NOT_APPLICABLE,,0,5,2,33.2,lcv,seeded_fallback,2026-08-01T10:16:54.770Z,https://www.indiamart.com/proddetail/16x8x4-inch-solid-concrete-brick-2857113513648.html
p_fb64a5021b6a6a0c,bricks_blocks,Unbranded Fly ash brick,,hyderabad,Sri Sai Brick Industry,Hyderabad,IndiaMART,dealer,28.00,piece,28.00,piece,EXCL,12,6815,1.00,0.47,0.35,33.18,33.18,,,unknown,,NOT_APPLICABLE,,0,5,2,33.2,lcv,seeded_fallback,2026-08-01T10:13:18.150Z,https://www.indiamart.com/proddetail/12x8x6-inch-solid-fly-ash-brick-2857113559155.html
p_3583fc24f0dcd12d,bricks_blocks,Unbranded Concrete solid block,,hyderabad,Induri Traders,"Narsingi, Hyderabad",IndiaMART,dealer,27.00,piece,27.00,piece,EXCL,18,6810,0.99,0.47,0.35,33.67,33.67,,,unknown,,NOT_APPLICABLE,,0,4.7,3,32.87,lcv,seeded_fallback,2026-08-01T10:12:57.213Z,https://www.indiamart.com/proddetail/16x8x4-inch-concrete-blocks-22485635073.html
p_fd8efdcc970ba6c8,bricks_blocks,Unbranded block,,hyderabad,Siva Parvathi Cement Bricks,Hyderabad,IndiaMART,dealer,27.00,piece,27.00,piece,EXCL,18,6810,1.01,0.47,0.35,33.69,33.69,,,unknown,,NOT_APPLICABLE,,0,4.5,2,33.68,lcv,seeded_fallback,2026-08-01T10:13:42.999Z,https://www.indiamart.com/proddetail/grey-cement-bricks-27039237712.html
p_73d62df8f14017a0,bricks_blocks,Unbranded Concrete hollow block,,hyderabad,Tile Depot,"Pragathinagar, Hyderabad",IndiaMART,dealer,28.00,piece,28.00,piece,EXCL,18,6810,0.90,0.47,0.35,34.76,34.76,,,unknown,,NOT_APPLICABLE,,0,4.4,35,7.3,lcv,seeded_fallback,2026-08-01T10:16:26.864Z,https://www.indiamart.com/proddetail/hollow-clay-bricks-2859182783548.html
p_81ed9ba516ddc118,bricks_blocks,Unbranded CLC block,,hyderabad,Shree Infra,Hyderabad,IndiaMART,dealer,28.00,piece,28.00,piece,EXCL,18,6810,1.10,0.47,0.35,34.96,34.96,,,unknown,,NOT_APPLICABLE,,0,,,36.52,lcv,seeded_fallback,2026-08-01T10:17:57.776Z,https://www.indiamart.com/proddetail/cellular-lightweight-concrete-brick-2854246851833.html
p_f0c1bcf8e9595f7c,bricks_blocks,Unbranded block,,hyderabad,Shree Datta AAC Aerocon Blocks,Hyderabad,IndiaMART,dealer,29.00,piece,29.00,piece,EXCL,18,6810,0.90,0.47,0.35,35.94,35.94,,,unknown,,NOT_APPLICABLE,,0,4.5,4,7.9,lcv,seeded_fallback,2026-08-01T10:17:22.778Z,https://www.indiamart.com/proddetail/fire-bricks-21061535812.html
p_992f79a3f570d1f3,bricks_blocks,Unbranded Concrete solid block,,hyderabad,Shanmukha Aac Block Industries,Hyderabad,IndiaMART,dealer,29.00,piece,29.00,piece,EXCL,18,6810,0.90,0.47,0.35,35.94,35.94,,,unknown,,NOT_APPLICABLE,,0,4.1,30,16.4,lcv,seeded_fallback,2026-08-01T10:12:53.579Z,https://www.indiamart.com/proddetail/solid-concrete-block-2857371755873.html
p_e65ec41bd209fb74,bricks_blocks,Unbranded Concrete solid block 400×200×150 mm,,hyderabad,Go Infra,Hyderabad,IndiaMART,dealer,40.00,piece,40.00,piece,EXCL,18,6810,0.90,0.47,0.35,35.94,35.94,,,unknown,,NOT_APPLICABLE,,0,4.6,12,6.71,lcv,seeded_fallback,2026-08-01T10:12:53.579Z,https://www.indiamart.com/proddetail/400x200x150mm-solid-concrete-block-2853298006273.html
p_e65ec41bd209fb74,bricks_blocks,Unbranded Concrete solid block 400×200×150 mm,,hyderabad,G M R Construction Materials,Hyderabad,IndiaMART,dealer,29.00,piece,29.00,piece,EXCL,18,6810,0.90,0.47,0.35,35.94,35.94,,,unknown,,NOT_APPLICABLE,,0,4,101,14.34,lcv,seeded_fallback,2026-08-01T10:12:53.579Z,https://www.indiamart.com/proddetail/150mm-solid-concrete-blocks-21620112873.html
p_e65ec41bd209fb74,bricks_blocks,Unbranded Concrete solid block 400×200×150 mm,,hyderabad,Gurudev Marbles & Granites,Hyderabad,IndiaMART,dealer,33.00,piece,33.00,piece,EXCL,18,6810,0.90,0.47,0.35,35.94,35.94,,,unknown,,NOT_APPLICABLE,,0,4.5,13,8.51,lcv,seeded_fallback,2026-08-01T10:12:53.579Z,https://www.indiamart.com/proddetail/solid-concrete-block-2859551967548.html
p_e65ec41bd209fb74,bricks_blocks,Unbranded Concrete solid block 400×200×150 mm,,hyderabad,B.R.D.Precast,Hyderabad,IndiaMART,dealer,35.00,piece,35.00,piece,EXCL,18,6810,0.90,0.47,0.35,35.94,35.94,,,unknown,,NOT_APPLICABLE,,0,5,1,10.69,lcv,seeded_fallback,2026-08-01T10:13:05.734Z,https://www.indiamart.com/proddetail/150mm-solid-concrete-block-2857600271373.html
p_adbc78bf24b6afec,bricks_blocks,Unbranded Concrete solid block 300×200×100 mm,,hyderabad,G M R Construction Materials,Hyderabad,IndiaMART,dealer,29.00,piece,29.00,piece,EXCL,18,6810,0.90,0.47,0.35,35.94,35.94,,,unknown,,NOT_APPLICABLE,,0,4,101,14.34,lcv,seeded_fallback,2026-08-01T10:12:57.213Z,https://www.indiamart.com/proddetail/100mm-solid-concrete-blocks-21620250591.html
p_e7df6db87865e426,bricks_blocks,Unbranded block,,hyderabad,Sai Durga Builders & Developers,Hyderabad,IndiaMART,dealer,29.00,piece,29.00,piece,EXCL,18,6810,0.91,0.47,0.35,35.95,35.95,,,unknown,,NOT_APPLICABLE,,0,4.3,6,30.24,lcv,seeded_fallback,2026-08-01T10:12:29.036Z,https://www.indiamart.com/proddetail/solid-bricks-23878139073.html
p_8bdc62f44403c83d,bricks_blocks,Unbranded CLC block,,hyderabad,Mukta Enterprises,Hyderabad,IndiaMART,dealer,30.00,piece,30.00,piece,EXCL,18,6810,0.90,0.47,0.35,37.12,37.12,,,unknown,,NOT_APPLICABLE,,0,4.4,118,24.57,lcv,seeded_fallback,2026-08-01T10:17:50.835Z,https://www.indiamart.com/proddetail/rectangular-cellular-lightweight-concrete-brick-2851281095062.html
p_ae0a47690fd23096,bricks_blocks,Unbranded block,,hyderabad,NSB Traders,"Kukatpally, Hyderabad",IndiaMART,dealer,30.00,piece,30.00,piece,EXCL,18,6810,0.90,0.47,0.35,37.12,37.12,,,unknown,,NOT_APPLICABLE,,0,4.6,5,12.17,lcv,computed,2026-08-01T10:13:42.999Z,https://www.indiamart.com/proddetail/cement-bricks-9-inch-2855383725733.html
p_42293c3162f3b27b,bricks_blocks,Unbranded block,,hyderabad,Sri Sai Datta Enterprises,Hyderabad,IndiaMART,dealer,30.00,piece,30.00,piece,EXCL,18,6810,0.90,0.47,0.35,37.12,37.12,,,unknown,,NOT_APPLICABLE,,0,4.1,8,29.35,lcv,seeded_fallback,2026-08-01T10:13:42.999Z,https://www.indiamart.com/proddetail/cement-bricks-6x8x16-size-2853143201597.html
p_58059648260ad475,bricks_blocks,Unbranded block,,hyderabad,T27 Architects,"Boduppal, Hyderabad",IndiaMART,dealer,30.00,piece,30.00,piece,EXCL,18,6810,0.90,0.47,0.35,37.12,37.12,,,unknown,,NOT_APPLICABLE,,0,,,16.12,lcv,computed,2026-08-01T10:13:42.999Z,https://www.indiamart.com/proddetail/cement-bricks-2857374939330.html
p_f4bb9a7be9fc1850,bricks_blocks,Unbranded block,,hyderabad,T27 Architects,"Boduppal, Hyderabad",IndiaMART,dealer,30.00,piece,30.00,piece,EXCL,18,6810,0.90,0.47,0.35,37.12,37.12,,,unknown,,NOT_APPLICABLE,,0,,,16.12,lcv,computed,2026-08-01T10:13:46.341Z,https://www.indiamart.com/proddetail/cement-bricks-2857374939462.html
p_3a2d98745e4e2dfe,bricks_blocks,Unbranded Concrete solid block 400×200×100 mm,,hyderabad,B.R.D.Precast,Hyderabad,IndiaMART,dealer,30.00,piece,30.00,piece,EXCL,18,6810,0.90,0.47,0.35,37.12,37.12,,,unknown,,NOT_APPLICABLE,,0,5,1,10.69,lcv,seeded_fallback,2026-08-01T10:12:53.579Z,https://www.indiamart.com/proddetail/100mm-solid-concrete-block-2859042453212.html
p_5a8cb3fd72e6d7e3,bricks_blocks,Unbranded block,,hyderabad,Mukta Enterprises,Hyderabad,IndiaMART,dealer,30.00,piece,30.00,piece,EXCL,18,6810,0.90,0.47,0.35,37.12,37.12,,,unknown,,NOT_APPLICABLE,,0,4.4,118,24.57,lcv,seeded_fallback,2026-08-01T10:17:08.713Z,https://www.indiamart.com/proddetail/cement-concrete-bricks-2851280977455.html
p_7f0c4cf0a6e4cfe5,bricks_blocks,Unbranded block,,hyderabad,Pampered Moments LLP,Hyderabad,IndiaMART,dealer,30.00,piece,30.00,piece,EXCL,18,6810,1.21,0.47,0.35,37.43,37.43,,,unknown,,NOT_APPLICABLE,,0,,,40.25,lcv,seeded_fallback,2026-08-01T10:12:25.885Z,https://www.indiamart.com/proddetail/bricks-2855313645430.html
p_a1546650c6cad31d,bricks_blocks,Unbranded Concrete solid block,,hyderabad,Induri Traders,"Narsingi, Hyderabad",IndiaMART,dealer,31.00,piece,31.00,piece,EXCL,18,6810,0.99,0.47,0.35,38.39,38.39,,,unknown,,NOT_APPLICABLE,,0,4.7,3,32.87,lcv,seeded_fallback,2026-08-01T10:13:05.734Z,https://www.indiamart.com/proddetail/12x8x6-inch-concrete-blocks-22485674488.html
p_57f8704626dad62a,bricks_blocks,Unbranded Fly ash brick,,hyderabad,G M R Construction Materials,Hyderabad,IndiaMART,dealer,33.00,piece,33.00,piece,EXCL,12,6815,0.90,0.47,0.35,38.68,38.68,,,unknown,,NOT_APPLICABLE,,0,4,101,14.34,lcv,seeded_fallback,2026-08-01T10:13:08.572Z,https://www.indiamart.com/proddetail/75mm-fly-ash-bricks-21075436955.html
p_7d7a94104717538b,bricks_blocks,Unbranded Fly ash brick,,hyderabad,GMR Construction Materials,Hyderabad,ExportersIndia,dealer,33.00,piece,33.00,piece,EXCL,12,6815,0.94,0.47,0.35,38.72,38.72,3200,Piece,unknown,,NOT_APPLICABLE,,0,,,39.95,10_tyre,seeded_fallback,2026-08-06T13:07:06.956Z,https://www.exportersindia.com/product-detail/rectangle-fly-ash-bricks-6812272585.htm
p_d890d7c506fbf3b1,bricks_blocks,Unbranded Red clay brick 400×200×100 mm,,hyderabad,B.R.D.Precast,Hyderabad,IndiaMART,dealer,30.00,piece,30.00,piece,EXCL,12,6904,3.00,2.28,0.35,39.23,39.23,,,unknown,,NOT_APPLICABLE,,0,5,1,10.69,10_tyre,seeded_fallback,2026-08-01T10:13:42.999Z,https://www.indiamart.com/proddetail/solid-cement-brick-2857600336973.html
p_84a689b0936a9d70,bricks_blocks,Unbranded CLC block,,hyderabad,Mukta Enterprises,Hyderabad,IndiaMART,dealer,32.00,piece,32.00,piece,EXCL,18,6810,0.90,0.47,0.35,39.48,39.48,,,unknown,,NOT_APPLICABLE,,0,4.4,118,24.57,lcv,seeded_fallback,2026-08-01T10:18:04.791Z,https://www.indiamart.com/proddetail/rectangular-gray-cellular-lightweight-concrete-brick-2851281100348.html
p_420fe05955febc6e,bricks_blocks,Unbranded Concrete solid block,,hyderabad,Mukta Enterprises,Hyderabad,IndiaMART,dealer,32.00,piece,32.00,piece,EXCL,18,6810,0.90,0.47,0.35,39.48,39.48,,,unknown,,NOT_APPLICABLE,,0,4.4,118,24.57,lcv,seeded_fallback,2026-08-01T10:12:53.579Z,https://www.indiamart.com/proddetail/wall-concrete-block-9748880748.html
p_c9c591f84ea42f3b,bricks_blocks,Unbranded Concrete solid block,,hyderabad,Mukta Enterprises,Hyderabad,IndiaMART,dealer,32.00,piece,32.00,piece,EXCL,18,6810,0.90,0.47,0.35,39.48,39.48,,,unknown,,NOT_APPLICABLE,,0,4.4,118,24.57,lcv,seeded_fallback,2026-08-01T10:12:57.213Z,https://www.indiamart.com/proddetail/cement-concrete-block-9748778688.html
p_1dcc2c4bd283ac95,bricks_blocks,Unbranded Concrete solid block,,hyderabad,Sreenidhi Enterprises,Hyderabad,IndiaMART,dealer,32.00,piece,32.00,piece,EXCL,18,6810,0.90,0.47,0.35,39.48,39.48,,,unknown,,NOT_APPLICABLE,,0,,,8.86,lcv,seeded_fallback,2026-08-01T10:16:54.770Z,https://www.indiamart.com/proddetail/300-mm-grey-concrete-brick-2852114420262.html
p_1f4eded2653157f0,bricks_blocks,Unbranded CLC block,,hyderabad,Mukta Enterprises,Hyderabad,IndiaMART,dealer,32.00,piece,32.00,piece,EXCL,18,6810,0.90,0.47,0.35,39.48,39.48,,,unknown,,NOT_APPLICABLE,,0,4.4,118,24.57,lcv,seeded_fallback,2026-08-01T10:15:58.814Z,https://www.indiamart.com/proddetail/cellular-lightweight-concrete-brick-9748915962.html
p_d86c2684b283c19c,bricks_blocks,Unbranded Concrete solid block 300×150×230 mm,,hyderabad,Induri Traders,"Narsingi, Hyderabad",IndiaMART,dealer,32.00,piece,32.00,piece,EXCL,18,6810,0.99,0.47,0.35,39.57,39.57,,,unknown,,NOT_APPLICABLE,,0,4.7,3,32.87,lcv,seeded_fallback,2026-08-01T10:13:42.999Z,https://www.indiamart.com/proddetail/12x6x9-inch-cement-concrete-blocks-22485686073.html
p_c81a5b2bebab8ec2,bricks_blocks,Unbranded Concrete solid block,,hyderabad,Namishree Eco Building Products,"Secunderabad, Dist. Hyderabad",IndiaMART,dealer,32.00,piece,32.00,piece,EXCL,18,6810,1.19,0.47,0.35,39.77,39.77,,,unknown,,NOT_APPLICABLE,,0,3,4,39.54,lcv,seeded_fallback,2026-08-01T10:13:42.999Z,https://www.indiamart.com/proddetail/solid-cement-blocks-2853164437062.html
p_2f6b198ad90b66c1,bricks_blocks,Unbranded Fly ash brick,,hyderabad,Arugonda Infratech Private Limited,"Secunderabad, Dist. Hyderabad",IndiaMART,dealer,34.00,piece,34.00,piece,EXCL,12,6815,0.90,0.47,0.35,39.80,39.80,,,unknown,,NOT_APPLICABLE,,0,3.9,45,10.36,lcv,seeded_fallback,2026-08-01T10:13:14.602Z,https://www.indiamart.com/proddetail/24-x8-x4-fly-ash-brick-22807787412.html
p_2a86055d53dce269,bricks_blocks,Unbranded Red clay brick 25×20×50 mm,,hyderabad,Rajeshwari Precast Products,Medipally,ExportersIndia,dealer,35.00,piece,35.00,piece,EXCL,12,6904,0.38,0.04,0.35,39.97,39.97,,,unknown,,NOT_APPLICABLE,,0,,,10.08,parcel,seeded_fallback,2026-08-06T13:07:14.066Z,https://www.exportersindia.com/product-detail/concrete-cover-block-6183014.htm
p_96ae8a41f484716c,bricks_blocks,Unbranded AAC block 600×200×100 mm,,hyderabad,Arugonda Infratech Private Limited,Hyderabad,ExportersIndia,dealer,32.00,piece,32.00,piece,EXCL,18,6810,1.60,1.08,0.35,40.79,40.79,,,unknown,,NOT_APPLICABLE,,0,,,38.52,6_tyre,seeded_fallback,2026-08-06T13:07:06.956Z,https://www.exportersindia.com/product-detail/cement-cellular-lightweight-concrete-brick-5842535.htm
p_96ae8a41f484716c,bricks_blocks,Unbranded AAC block 600×200×100 mm,,hyderabad,Vananchal Prefab Concretes,,ExportersIndia,dealer,265.00,piece,265.00,piece,EXCL,18,6810,8.04,1.08,0.35,40.79,40.79,100,Piece,unknown,,NOT_APPLICABLE,,0,,,33.48,tempo,seeded_fallback,2026-08-01T15:22:20.205Z,https://www.exportersindia.com/product-detail/autoclaved-aerated-concrete-blocks-6416475.htm
p_96ae8a41f484716c,bricks_blocks,Unbranded AAC block 600×200×100 mm,,hyderabad,SMR International,Hyderabad,IndiaMART,dealer,65.00,piece,65.00,piece,EXCL,18,6810,1.60,1.08,0.35,40.79,40.79,,,unknown,,NOT_APPLICABLE,,0,4.7,39,14.14,6_tyre,seeded_fallback,2026-08-01T10:12:25.885Z,https://www.indiamart.com/proddetail/lightweight-aac-block-2854600397033.html
p_96ae8a41f484716c,bricks_blocks,Unbranded AAC block 600×200×100 mm,,hyderabad,Sasi Enterprises,"Moosapet, Hyderabad",IndiaMART,dealer,43.00,piece,43.00,piece,EXCL,18,6810,1.60,1.08,0.35,40.79,40.79,,,unknown,,NOT_APPLICABLE,,0,3.8,12,29.87,6_tyre,seeded_fallback,2026-08-01T10:17:50.835Z,https://www.indiamart.com/proddetail/aac-concrete-block-100mm-20852129091.html
p_96ae8a41f484716c,bricks_blocks,Unbranded AAC block 600×200×100 mm,,hyderabad,Sasi Enterprises,"Moosapet, Hyderabad",IndiaMART,dealer,65.00,piece,65.00,piece,EXCL,18,6810,1.60,1.08,0.35,40.79,40.79,,,unknown,,NOT_APPLICABLE,,0,3.8,12,29.87,6_tyre,seeded_fallback,2026-08-01T10:18:11.775Z,https://www.indiamart.com/proddetail/aac-fly-ash-block-150mm-20852130973.html
p_96ae8a41f484716c,bricks_blocks,Unbranded AAC block 600×200×100 mm,,hyderabad,Arun Trading Co,"Manovikasnagar, Hyderabad",IndiaMART,dealer,78.00,piece,78.00,piece,EXCL,18,6810,1.60,1.08,0.35,40.79,40.79,,,unknown,,NOT_APPLICABLE,,0,4.4,17,17.92,6_tyre,computed,2026-08-01T10:12:53.579Z,https://www.indiamart.com/proddetail/8inch-autoclaved-aerated-concrete-block-23710658397.html
p_96ae8a41f484716c,bricks_blocks,Unbranded AAC block 600×200×100 mm,,hyderabad,Icon Blocks,Hyderabad,IndiaMART,dealer,40.00,piece,40.00,piece,EXCL,18,6810,1.60,1.08,0.35,40.79,40.79,,,unknown,,NOT_APPLICABLE,,0,5,1,24.82,6_tyre,seeded_fallback,2026-08-01T10:12:53.579Z,https://www.indiamart.com/proddetail/100mm-cuboidal-aac-block-27405615655.html
p_96ae8a41f484716c,bricks_blocks,Unbranded AAC block 600×200×100 mm,,hyderabad,Manju Marketing,"Jubilee Hills, Hyderabad",IndiaMART,dealer,39.00,piece,39.00,piece,EXCL,18,6810,1.60,1.08,0.35,40.79,40.79,,,unknown,,NOT_APPLICABLE,,0,4.5,34,30.83,6_tyre,computed,2026-08-01T10:12:57.213Z,https://www.indiamart.com/proddetail/4-inch-aac-block-600x200x100-22573831855.html
p_96ae8a41f484716c,bricks_blocks,Unbranded AAC block 600×200×100 mm,,hyderabad,Icon Blocks,Hyderabad,IndiaMART,dealer,75.00,piece,75.00,piece,EXCL,18,6810,1.60,1.08,0.35,40.79,40.79,,,unknown,,NOT_APPLICABLE,,0,5,1,24.82,6_tyre,seeded_fallback,2026-08-01T10:12:57.213Z,https://www.indiamart.com/proddetail/grey-cuboidal-aac-block-27293571697.html
p_96ae8a41f484716c,bricks_blocks,Unbranded AAC block 600×200×100 mm,,hyderabad,Venkatasai Aerated Bricks Pvt. Ltd.,Hyderabad,IndiaMART,dealer,40.00,piece,40.00,piece,EXCL,18,6810,1.60,1.08,0.35,40.79,40.79,,,unknown,,NOT_APPLICABLE,,0,4.3,8,22.38,6_tyre,seeded_fallback,2026-08-01T10:16:54.770Z,https://www.indiamart.com/proddetail/autoclaved-aerated-concrete-block-21812261791.html
p_96ae8a41f484716c,bricks_blocks,Unbranded AAC block 600×200×100 mm,,hyderabad,Dharani Projects,"Kukatpally, Hyderabad",IndiaMART,dealer,42.00,piece,42.00,piece,EXCL,18,6810,1.60,1.08,0.35,40.79,40.79,,,unknown,,NOT_APPLICABLE,,0,4.4,16,12.17,6_tyre,computed,2026-08-01T10:19:36.058Z,https://www.indiamart.com/proddetail/aac-eco-bricks-2858170267455.html
p_96ae8a41f484716c,bricks_blocks,Unbranded AAC block 600×200×100 mm,,hyderabad,Lakshmi Balaji Enterprises,"Somajiguda, Hyderabad",IndiaMART,dealer,44.00,piece,44.00,piece,EXCL,18,6810,1.60,1.08,0.35,40.79,40.79,,,unknown,,NOT_APPLICABLE,,0,4.8,17,41.44,6_tyre,seeded_fallback,2026-08-01T10:13:08.572Z,https://www.indiamart.com/proddetail/prime-aac-blocks-24956979773.html
p_96ae8a41f484716c,bricks_blocks,Unbranded AAC block 600×200×100 mm,,hyderabad,NSB Traders,"Kukatpally, Hyderabad",IndiaMART,dealer,60.00,piece,60.00,piece,EXCL,18,6810,1.60,1.08,0.35,40.79,40.79,,,unknown,,NOT_APPLICABLE,,0,4.6,5,12.17,6_tyre,computed,2026-08-01T10:13:08.572Z,https://www.indiamart.com/proddetail/aac-blicks-6-inch-aac-block-brick-fly-ash-2855351903062.html
p_96ae8a41f484716c,bricks_blocks,Unbranded AAC block 600×200×100 mm,,hyderabad,Dharani Projects,"Kukatpally, Hyderabad",IndiaMART,dealer,80.00,piece,80.00,piece,EXCL,18,6810,1.60,1.08,0.35,40.79,40.79,,,unknown,,NOT_APPLICABLE,,0,4.4,16,12.17,6_tyre,computed,2026-08-01T10:13:11.119Z,https://www.indiamart.com/proddetail/aac-fly-ash-light-weight-bricks-2858168251133.html
p_96ae8a41f484716c,bricks_blocks,Unbranded AAC block 600×200×100 mm,,hyderabad,NSB Traders,"Kukatpally, Hyderabad",IndiaMART,dealer,40.00,piece,40.00,piece,EXCL,18,6810,1.60,1.08,0.35,40.79,40.79,,,unknown,,NOT_APPLICABLE,,0,4.6,5,12.17,6_tyre,computed,2026-08-01T10:13:14.602Z,https://www.indiamart.com/proddetail/aac-flyash-blocks-4-inch-2855351897030.html
p_96ae8a41f484716c,bricks_blocks,Unbranded AAC block 600×200×100 mm,,hyderabad,Rancare Industries Ltd.,Deals in Hyderabad,IndiaMART,dealer,38.00,piece,38.00,piece,EXCL,18,6810,1.60,1.08,0.35,40.79,40.79,,,unknown,,NOT_APPLICABLE,,0,4.2,37,25.99,6_tyre,seeded_fallback,2026-08-01T10:15:58.814Z,https://www.indiamart.com/proddetail/plain-aac-block-9779935612.html
p_96ae8a41f484716c,bricks_blocks,Unbranded AAC block 600×200×100 mm,,hyderabad,Venkatasai Aerated Bricks Pvt. Ltd.,Hyderabad,IndiaMART,dealer,36.00,piece,36.00,piece,EXCL,18,6810,1.60,1.08,0.35,40.79,40.79,,,unknown,,NOT_APPLICABLE,,0,4.3,8,22.38,6_tyre,seeded_fallback,2026-08-01T10:15:58.814Z,https://www.indiamart.com/proddetail/light-weight-aac-block-21812413755.html
p_96ae8a41f484716c,bricks_blocks,Unbranded AAC block 600×200×100 mm,,hyderabad,Nagaraj Traders,Hyderabad,IndiaMART,dealer,46.00,piece,46.00,piece,EXCL,18,6810,1.60,1.08,0.35,40.79,40.79,,,unknown,,NOT_APPLICABLE,,0,4.3,26,15.98,6_tyre,seeded_fallback,2026-08-01T10:15:58.814Z,https://www.indiamart.com/proddetail/4-inch-lightweight-aac-block-19398431033.html
p_96ae8a41f484716c,bricks_blocks,Unbranded AAC block 600×200×100 mm,,hyderabad,Vinayaka Builders & Developers,Hyderabad,IndiaMART,dealer,42.00,piece,42.00,piece,EXCL,18,6810,1.60,1.08,0.35,40.79,40.79,,,unknown,,NOT_APPLICABLE,,0,5,1,18,6_tyre,seeded_fallback,2026-08-01T10:15:58.814Z,https://www.indiamart.com/proddetail/superblock-4inch-aac-block-27578402055.html
p_96ae8a41f484716c,bricks_blocks,Unbranded AAC block 600×200×100 mm,,hyderabad,Limra Traders,"Secunderabad, Dist. Hyderabad",IndiaMART,dealer,36.00,piece,36.00,piece,EXCL,18,6810,1.60,1.08,0.35,40.79,40.79,,,unknown,,NOT_APPLICABLE,,0,3,2,32.42,6_tyre,seeded_fallback,2026-08-01T10:15:58.814Z,https://www.indiamart.com/proddetail/rectangular-lightweight-aac-brick-21954160897.html
p_96ae8a41f484716c,bricks_blocks,Unbranded AAC block 600×200×100 mm,,hyderabad,Shree Vazra Enterprises,Hyderabad,IndiaMART,dealer,40.00,piece,40.00,piece,EXCL,18,6810,1.60,1.08,0.35,40.79,40.79,,,unknown,,NOT_APPLICABLE,,0,4.2,5,18.85,6_tyre,seeded_fallback,2026-08-01T10:15:58.814Z,https://www.indiamart.com/proddetail/autoclaved-aerated-concrete-block-2853104966773.html
p_96ae8a41f484716c,bricks_blocks,Unbranded AAC block 600×200×100 mm,,hyderabad,V S Eco Blocks Pvt. Ltd.,"Begumpet, Hyderabad",IndiaMART,dealer,3500.00,cum,42.00,piece,EXCL,18,6810,1.60,1.08,0.35,40.79,40.79,,,unknown,,NOT_APPLICABLE,,0,5,3,24.44,6_tyre,computed,2026-08-01T10:16:12.608Z,https://www.indiamart.com/proddetail/light-weight-aac-brick-12998005797.html
p_de8feb8ced4a15c1,bricks_blocks,Aerobild AAC block 600×200×100 mm,Aerobild,hyderabad,BigBMart,Hyderabad,BigBMart,platform,38.00,piece,38.00,piece,INCL,18,6810,1.60,1.08,0.35,41.03,41.03,,,unknown,,NOT_DECLARED,,0,,,37.78,6_tyre,seeded_fallback,2026-08-01T00:00:00.000Z,https://bigbmart.com/product/aerobild-aac-blocks/
p_cc35c00509f0adc0,bricks_blocks,Unbranded CLC block,,hyderabad,Mukta Enterprises,Hyderabad,IndiaMART,dealer,34.00,piece,34.00,piece,EXCL,18,6810,0.90,0.47,0.35,41.84,41.84,,,unknown,,NOT_APPLICABLE,,0,4.4,118,24.57,lcv,seeded_fallback,2026-08-01T10:17:57.776Z,https://www.indiamart.com/proddetail/cellular-lightweight-concrete-brick-2851281068773.html
p_f72eb4dda83b8ab1,bricks_blocks,Unbranded block,,hyderabad,Mukta Enterprises,Hyderabad,IndiaMART,dealer,34.00,piece,34.00,piece,EXCL,18,6810,0.90,0.47,0.35,41.84,41.84,,,unknown,,NOT_APPLICABLE,,0,4.4,118,24.57,lcv,seeded_fallback,2026-08-01T10:13:42.999Z,https://www.indiamart.com/proddetail/rectangular-grey-cement-bricks-2851279405073.html
p_fa2ba4d24d44a752,bricks_blocks,Unbranded block,,hyderabad,M K Enterprises,Hyderabad,IndiaMART,dealer,34.00,piece,34.00,piece,EXCL,18,6810,0.90,0.47,0.35,41.84,41.84,,,unknown,,NOT_APPLICABLE,,0,4.5,2,20.87,lcv,seeded_fallback,2026-08-01T10:13:42.999Z,https://www.indiamart.com/proddetail/6x9x12-cement-bricks-2853433357373.html
p_85eb855f665f5e54,bricks_blocks,Unbranded Concrete solid block,,hyderabad,Garuda Flyash Brics,Hyderabad,IndiaMART,dealer,34.00,piece,34.00,piece,EXCL,18,6810,0.90,0.47,0.35,41.84,41.84,,,unknown,,NOT_APPLICABLE,,0,,,12.77,lcv,seeded_fallback,2026-08-01T10:13:00.531Z,https://www.indiamart.com/proddetail/12x9x6-inch-solid-concrete-blocks-2858654094930.html
p_6b3ff5844c26dd30,bricks_blocks,Unbranded Fly ash brick,,hyderabad,Rancare Industries Ltd.,Deals in Hyderabad,IndiaMART,dealer,36.00,piece,36.00,piece,EXCL,12,6815,0.90,0.47,0.35,42.04,42.04,,,unknown,,NOT_APPLICABLE,,0,4.2,37,25.99,lcv,seeded_fallback,2026-08-01T10:13:14.602Z,https://www.indiamart.com/proddetail/fly-ash-bricks-9779935348.html
p_fd518add04967876,bricks_blocks,Unbranded block,,hyderabad,Varsilia Estates,Hyderabad,IndiaMART,dealer,35.00,piece,35.00,piece,EXCL,18,6810,0.90,0.47,0.35,43.02,43.02,,,unknown,,NOT_APPLICABLE,,0,5,1,12.26,lcv,seeded_fallback,2026-08-01T10:12:25.885Z,https://www.indiamart.com/proddetail/cseb-bricks-2858431826373.html
p_87fb8c484e0bdeb1,bricks_blocks,Unbranded CLC block,,hyderabad,Bangaru Telangana Bricks Industries,Hyderabad,IndiaMART,dealer,35.00,piece,35.00,piece,EXCL,18,6810,0.90,0.47,0.35,43.02,43.02,,,unknown,,NOT_APPLICABLE,,0,4,7,16.07,lcv,seeded_fallback,2026-08-01T10:17:50.835Z,https://www.indiamart.com/proddetail/cellular-lightweight-cement-brick-19108066130.html
p_9ce3c31cd7bf0324,bricks_blocks,Unbranded block,,hyderabad,BRR Bricks,Hyderabad,IndiaMART,dealer,35.00,piece,35.00,piece,EXCL,18,6810,0.90,0.47,0.35,43.02,43.02,,,unknown,,NOT_APPLICABLE,,0,,,18.81,lcv,seeded_fallback,2026-08-01T10:13:42.999Z,https://www.indiamart.com/proddetail/cement-bricks-2852305822973.html
p_1dc7f2dd2584d56b,bricks_blocks,Unbranded block,,hyderabad,Mukta Enterprises,Hyderabad,IndiaMART,dealer,35.00,piece,35.00,piece,EXCL,18,6810,0.90,0.47,0.35,43.02,43.02,,,unknown,,NOT_APPLICABLE,,0,4.4,118,24.57,lcv,seeded_fallback,2026-08-01T10:13:46.341Z,https://www.indiamart.com/proddetail/cement-bricks-walls-bricks-2851279411855.html
p_60837d8d424b47a4,bricks_blocks,Unbranded block,,hyderabad,BRR Bricks,Hyderabad,IndiaMART,dealer,35.00,piece,35.00,piece,EXCL,18,6810,0.90,0.47,0.35,43.02,43.02,,,unknown,,NOT_APPLICABLE,,0,,,18.81,lcv,seeded_fallback,2026-08-01T10:13:46.341Z,https://www.indiamart.com/proddetail/cement-bricks-2852305800055.html
p_de1d1e57051bba74,bricks_blocks,Unbranded block,,hyderabad,Ayyappa Interlocking Bricks,Hyderabad,IndiaMART,dealer,35.00,piece,35.00,piece,EXCL,18,6810,0.90,0.47,0.35,43.02,43.02,,,unknown,,NOT_APPLICABLE,,0,,,25.03,lcv,seeded_fallback,2026-08-01T10:13:21.548Z,https://www.indiamart.com/proddetail/ayyappa-interlocking-bricks-22503999512.html
p_e0bf884f68761d75,bricks_blocks,Unbranded block,,hyderabad,Bhanu Prasad Maddineni,Hyderabad,IndiaMART,dealer,35.00,piece,35.00,piece,EXCL,18,6810,1.15,0.47,0.35,43.27,43.27,,,unknown,,NOT_APPLICABLE,,0,,,38.45,lcv,seeded_fallback,2026-08-01T10:17:01.647Z,https://www.indiamart.com/proddetail/concrete-bricks-2856513175833.html
p_252542f92af7263f,bricks_blocks,Unbranded Fly ash brick,,hyderabad,Master AAC Blocks Industries,"Ghatkesar, Hyderabad",IndiaMART,dealer,37.00,piece,37.00,piece,EXCL,12,6815,1.04,0.47,0.35,43.30,43.30,,,unknown,,NOT_APPLICABLE,,0,3.7,7,34.62,lcv,seeded_fallback,2026-08-01T10:19:36.058Z,https://www.indiamart.com/proddetail/eco-friendly-fly-ash-bricks-26193333088.html
p_886d2e117630242f,bricks_blocks,Unbranded block,,hyderabad,R B Realtors & Constructions,Hyderabad,IndiaMART,dealer,36.00,piece,36.00,piece,EXCL,18,6810,0.90,0.47,0.35,44.20,44.20,,,unknown,,NOT_APPLICABLE,,0,,,6.61,lcv,seeded_fallback,2026-08-01T10:12:25.885Z,https://www.indiamart.com/proddetail/acc-cement-bricks-2857079304791.html
p_a66474cc26f870a2,bricks_blocks,Unbranded CLC block,,hyderabad,Rancare Industries Ltd.,Deals in Hyderabad,IndiaMART,dealer,36.00,piece,36.00,piece,EXCL,18,6810,0.90,0.47,0.35,44.20,44.20,,,unknown,,NOT_APPLICABLE,,0,4.2,37,25.99,lcv,seeded_fallback,2026-08-01T10:17:50.835Z,https://www.indiamart.com/proddetail/cellular-lightweight-concrete-brick-2851109701197.html
p_acec4ebfda37b055,bricks_blocks,Unbranded CLC block,,hyderabad,Bangaru Telangana Bricks Industries,Hyderabad,IndiaMART,dealer,36.00,piece,36.00,piece,EXCL,18,6810,0.90,0.47,0.35,44.20,44.20,,,unknown,,NOT_APPLICABLE,,0,4,7,16.07,lcv,seeded_fallback,2026-08-01T10:18:04.791Z,https://www.indiamart.com/proddetail/clc-bricks-21634813148.html
p_e93c373adfd24f71,bricks_blocks,Unbranded block,,hyderabad,Mukta Enterprises,Hyderabad,IndiaMART,dealer,36.00,piece,36.00,piece,EXCL,18,6810,0.90,0.47,0.35,44.20,44.20,,,unknown,,NOT_APPLICABLE,,0,4.4,118,24.57,lcv,seeded_fallback,2026-08-01T10:17:15.793Z,https://www.indiamart.com/proddetail/hbpl-square-hb-concrete-bricks-2851280982388.html
p_2e444b398ea0874c,bricks_blocks,Unbranded block,,hyderabad,R K Industries,Deals in Hyderabad,IndiaMART,dealer,36.00,piece,36.00,piece,EXCL,18,6810,0.90,0.47,0.35,44.20,44.20,,,unknown,,NOT_APPLICABLE,,0,4.5,2,17.37,lcv,seeded_fallback,2026-08-01T10:19:07.797Z,https://www.indiamart.com/proddetail/refractory-fire-bricks-2851965054212.html
p_2721730bb56a571b,bricks_blocks,Unbranded block,,hyderabad,Tough I,"Keesara, Hyderabad",IndiaMART,dealer,36.00,piece,36.00,piece,EXCL,18,6810,0.90,0.47,0.35,44.20,44.20,,,unknown,,NOT_APPLICABLE,,0,4.8,6,9.04,lcv,seeded_fallback,2026-08-01T10:13:21.548Z,https://www.indiamart.com/proddetail/rectangular-concrete-interlocking-bricks-22712148773.html
p_fcfa9dadbd3a9571,bricks_blocks,Nucon CLC block,Nucon,hyderabad,Rancare Industries Ltd.,Deals in Hyderabad,IndiaMART,dealer,36.00,piece,36.00,piece,EXCL,18,6810,0.90,0.47,0.35,44.20,44.20,,,unknown,,NOT_DECLARED,,0,4.2,37,25.99,lcv,seeded_fallback,2026-08-01T10:16:54.770Z,https://www.indiamart.com/proddetail/solid-cellular-lightweight-concrete-brick-11893456988.html
p_0af59e28f5bab869,bricks_blocks,Unbranded Concrete solid block,,hyderabad,Venus National,Hyderabad,IndiaMART,dealer,36.00,piece,36.00,piece,EXCL,18,6810,0.98,0.47,0.35,44.28,44.28,,,unknown,,NOT_APPLICABLE,,0,4.4,7,32.54,lcv,seeded_fallback,2026-08-01T10:13:00.531Z,https://www.indiamart.com/proddetail/solid-concrete-block-2857961101355.html
p_d564b68456f2b41f,bricks_blocks,Unbranded Concrete solid block,,hyderabad,Venus National,Hyderabad,IndiaMART,dealer,36.00,piece,36.00,piece,EXCL,18,6810,0.98,0.47,0.35,44.28,44.28,,,unknown,,NOT_APPLICABLE,,0,4.4,7,32.54,lcv,seeded_fallback,2026-08-01T10:16:54.770Z,https://www.indiamart.com/proddetail/concrete-bricks-2857961376148.html
p_a2d44cdea320285a,bricks_blocks,Unbranded block,,hyderabad,Bondada Ecobuild Private Limited,Hyderabad,IndiaMART,dealer,36.00,piece,36.00,piece,EXCL,18,6810,1.04,0.47,0.35,44.34,44.34,,,unknown,,NOT_APPLICABLE,,0,3.8,4,34.76,lcv,seeded_fallback,2026-08-01T10:13:08.572Z,https://www.indiamart.com/proddetail/smart-brix-3-inch-2855113825430.html
p_614ca821e6d2a024,bricks_blocks,Unbranded block,,hyderabad,Rajpoot Refractory Lining Works Contractors,Hyderabad,IndiaMART,dealer,36.00,piece,36.00,piece,EXCL,18,6810,1.15,0.47,0.35,44.45,44.45,,,unknown,,NOT_APPLICABLE,,0,4,1,38.44,lcv,seeded_fallback,2026-08-01T10:19:07.797Z,https://www.indiamart.com/proddetail/9-inch-alumina-refractory-fire-bricks-2851947915388.html
p_790b2769126b4461,bricks_blocks,Unbranded Concrete solid block,,hyderabad,JBK Blocks,Hyderabad,IndiaMART,dealer,37.00,piece,37.00,piece,EXCL,18,6810,0.90,0.47,0.35,45.38,45.38,,,unknown,,NOT_APPLICABLE,,0,,,11.17,lcv,seeded_fallback,2026-08-01T10:17:01.647Z,https://www.indiamart.com/proddetail/solid-concrete-bricks-2857913181433.html
p_b43fa707f00cf137,bricks_blocks,Unbranded CLC block,,hyderabad,Blocon Industries,Hyderabad,IndiaMART,dealer,37.00,piece,37.00,piece,EXCL,18,6810,0.90,0.47,0.35,45.38,45.38,,,unknown,,NOT_APPLICABLE,,0,3.7,3,15.37,lcv,seeded_fallback,2026-08-01T10:19:07.797Z,https://www.indiamart.com/proddetail/clc-insulating-fire-brick-15009533888.html
p_69138cc664c79adf,bricks_blocks,Unbranded block,,hyderabad,Mukta Enterprises,Hyderabad,IndiaMART,dealer,37.00,piece,37.00,piece,EXCL,18,6810,0.90,0.47,0.35,45.38,45.38,,,unknown,,NOT_APPLICABLE,,0,4.4,118,24.57,lcv,seeded_fallback,2026-08-01T10:13:21.548Z,https://www.indiamart.com/proddetail/cement-interlock-bricks-2851279457455.html
p_69c8f097282ce407,bricks_blocks,Unbranded CLC block,,hyderabad,Blocon Industries,Hyderabad,IndiaMART,dealer,37.00,piece,37.00,piece,EXCL,18,6810,0.90,0.47,0.35,45.38,45.38,,,unknown,,NOT_APPLICABLE,,0,3.7,3,15.37,lcv,seeded_fallback,2026-08-01T10:17:36.783Z,https://www.indiamart.com/proddetail/clc-refractory-brick-15009484362.html
p_e3705fdf7b1f371e,bricks_blocks,Unbranded Fly ash brick,,hyderabad,Cconorb Build Products Private Limited,Hyderabad,IndiaMART,dealer,39.00,piece,39.00,piece,EXCL,12,6815,0.90,0.47,0.35,45.40,45.40,,,unknown,,NOT_APPLICABLE,,0,4.5,63,11.47,lcv,seeded_fallback,2026-08-01T10:13:08.572Z,https://www.indiamart.com/proddetail/fly-ash-bricks-2857266612562.html
p_52eca3a868422834,bricks_blocks,Birla Aerocon AAC block 600×200×100 mm,Birla Aerocon,hyderabad,BigBMart,Hyderabad,BigBMart,platform,42.50,piece,42.50,piece,INCL,18,6810,1.60,1.08,0.35,45.53,45.53,,,unknown,,NOT_DECLARED,,0,,,37.78,6_tyre,seeded_fallback,2026-08-01T00:00:00.000Z,https://bigbmart.com/product/birla-aerocon-aac-blocks/
p_48cc11923f6da46a,bricks_blocks,Unbranded Fly ash brick,,hyderabad,Munnalal Bros,"Secunderabad, Dist. Hyderabad",IndiaMART,dealer,39.00,piece,39.00,piece,EXCL,12,6815,1.24,0.47,0.35,45.74,45.74,,,unknown,,NOT_APPLICABLE,,0,4.1,33,41.29,lcv,seeded_fallback,2026-08-01T10:13:08.572Z,https://www.indiamart.com/proddetail/fly-ash-bricks-2855498776088.html
p_5d7c147c885a52bd,bricks_blocks,Unbranded Fly ash brick,,hyderabad,Shanmukha Aac Block Industries,Hyderabad,IndiaMART,dealer,40.00,piece,40.00,piece,EXCL,12,6815,0.90,0.47,0.35,46.52,46.52,,,unknown,,NOT_APPLICABLE,,0,4.1,30,16.4,lcv,seeded_fallback,2026-08-01T10:13:08.572Z,https://www.indiamart.com/proddetail/acc-fly-ash-cement-brick-2852735766391.html
p_8d07664c589dfe18,bricks_blocks,Unbranded Fly ash brick,,hyderabad,SMR International,Hyderabad,IndiaMART,dealer,40.00,piece,40.00,piece,EXCL,12,6815,0.90,0.47,0.35,46.52,46.52,,,unknown,,NOT_APPLICABLE,,0,4.7,39,14.14,lcv,seeded_fallback,2026-08-01T10:13:08.572Z,https://www.indiamart.com/proddetail/fly-ash-bricks-2859419568133.html
p_77c680dd3ba24518,bricks_blocks,Unbranded Fly ash brick,,hyderabad,Shanmukha Aac Block Industries,Hyderabad,IndiaMART,dealer,40.00,piece,40.00,piece,EXCL,12,6815,0.90,0.47,0.35,46.52,46.52,,,unknown,,NOT_APPLICABLE,,0,4.1,30,16.4,lcv,seeded_fallback,2026-08-01T10:16:19.935Z,https://www.indiamart.com/proddetail/lightweight-fly-ash-bricks-2851854449673.html
p_68e007dcc4ef9cd5,bricks_blocks,Unbranded Concrete solid block,,hyderabad,Hari Hara Bricks,Hyderabad,IndiaMART,dealer,38.00,piece,38.00,piece,EXCL,18,6810,0.90,0.47,0.35,46.56,46.56,,,unknown,,NOT_APPLICABLE,,0,,,29.85,lcv,seeded_fallback,2026-08-01T10:12:53.579Z,https://www.indiamart.com/proddetail/cement-blocks-8x8x12-size-2855173695512.html
p_80a55aee6a80c4f6,bricks_blocks,Unbranded block,,hyderabad,Star Refractory Works,"Moosapet, Hyderabad",IndiaMART,dealer,38.00,piece,38.00,piece,EXCL,18,6810,0.90,0.47,0.35,46.56,46.56,,,unknown,,NOT_APPLICABLE,,0,4.3,45,16.3,lcv,seeded_fallback,2026-08-01T10:19:07.797Z,https://www.indiamart.com/proddetail/fire-bricks-2851071415948.html
p_2656f05b6f7868b2,bricks_blocks,Unbranded block,,hyderabad,Cconorb Build Products Private Limited,Hyderabad,IndiaMART,dealer,38.00,piece,38.00,piece,EXCL,18,6810,0.90,0.47,0.35,46.56,46.56,,,unknown,,NOT_APPLICABLE,,0,4.5,63,11.47,lcv,seeded_fallback,2026-08-01T10:16:19.935Z,https://www.indiamart.com/proddetail/eco-friendly-lightweight-bricks-2859535759755.html
p_75161bce4909d9d4,bricks_blocks,Unbranded block 230×114×76 mm,,hyderabad,Well Make Refractory Lining Works,"Rangareddynagar, Hyderabad",IndiaMART,dealer,38.00,piece,38.00,piece,EXCL,18,6810,0.90,0.47,0.35,46.56,46.56,,,unknown,,NOT_APPLICABLE,,0,3.8,11,24.77,lcv,computed,2026-08-01T10:17:36.783Z,https://www.indiamart.com/proddetail/refractory-fire-bricks-is-8-2855563620355.html
p_976e351bd87397a9,bricks_blocks,Unbranded Concrete solid block 300×200×200 mm,,hyderabad,Induri Traders,"Narsingi, Hyderabad",IndiaMART,dealer,38.00,piece,38.00,piece,EXCL,18,6810,0.99,0.47,0.35,46.65,46.65,,,unknown,,NOT_APPLICABLE,,0,4.7,3,32.87,lcv,seeded_fallback,2026-08-01T10:12:53.579Z,https://www.indiamart.com/proddetail/12x8x8-inch-concrete-blocks-22485667148.html
p_465425e40f80fbe0,bricks_blocks,Unbranded Fly ash brick,,hyderabad,Sri Sai Jyothi Enterprises,Hyderabad,IndiaMART,dealer,40.00,piece,40.00,piece,EXCL,12,6815,1.22,0.47,0.35,46.84,46.84,,,unknown,,NOT_APPLICABLE,,0,,,40.52,lcv,seeded_fallback,2026-08-01T10:16:54.770Z,https://www.indiamart.com/proddetail/rectangular-fly-ash-brick-2852796751991.html
p_a67ccf48c8bb0828,bricks_blocks,Unbranded Fly ash brick 600×200×100 mm,,hyderabad,Nawanirman Materials And Builders Private Limited,Hyderabad,IndiaMART,dealer,40.00,piece,40.00,piece,EXCL,12,6815,1.22,0.47,0.35,46.84,46.84,,,unknown,,NOT_APPLICABLE,,0,3.6,73,40.78,lcv,seeded_fallback,2026-08-01T10:13:08.572Z,https://www.indiamart.com/proddetail/infra-market-fly-ash-bricks-4-inch-2856566999273.html
p_476d209f0c9802d6,bricks_blocks,Greenstone AAC block 600×200×100 mm,Greenstone,hyderabad,BigBMart,Hyderabad,BigBMart,platform,44.00,piece,44.00,piece,INCL,18,6810,1.60,1.08,0.35,47.03,47.03,,,unknown,,NOT_DECLARED,,0,,,37.78,6_tyre,seeded_fallback,2026-08-01T00:00:00.000Z,https://bigbmart.com/product/greenstone-aac-blocks/
p_476d209f0c9802d6,bricks_blocks,Greenstone AAC block 600×200×100 mm,Greenstone,hyderabad,Greenstone Building Products Private Limited,"Kukatpally, Hyderabad",IndiaMART,dealer,68.00,piece,68.00,piece,EXCL,18,6810,1.60,1.08,0.35,47.03,47.03,,,unknown,,NOT_DECLARED,,0,4.2,5,12.17,6_tyre,computed,2026-08-01T10:15:58.814Z,https://www.indiamart.com/proddetail/6-inch-greenstone-lightweight-aac-block-23023323730.html
p_476d209f0c9802d6,bricks_blocks,Greenstone AAC block 600×200×100 mm,Greenstone,hyderabad,Greenstone Building Products Private Limited,"Kukatpally, Hyderabad",IndiaMART,dealer,102.00,piece,102.00,piece,EXCL,18,6810,1.60,1.08,0.35,47.03,47.03,,,unknown,,NOT_DECLARED,,0,4.2,5,12.17,6_tyre,computed,2026-08-01T10:16:05.825Z,https://www.indiamart.com/proddetail/9-inch-greenstone-lightweight-aac-block-23023321791.html
p_cb535905f67c6905,bricks_blocks,Unbranded Fly ash brick,,hyderabad,Greenstone Building Products Private Limited,"Kukatpally, Hyderabad",IndiaMART,dealer,41.00,piece,41.00,piece,EXCL,12,6815,0.90,0.47,0.35,47.64,47.64,,,unknown,,NOT_APPLICABLE,,0,4.2,5,12.17,lcv,computed,2026-08-01T10:13:11.119Z,https://www.indiamart.com/proddetail/fly-ash-bricks-2853982959488.html
p_53cc7f64b048e516,bricks_blocks,Unbranded block,,hyderabad,Cconorb Build Products Private Limited,Hyderabad,IndiaMART,dealer,39.00,piece,39.00,piece,EXCL,18,6810,0.90,0.47,0.35,47.74,47.74,,,unknown,,NOT_APPLICABLE,,0,4.5,63,11.47,lcv,seeded_fallback,2026-08-01T10:15:58.814Z,https://www.indiamart.com/proddetail/lightweight-partition-bricks-2859535783891.html
p_a18e3270ad7af0e4,bricks_blocks,Unbranded block,,hyderabad,Shanmukha Aac Block Industries,Hyderabad,IndiaMART,dealer,39.00,piece,39.00,piece,EXCL,18,6810,0.90,0.47,0.35,47.74,47.74,,,unknown,,NOT_APPLICABLE,,0,4.1,30,16.4,lcv,seeded_fallback,2026-08-01T10:15:58.814Z,https://www.indiamart.com/proddetail/light-weight-bricks-2854619914262.html
p_8d9de15ac6660413,bricks_blocks,Unbranded block,,hyderabad,Buildsuvidha India Private Limited,"Begumpet, Hyderabad",IndiaMART,dealer,39.00,piece,39.00,piece,EXCL,18,6810,0.90,0.47,0.35,47.74,47.74,,,unknown,,NOT_APPLICABLE,,0,4.8,21,24.44,lcv,computed,2026-08-01T10:15:58.814Z,https://www.indiamart.com/proddetail/light-weight-bricks-2854166547755.html
p_e37337849ad5698b,bricks_blocks,Unbranded block,,hyderabad,Dharani Projects,"Kukatpally, Hyderabad",IndiaMART,dealer,39.00,piece,39.00,piece,EXCL,18,6810,0.90,0.47,0.35,47.74,47.74,,,unknown,,NOT_APPLICABLE,,0,4.4,16,12.17,lcv,computed,2026-08-01T10:16:05.825Z,https://www.indiamart.com/proddetail/light-weight-bricks-2856525590048.html
p_958d42507d537199,bricks_blocks,Unbranded block,,hyderabad,Cconorb Build Products Private Limited,Hyderabad,IndiaMART,dealer,39.00,piece,39.00,piece,EXCL,18,6810,0.90,0.47,0.35,47.74,47.74,,,unknown,,NOT_APPLICABLE,,0,4.5,63,11.47,lcv,seeded_fallback,2026-08-01T10:16:12.608Z,https://www.indiamart.com/proddetail/lightweight-wall-bricks-2859535759691.html
p_6fab9aa0d3830a27,bricks_blocks,Unbranded block,,hyderabad,Shanmukha Aac Block Industries,Hyderabad,IndiaMART,dealer,39.50,piece,39.50,piece,EXCL,18,6810,0.90,0.47,0.35,48.33,48.33,,,unknown,,NOT_APPLICABLE,,0,4.1,30,16.4,lcv,seeded_fallback,2026-08-01T10:16:05.825Z,https://www.indiamart.com/proddetail/light-weight-bricks-2853046127773.html
p_f366b01ba25ee9e5,bricks_blocks,Unbranded Fly ash brick,,hyderabad,Dharani Projects,"Kukatpally, Hyderabad",IndiaMART,dealer,42.00,piece,42.00,piece,EXCL,12,6815,0.90,0.47,0.35,48.76,48.76,,,unknown,,NOT_APPLICABLE,,0,4.4,16,12.17,lcv,computed,2026-08-01T10:13:08.572Z,https://www.indiamart.com/proddetail/fly-ash-light-weight-brick-2858127389962.html
p_a49623e42846eab2,bricks_blocks,Unbranded Fly ash brick,,hyderabad,Dharani Projects,"Kukatpally, Hyderabad",IndiaMART,dealer,42.00,piece,42.00,piece,EXCL,12,6815,0.90,0.47,0.35,48.76,48.76,,,unknown,,NOT_APPLICABLE,,0,4.4,16,12.17,lcv,computed,2026-08-01T10:15:58.814Z,https://www.indiamart.com/proddetail/fly-ash-light-weight-bricks-2858170231555.html
p_61d95c237f264692,bricks_blocks,Unbranded CLC block,,hyderabad,Shanmukha Aac Block Industries,Hyderabad,IndiaMART,dealer,40.00,piece,40.00,piece,EXCL,18,6810,0.90,0.47,0.35,48.92,48.92,,,unknown,,NOT_APPLICABLE,,0,4.1,30,16.4,lcv,seeded_fallback,2026-08-01T10:17:50.835Z,https://www.indiamart.com/proddetail/clc-light-weight-bricks-2851854449533.html
p_7babcae7166ab44a,bricks_blocks,Unbranded CLC block,,hyderabad,Ceramic Pro Lifestyle & Industrial Coatings,Hyderabad,IndiaMART,dealer,40.00,piece,40.00,piece,EXCL,18,6810,0.90,0.47,0.35,48.92,48.92,,,unknown,,NOT_APPLICABLE,,0,4.4,24,19.22,lcv,seeded_fallback,2026-08-01T10:17:50.835Z,https://www.indiamart.com/proddetail/clc-bricks-9894022133.html
p_05d820807ebd66ff,bricks_blocks,Unbranded CLC block,,hyderabad,Shiva Sai Enterprises,Hyderabad,IndiaMART,dealer,40.00,piece,40.00,piece,EXCL,18,6810,0.90,0.47,0.35,48.92,48.92,,,unknown,,NOT_APPLICABLE,,0,3,4,22.02,lcv,seeded_fallback,2026-08-01T10:17:50.835Z,https://www.indiamart.com/proddetail/4-inch-cellular-lightweight-concrete-brick-2854162731012.html
p_46a2801cbd2397d5,bricks_blocks,Unbranded CLC block,,hyderabad,Teamone Equipments,Hyderabad,IndiaMART,dealer,40.00,piece,40.00,piece,EXCL,18,6810,0.90,0.47,0.35,48.92,48.92,,,unknown,,NOT_APPLICABLE,,0,3.3,3,24.93,lcv,seeded_fallback,2026-08-01T10:17:50.835Z,https://www.indiamart.com/proddetail/clc-bricks-10963826355.html
p_92107cb078dd40e0,bricks_blocks,Unbranded Concrete solid block,,hyderabad,Bharat Industrial Equipments,Hyderabad,IndiaMART,dealer,40.00,piece,40.00,piece,EXCL,18,6810,0.90,0.47,0.35,48.92,48.92,,,unknown,,NOT_APPLICABLE,,0,3.8,8,20.12,lcv,seeded_fallback,2026-08-01T10:17:50.835Z,https://www.indiamart.com/proddetail/light-weight-blocks-19964442173.html
p_23f415aecbfed6be,bricks_blocks,Unbranded CLC block,,hyderabad,Shanmukha Aac Block Industries,Hyderabad,IndiaMART,dealer,40.00,piece,40.00,piece,EXCL,18,6810,0.90,0.47,0.35,48.92,48.92,,,unknown,,NOT_APPLICABLE,,0,4.1,30,16.4,lcv,seeded_fallback,2026-08-01T10:17:57.776Z,https://www.indiamart.com/proddetail/cellular-lightweight-concrete-brick-2852544105812.html
p_0e74457e99df8c86,bricks_blocks,Unbranded Concrete solid block,,hyderabad,Maruthi Traders,"Secunderabad, Dist. Hyderabad",IndiaMART,dealer,40.00,piece,40.00,piece,EXCL,18,6810,0.90,0.47,0.35,48.92,48.92,,,unknown,,NOT_APPLICABLE,,0,4.4,35,18.46,lcv,seeded_fallback,2026-08-01T10:12:53.579Z,https://www.indiamart.com/proddetail/cement-concrete-block-13652460888.html
p_2b3394c9bc849eab,bricks_blocks,Unbranded Concrete solid block,,hyderabad,Shree Vazra Enterprises,Hyderabad,IndiaMART,dealer,40.00,piece,40.00,piece,EXCL,18,6810,0.90,0.47,0.35,48.92,48.92,,,unknown,,NOT_APPLICABLE,,0,4.2,5,18.85,lcv,seeded_fallback,2026-08-01T10:12:57.213Z,https://www.indiamart.com/proddetail/3-inch-solid-concrete-wall-block-2853104983797.html
p_4534fa71827d3149,bricks_blocks,Unbranded Concrete solid block,,hyderabad,Maruthi Traders,"Secunderabad, Dist. Hyderabad",IndiaMART,dealer,40.00,piece,40.00,piece,EXCL,18,6810,0.90,0.47,0.35,48.92,48.92,,,unknown,,NOT_APPLICABLE,,0,4.4,35,18.46,lcv,seeded_fallback,2026-08-01T10:13:00.531Z,https://www.indiamart.com/proddetail/concrete-cement-block-13652567873.html
p_f6e9333bb3740829,bricks_blocks,Unbranded block,,hyderabad,Shanmukha Aac Block Industries,Hyderabad,IndiaMART,dealer,40.00,piece,40.00,piece,EXCL,18,6810,0.90,0.47,0.35,48.92,48.92,,,unknown,,NOT_APPLICABLE,,0,4.1,30,16.4,lcv,seeded_fallback,2026-08-01T10:16:54.770Z,https://www.indiamart.com/proddetail/gray-rectangular-concrete-bricks-2852771830648.html
p_5cdf46985ba5418d,bricks_blocks,Unbranded Concrete solid block,,hyderabad,Sreenidhi Enterprises,Hyderabad,IndiaMART,dealer,40.00,piece,40.00,piece,EXCL,18,6810,0.90,0.47,0.35,48.92,48.92,,,unknown,,NOT_APPLICABLE,,0,,,8.86,lcv,seeded_fallback,2026-08-01T10:17:01.647Z,https://www.indiamart.com/proddetail/400-mm-grey-concrete-brick-2852114375555.html
p_313c463008e7424a,bricks_blocks,Unbranded Concrete solid block,,hyderabad,Shanmukha Aac Block Industries,Hyderabad,IndiaMART,dealer,40.00,piece,40.00,piece,EXCL,18,6810,0.90,0.47,0.35,48.92,48.92,,,unknown,,NOT_APPLICABLE,,0,4.1,30,16.4,lcv,seeded_fallback,2026-08-01T10:17:08.713Z,https://www.indiamart.com/proddetail/12-inch-concrete-solid-brick-2852771841273.html
p_2bcf25493e2587b4,bricks_blocks,Unbranded Concrete hollow block,,hyderabad,Walls And Floors,Hyderabad,IndiaMART,dealer,40.00,piece,40.00,piece,EXCL,18,6810,0.90,0.47,0.35,48.92,48.92,,,unknown,,NOT_APPLICABLE,,0,5,3,6.11,lcv,seeded_fallback,2026-08-01T10:16:26.864Z,https://www.indiamart.com/proddetail/brown-hollow-clay-bricks-2854910448562.html
p_9d678afe89d3dad9,bricks_blocks,Unbranded block,,hyderabad,Ceramic Pro Lifestyle & Industrial Coatings,Hyderabad,IndiaMART,dealer,40.00,piece,40.00,piece,EXCL,18,6810,0.90,0.47,0.35,48.92,48.92,,,unknown,,NOT_APPLICABLE,,0,4.4,24,19.22,lcv,seeded_fallback,2026-08-01T10:15:58.814Z,https://www.indiamart.com/proddetail/lightweight-bricks-9894007648.html
p_d5bcadd00e9090ad,bricks_blocks,Unbranded block,,hyderabad,Rajpoot Refractory Lining Works Contractors,Hyderabad,IndiaMART,dealer,40.00,piece,40.00,piece,EXCL,18,6810,1.15,0.47,0.35,49.17,49.17,,,unknown,,NOT_APPLICABLE,,0,4,1,38.44,lcv,seeded_fallback,2026-08-01T10:17:36.783Z,https://www.indiamart.com/proddetail/5-inch-alumina-cupola-refractory-bricks-2852114453012.html
p_332bfa1b17f576ef,bricks_blocks,Unbranded block,,hyderabad,Bajaj Coal & Pipes,Hyderabad,IndiaMART,dealer,40.00,piece,40.00,piece,EXCL,18,6810,1.19,0.47,0.35,49.21,49.21,,,unknown,,NOT_APPLICABLE,,0,3.1,9,39.59,lcv,seeded_fallback,2026-08-01T10:17:22.778Z,https://www.indiamart.com/proddetail/refractory-bricks-20615399573.html
p_962c409346bc824e,bricks_blocks,Unbranded block,,hyderabad,Sringari & Sons,Hyderabad,IndiaMART,dealer,40.00,piece,40.00,piece,EXCL,18,6810,1.19,0.47,0.35,49.21,49.21,,,unknown,,NOT_APPLICABLE,,0,5,1,39.81,lcv,seeded_fallback,2026-08-01T10:19:07.797Z,https://www.indiamart.com/proddetail/fire-bricks-10964341412.html
p_10885ad51182aa9c,bricks_blocks,Unbranded block,,hyderabad,Shri Balaji Enterprises,Hyderabad,IndiaMART,dealer,40.00,piece,40.00,piece,EXCL,18,6810,1.19,0.47,0.35,49.21,49.21,,,unknown,,NOT_APPLICABLE,,0,4.6,21,39.55,lcv,seeded_fallback,2026-08-01T10:17:36.783Z,https://www.indiamart.com/proddetail/refractory-fire-bricks-2850306081797.html
p_76111a7ef9d10a00,bricks_blocks,Unbranded block,,hyderabad,Sringari & Sons,Hyderabad,IndiaMART,dealer,40.00,piece,40.00,piece,EXCL,18,6810,1.19,0.47,0.35,49.21,49.21,,,unknown,,NOT_APPLICABLE,,0,5,1,39.81,lcv,seeded_fallback,2026-08-01T10:17:36.783Z,https://www.indiamart.com/proddetail/refractory-bricks-10964356462.html
p_bbf7490321a781a6,bricks_blocks,Unbranded Fly ash brick,,hyderabad,G S Agencies,Hyderabad,IndiaMART,dealer,43.00,piece,43.00,piece,EXCL,12,6815,0.90,0.47,0.35,49.88,49.88,,,unknown,,NOT_APPLICABLE,,0,5,1,24.24,lcv,seeded_fallback,2026-08-01T10:19:36.058Z,https://www.indiamart.com/proddetail/cement-fly-ash-brick-2852094561388.html
p_0df5fecc32abef10,bricks_blocks,Unbranded Concrete hollow block,,hyderabad,Sri Patel And Company,"Lunger House, Hyderabad",IndiaMART,dealer,42.00,piece,42.00,piece,EXCL,18,6810,0.90,0.47,0.35,51.28,51.28,,,unknown,,NOT_APPLICABLE,,0,4.2,102,10.97,lcv,seeded_fallback,2026-08-01T10:16:26.864Z,https://www.indiamart.com/proddetail/hollow-clay-bricks-2859210998048.html
p_8b346929a0a37475,bricks_blocks,Unbranded Fly ash brick,,hyderabad,Sai Balaji Enterprises,Hyderabad,IndiaMART,dealer,45.00,piece,45.00,piece,EXCL,12,6815,0.90,0.47,0.35,52.12,52.12,,,unknown,,NOT_APPLICABLE,,0,4,43,11.67,lcv,seeded_fallback,2026-08-01T10:19:36.058Z,https://www.indiamart.com/proddetail/eco-friendly-fly-ash-bricks-2855841927397.html
p_687ae2dade599632,bricks_blocks,Unbranded Fly ash brick,,hyderabad,Garuda Flyash Brics,Hyderabad,IndiaMART,dealer,45.00,piece,45.00,piece,EXCL,12,6815,0.90,0.47,0.35,52.12,52.12,,,unknown,,NOT_APPLICABLE,,0,,,12.77,lcv,seeded_fallback,2026-08-01T10:13:08.572Z,https://www.indiamart.com/proddetail/12-inch-fly-ash-concrete-bricks-2858654135430.html
p_6db7cbceaa5b4cd0,bricks_blocks,Unbranded Fly ash brick,,hyderabad,Sai Balaji Enterprises,Hyderabad,IndiaMART,dealer,46.00,piece,46.00,piece,EXCL,12,6815,0.90,0.47,0.35,53.24,53.24,,,unknown,,NOT_APPLICABLE,,0,4,43,11.67,lcv,seeded_fallback,2026-08-01T10:13:05.734Z,https://www.indiamart.com/proddetail/hi-dencity-concrete-flyash-blocks-2854010119755.html
p_a451dcbb02b5c1ce,bricks_blocks,Unbranded Concrete solid block,,hyderabad,ANS Associate,,ExportersIndia,dealer,45.00,piece,45.00,piece,EXCL,18,6810,0.80,0.47,0.35,54.72,54.72,2000,Piece,unknown,,NOT_APPLICABLE,,0,,,26.91,6_tyre,seeded_fallback,2026-08-06T13:07:14.066Z,https://www.exportersindia.com/product-detail/concrete-solid-blocks-9659648977.htm
p_9ffcb59658e999f0,bricks_blocks,Unbranded block,,hyderabad,Sai Balaji Enterprises,Hyderabad,IndiaMART,dealer,45.00,piece,45.00,piece,EXCL,18,6810,0.90,0.47,0.35,54.82,54.82,,,unknown,,NOT_APPLICABLE,,0,4,43,11.67,lcv,seeded_fallback,2026-08-01T10:16:19.935Z,https://www.indiamart.com/proddetail/building-construction-bricks-20344709748.html
p_4f2675b55f7589b9,bricks_blocks,Unbranded CLC block,,hyderabad,Venus National,Hyderabad,IndiaMART,dealer,45.00,piece,45.00,piece,EXCL,18,6810,0.98,0.47,0.35,54.90,54.90,,,unknown,,NOT_APPLICABLE,,0,4.4,7,32.54,lcv,seeded_fallback,2026-08-01T10:12:25.885Z,https://www.indiamart.com/proddetail/fly-ash-bricks-2858091645773.html
p_91d3e710429a645d,bricks_blocks,Unbranded CLC block,,hyderabad,Sai Balaji Enterprises,Hyderabad,IndiaMART,dealer,46.00,piece,46.00,piece,EXCL,18,6810,0.90,0.47,0.35,56.00,56.00,,,unknown,,NOT_APPLICABLE,,0,4,43,11.67,lcv,seeded_fallback,2026-08-01T10:17:50.835Z,https://www.indiamart.com/proddetail/cellular-lightweight-concrete-brick-2849227651633.html
p_2e2fc8aff7dded58,bricks_blocks,Unbranded Concrete solid block,,hyderabad,Garuda Flyash Brics,Hyderabad,IndiaMART,dealer,46.00,piece,46.00,piece,EXCL,18,6810,0.90,0.47,0.35,56.00,56.00,,,unknown,,NOT_APPLICABLE,,0,,,12.77,lcv,seeded_fallback,2026-08-01T10:12:57.213Z,https://www.indiamart.com/proddetail/16x8x8-inch-solid-concrete-blocks-2858215290230.html
p_ba68d0c68b44dba7,bricks_blocks,Unbranded Concrete solid block,,hyderabad,Sai Balaji Enterprises,Hyderabad,IndiaMART,dealer,46.00,piece,46.00,piece,EXCL,18,6810,0.90,0.47,0.35,56.00,56.00,,,unknown,,NOT_APPLICABLE,,0,4,43,11.67,lcv,seeded_fallback,2026-08-01T10:12:57.213Z,https://www.indiamart.com/proddetail/cement-blocks-for-wall-constructions-24985432973.html
p_cbe8430a6b5cb1ae,bricks_blocks,Unbranded block,,hyderabad,Icon Traders,Hyderabad,IndiaMART,dealer,46.00,piece,46.00,piece,EXCL,18,6810,0.90,0.47,0.35,56.00,56.00,,,unknown,,NOT_APPLICABLE,,0,5,3,21.89,lcv,seeded_fallback,2026-08-01T10:16:54.770Z,https://www.indiamart.com/proddetail/concrete-construction-bricks-2849734252955.html
p_426fe11e28d3c1c2,bricks_blocks,Unbranded block,,hyderabad,Nagaraj Traders,Hyderabad,IndiaMART,dealer,46.00,piece,46.00,piece,EXCL,18,6810,0.90,0.47,0.35,56.00,56.00,,,unknown,,NOT_APPLICABLE,,0,4.3,26,15.98,lcv,seeded_fallback,2026-08-01T10:16:05.825Z,https://www.indiamart.com/proddetail/light-weight-bricks-2856422817262.html
p_c35c8224cded01d2,bricks_blocks,Unbranded block,,hyderabad,Vardhan Traders,Hyderabad,IndiaMART,dealer,48.00,piece,48.00,piece,EXCL,18,6810,0.90,0.47,0.35,58.36,58.36,,,unknown,,NOT_APPLICABLE,,0,,,17.08,lcv,seeded_fallback,2026-08-01T10:19:07.797Z,https://www.indiamart.com/proddetail/boiler-fire-bricks-2855341518273.html
p_f59f23c3e08c7e58,bricks_blocks,Unbranded Concrete solid block,,hyderabad,Sai Balaji Enterprises,Hyderabad,IndiaMART,dealer,49.00,piece,49.00,piece,EXCL,18,6810,0.90,0.47,0.35,59.54,59.54,,,unknown,,NOT_APPLICABLE,,0,4,43,11.67,lcv,seeded_fallback,2026-08-01T10:12:53.579Z,https://www.indiamart.com/proddetail/6-inch-concrete-solid-blocks-27442318030.html
p_f59505f71bcadf67,bricks_blocks,Unbranded block,,hyderabad,Outer Lock Bricis,Hyderabad,IndiaMART,dealer,50.00,piece,50.00,piece,EXCL,18,6810,0.90,0.47,0.35,60.72,60.72,,,unknown,,NOT_APPLICABLE,,0,,,6.62,lcv,seeded_fallback,2026-08-01T10:13:21.548Z,https://www.indiamart.com/proddetail/outer-lock-bricks-manufacture-industry-2851510359533.html
p_8c5d720bd472d4a6,bricks_blocks,Unbranded Concrete hollow block,,hyderabad,Bhandari Stone Cutting And Polishing,Deals in Hyderabad,IndiaMART,dealer,50.00,piece,50.00,piece,EXCL,18,6810,1.03,0.47,0.35,60.85,60.85,,,unknown,,NOT_APPLICABLE,,0,4.2,66,34.37,lcv,seeded_fallback,2026-08-01T10:16:26.864Z,https://www.indiamart.com/proddetail/4-inch-hollow-clay-bricks-2859331472755.html
p_dfc8f045cc41403b,bricks_blocks,Unbranded block,,hyderabad,Sri Laxmi Venkateshwara Brick Industries,Hyderabad,IndiaMART,dealer,50.00,piece,50.00,piece,EXCL,18,6810,1.16,0.47,0.35,60.98,60.98,,,unknown,,NOT_APPLICABLE,,0,,,38.6,lcv,seeded_fallback,2026-08-01T10:13:46.341Z,https://www.indiamart.com/proddetail/grey-cement-solid-bricks-26233950488.html
p_43615f17e148e9fb,bricks_blocks,Unbranded Concrete solid block,,hyderabad,Sri Sai Jyothi Enterprises,Hyderabad,IndiaMART,dealer,50.00,piece,50.00,piece,EXCL,18,6810,1.22,0.47,0.35,61.04,61.04,,,unknown,,NOT_APPLICABLE,,0,,,40.52,lcv,seeded_fallback,2026-08-01T10:13:00.531Z,https://www.indiamart.com/proddetail/8-inch-cement-concrete-block-24786169362.html
p_474daebfe7e8f55d,bricks_blocks,UltraTech Xtralite AAC block 600×200×100 mm,UltraTech Xtralite,hyderabad,Kothari Marketing Associates,Hyderabad,IndiaMART,dealer,50.00,piece,50.00,piece,EXCL,18,6810,1.60,1.08,0.35,62.03,62.03,,,unknown,,NOT_DECLARED,,0,3,1,38.84,6_tyre,seeded_fallback,2026-08-01T10:17:50.835Z,https://www.indiamart.com/proddetail/ultratech-xtralite-aac-blocks-2851731528573.html
p_2ffd17872fd8fff9,bricks_blocks,Unbranded Fly ash brick,,hyderabad,Sai Balaji Enterprises,Hyderabad,IndiaMART,dealer,55.00,piece,55.00,piece,EXCL,12,6815,0.90,0.47,0.35,63.32,63.32,,,unknown,,NOT_APPLICABLE,,0,4,43,11.67,lcv,seeded_fallback,2026-08-01T10:13:42.999Z,https://www.indiamart.com/proddetail/construction-cement-bricks-21000857397.html
p_84e6e8557263dd28,bricks_blocks,Unbranded CLC block,,hyderabad,Sri Sai Kumar Cement Bricks,Hyderabad,IndiaMART,dealer,53.00,piece,53.00,piece,EXCL,18,6810,0.90,0.47,0.35,64.26,64.26,,,unknown,,NOT_APPLICABLE,,0,,,20.9,lcv,seeded_fallback,2026-08-01T10:17:50.835Z,https://www.indiamart.com/proddetail/cellular-lightweight-concrete-brick-2850423561688.html
p_e9a6704f1084250a,bricks_blocks,Unbranded block,,hyderabad,Sai Balaji Enterprises,Hyderabad,IndiaMART,dealer,53.00,piece,53.00,piece,EXCL,18,6810,0.90,0.47,0.35,64.26,64.26,,,unknown,,NOT_APPLICABLE,,0,4,43,11.67,lcv,seeded_fallback,2026-08-01T10:16:05.825Z,https://www.indiamart.com/proddetail/lightweight-bricks-19504917973.html
p_2544dda9284e2fb4,bricks_blocks,Unbranded block,,hyderabad,Sai Balaji Enterprises,Hyderabad,IndiaMART,dealer,54.00,piece,54.00,piece,EXCL,18,6810,0.90,0.47,0.35,65.44,65.44,,,unknown,,NOT_APPLICABLE,,0,4,43,11.67,lcv,seeded_fallback,2026-08-01T10:13:00.531Z,https://www.indiamart.com/proddetail/foundation-bricks-basement-19061117688.html
p_4be62d18c364e71b,bricks_blocks,Unbranded block,,hyderabad,Hyderabad Traders,Hyderabad,IndiaMART,dealer,55.00,piece,55.00,piece,EXCL,18,6810,0.90,0.47,0.35,66.62,66.62,,,unknown,,NOT_APPLICABLE,,0,4,1,20.87,lcv,seeded_fallback,2026-08-01T10:17:36.783Z,https://www.indiamart.com/proddetail/15mm-fire-refractory-bricks-2849251615133.html
p_cc1cb69a5d2ce99b,bricks_blocks,Unbranded block,,hyderabad,Shri Balaji Enterprises,Hyderabad,IndiaMART,dealer,55.00,piece,55.00,piece,EXCL,18,6810,1.19,0.47,0.35,66.91,66.91,,,unknown,,NOT_APPLICABLE,,0,4.6,21,39.55,lcv,seeded_fallback,2026-08-01T10:19:07.797Z,https://www.indiamart.com/proddetail/bolier-fire-bricks-2852004312462.html
p_db10104ddb3f0698,bricks_blocks,Unbranded Concrete solid block,,hyderabad,BirlaNu Limited,"Gachibowli, Hyderabad",IndiaMART,dealer,55.49,piece,55.49,piece,EXCL,18,6810,1.22,0.47,0.35,67.52,67.52,,,unknown,,NOT_APPLICABLE,,0,3.9,290,40.7,lcv,seeded_fallback,2026-08-01T10:12:53.579Z,https://www.indiamart.com/proddetail/75mm-concrete-block-2853897763662.html
p_76f5948cd74acbb4,bricks_blocks,Unbranded Fly ash brick,,hyderabad,Chanukya Stones & Marbles,"Kukatpally, Hyderabad",IndiaMART,dealer,60.00,piece,60.00,piece,EXCL,12,6815,0.90,0.47,0.35,68.92,68.92,,,unknown,,NOT_APPLICABLE,,0,,,12.17,lcv,computed,2026-08-01T10:16:54.770Z,https://www.indiamart.com/proddetail/fly-ash-concrete-brick-26562475548.html
p_47e97f9c83bd1334,bricks_blocks,Unbranded Red clay brick 600×200×150 mm,,hyderabad,Arugonda Infratech Private Limited,"Secunderabad, Dist. Hyderabad",IndiaMART,dealer,51.00,piece,51.00,piece,EXCL,12,6904,9.00,5.13,0.35,71.60,71.60,,,unknown,,NOT_APPLICABLE,,0,3.9,45,10.36,10_tyre,seeded_fallback,2026-08-01T10:13:42.999Z,https://www.indiamart.com/proddetail/600x200x150mm-cement-brick-22728053988.html
p_47e97f9c83bd1334,bricks_blocks,Unbranded Red clay brick 600×200×150 mm,,hyderabad,Arugonda Infratech Private Limited,"Secunderabad, Dist. Hyderabad",IndiaMART,dealer,51.00,piece,51.00,piece,EXCL,12,6904,9.00,5.13,0.35,71.60,71.60,,,unknown,,NOT_APPLICABLE,,0,3.9,45,10.36,10_tyre,seeded_fallback,2026-08-01T10:13:46.341Z,https://www.indiamart.com/proddetail/600x200x150mm-cement-brick-22728058091.html
p_f426eae6d69bd611,bricks_blocks,Unbranded Concrete solid block,,hyderabad,B.R.D.Precast,Hyderabad,IndiaMART,dealer,60.00,piece,60.00,piece,EXCL,18,6810,0.90,0.47,0.35,72.52,72.52,,,unknown,,NOT_APPLICABLE,,0,5,1,10.69,lcv,seeded_fallback,2026-08-01T10:12:57.213Z,https://www.indiamart.com/proddetail/solid-cement-blocks-2858170886262.html
p_e69f840f939b271f,bricks_blocks,Unbranded block,,hyderabad,Indus Blocks,Hyderabad,IndiaMART,dealer,61.00,piece,61.00,piece,EXCL,18,6810,0.90,0.47,0.35,73.70,73.70,,,unknown,,NOT_APPLICABLE,,0,5,2,14.85,lcv,seeded_fallback,2026-08-01T10:15:58.814Z,https://www.indiamart.com/proddetail/light-weight-bricks-22051591133.html
p_00f49bf0eae22fba,bricks_blocks,Ecotherm Concrete hollow block 300×230×150 mm,Ecotherm,hyderabad,Prayag Clay Products Limited,Deals in Hyderabad,IndiaMART,dealer,62.00,piece,62.00,piece,EXCL,18,6810,0.90,0.47,0.35,74.88,74.88,,,unknown,,NOT_DECLARED,,0,4.7,35,8.92,lcv,seeded_fallback,2026-08-01T10:16:33.723Z,https://www.indiamart.com/proddetail/300x230x150-mm-ecotherm-hollow-clay-brick-2852428293330.html
p_92651813ac29eb3c,bricks_blocks,Unbranded block 600×200×150 mm,,hyderabad,Bondada Ecobuild Private Limited,Hyderabad,IndiaMART,dealer,63.00,piece,63.00,piece,EXCL,18,6810,1.60,0.68,0.35,76.97,76.97,,,unknown,,NOT_APPLICABLE,,0,3.8,4,34.76,6_tyre,seeded_fallback,2026-08-01T10:12:25.885Z,https://www.indiamart.com/proddetail/smart-bricks-6-inch-2855113907162.html
p_e3971a8ae46a1ce1,bricks_blocks,Unbranded Concrete hollow block,,hyderabad,Bella Marbo,Hyderabad,IndiaMART,dealer,65.00,piece,65.00,piece,EXCL,18,6810,0.90,0.47,0.35,78.42,78.42,,,unknown,,NOT_APPLICABLE,,0,5,2,17.17,lcv,seeded_fallback,2026-08-01T10:16:26.864Z,https://www.indiamart.com/proddetail/hollow-clay-bricks-2856877407073.html
p_4fb0f848b8cc3de8,bricks_blocks,Wienerberger Concrete hollow block,Wienerberger,hyderabad,Lepied Associates,Hyderabad,IndiaMART,dealer,65.00,piece,65.00,piece,EXCL,18,6810,0.90,0.47,0.35,78.42,78.42,,,unknown,,NOT_DECLARED,,0,4.2,6,6.29,lcv,seeded_fallback,2026-08-01T10:16:33.723Z,https://www.indiamart.com/proddetail/wienerberger-porotherm-hollow-clay-bricks-2850384739988.html
p_f21482c9fdc22cfc,bricks_blocks,Unbranded block,,hyderabad,Venus National,Hyderabad,IndiaMART,dealer,65.00,piece,65.00,piece,EXCL,18,6810,0.98,0.47,0.35,78.50,78.50,,,unknown,,NOT_APPLICABLE,,0,4.4,7,32.54,lcv,seeded_fallback,2026-08-01T10:15:58.814Z,https://www.indiamart.com/proddetail/light-weight-bricks-2858091648848.html
p_6b8b557aee7af5df,bricks_blocks,Unbranded Concrete solid block,,hyderabad,BirlaNu Limited,"Gachibowli, Hyderabad",IndiaMART,dealer,64.90,piece,64.90,piece,EXCL,18,6810,1.22,0.47,0.35,78.62,78.62,,,unknown,,NOT_APPLICABLE,,0,3.9,290,40.7,lcv,seeded_fallback,2026-08-01T10:13:00.531Z,https://www.indiamart.com/proddetail/100mm-concrete-block-2853897765412.html
p_20004a674b8168d2,bricks_blocks,Unbranded Fly ash brick 600×200×200 mm,,hyderabad,Arugonda Infratech Private Limited,"Secunderabad, Dist. Hyderabad",IndiaMART,dealer,68.00,piece,68.00,piece,EXCL,12,6815,1.60,0.90,0.35,79.01,79.01,,,unknown,,NOT_APPLICABLE,,0,3.9,45,10.36,6_tyre,seeded_fallback,2026-08-01T10:13:08.572Z,https://www.indiamart.com/proddetail/8x8x24-inch-fly-ash-brick-22685258712.html
p_65238ce5067ee485,bricks_blocks,Unbranded Fly ash brick 230×100×75 mm,,hyderabad,Sri Sai Brick Industry,Hyderabad,IndiaMART,dealer,70.00,piece,70.00,piece,EXCL,12,6815,1.00,0.47,0.35,80.22,80.22,,,unknown,,NOT_APPLICABLE,,0,5,2,33.2,lcv,seeded_fallback,2026-08-01T10:13:11.119Z,https://www.indiamart.com/proddetail/gypsona-fly-ash-brick-2858155050612.html
p_2c0c3da69ddaa4df,bricks_blocks,Unbranded Fly ash brick,,hyderabad,Basemet.Com,"Old Malakpet, Hyderabad",IndiaMART,dealer,70.00,piece,70.00,piece,EXCL,12,6815,1.06,0.47,0.35,80.28,80.28,,,unknown,,NOT_APPLICABLE,,0,2.3,3,35.41,lcv,seeded_fallback,2026-08-01T10:13:08.572Z,https://www.indiamart.com/proddetail/fly-ash-bricks-2855525540955.html
p_a2c1c3a14665fb7b,bricks_blocks,Wienerberger Red clay brick 400×200×200 mm,Wienerberger,hyderabad,Lepied Associates,Hyderabad,IndiaMART,dealer,65.00,piece,65.00,piece,EXCL,12,6904,6.00,4.56,0.35,83.71,83.71,,,unknown,,NOT_DECLARED,,0,4.2,6,6.29,10_tyre,seeded_fallback,2026-08-01T10:16:40.661Z,https://www.indiamart.com/proddetail/wienerberger-porotherm-vp-200-load-bearing-brick-2850384757473.html
p_32f4b1d8732bfdf0,bricks_blocks,Unbranded block,,hyderabad,Pise Industries,Deals in Hyderabad,IndiaMART,dealer,70.00,piece,70.00,piece,EXCL,18,6810,0.90,0.47,0.35,84.32,84.32,,,unknown,,NOT_APPLICABLE,,0,4.4,14,8.44,lcv,seeded_fallback,2026-08-01T10:17:36.783Z,https://www.indiamart.com/proddetail/refractory-fire-bricks-2859111718273.html
p_12aaa078a3675011,bricks_blocks,Unbranded Concrete hollow block,,hyderabad,Bhandari Stone Cutting And Polishing,Deals in Hyderabad,IndiaMART,dealer,70.00,piece,70.00,piece,EXCL,18,6810,1.03,0.47,0.35,84.45,84.45,,,unknown,,NOT_APPLICABLE,,0,4.2,66,34.37,lcv,seeded_fallback,2026-08-01T10:16:33.723Z,https://www.indiamart.com/proddetail/6-inch-hollow-clay-bricks-2859331596448.html
p_beef1283b57eed3d,bricks_blocks,Unbranded block,,hyderabad,Basemet.Com,"Old Malakpet, Hyderabad",IndiaMART,dealer,70.00,piece,70.00,piece,EXCL,18,6810,1.06,0.47,0.35,84.48,84.48,,,unknown,,NOT_APPLICABLE,,0,2.3,3,35.41,lcv,seeded_fallback,2026-08-01T10:15:58.814Z,https://www.indiamart.com/proddetail/light-weight-bricks-2855525524973.html
p_496d73a05a1f2ce1,bricks_blocks,Unbranded Concrete solid block,,hyderabad,D. B. Hanamannavar,,ExportersIndia,dealer,70.00,piece,70.00,piece,EXCL,18,6810,1.80,0.47,0.35,85.22,85.22,500,Piece,unknown,,NOT_APPLICABLE,,0,,,18.67,lcv,seeded_fallback,2026-08-02T10:43:16.067Z,https://www.exportersindia.com/product-detail/solid-concrete-block-5486526443.htm
p_199e280e1eba6f9e,bricks_blocks,Unbranded AAC block 600×200×75 mm,,hyderabad,Bigbloc Construction Limited,,ExportersIndia,dealer,66.00,piece,66.00,piece,EXCL,18,6810,8.89,0.74,0.35,87.86,87.86,100,Piece,unknown,,NOT_APPLICABLE,,0,,,37.03,tempo,seeded_fallback,2026-08-06T13:07:14.066Z,https://www.exportersindia.com/product-detail/autoclaved-aerated-concrete-fly-ash-blocks-600x200x150-4353848181.htm
p_7f6e249c4dd68d8a,bricks_blocks,Wienerberger Concrete hollow block,Wienerberger,hyderabad,Lepied Associates,Hyderabad,IndiaMART,dealer,75.00,piece,75.00,piece,EXCL,18,6810,0.90,0.47,0.35,90.22,90.22,,,unknown,,NOT_DECLARED,,0,4.2,6,6.29,lcv,seeded_fallback,2026-08-01T10:19:36.058Z,https://www.indiamart.com/proddetail/wienerberger-porotherm-hp-150-hollow-load-bearing-brick-2850384750762.html
p_bfef7a0005af88ed,bricks_blocks,Porotherm Concrete hollow block,Porotherm,hyderabad,G M R Construction Materials,Hyderabad,IndiaMART,dealer,79.00,piece,79.00,piece,EXCL,18,6810,0.90,0.47,0.35,94.94,94.94,,,unknown,,NOT_DECLARED,,0,4,101,14.34,lcv,seeded_fallback,2026-08-01T10:16:26.864Z,https://www.indiamart.com/proddetail/100mm-porotherm-red-hollow-clay-block-22300879230.html
p_db902c865a29482d,bricks_blocks,Porotherm Concrete hollow block,Porotherm,hyderabad,G M R Construction Materials,Hyderabad,IndiaMART,dealer,79.00,piece,79.00,piece,EXCL,18,6810,0.90,0.47,0.35,94.94,94.94,,,unknown,,NOT_DECLARED,,0,4,101,14.34,lcv,seeded_fallback,2026-08-01T10:16:47.810Z,https://www.indiamart.com/proddetail/150mm-porotherm-red-hollow-clay-block-22657401497.html
p_ca71894230a950c5,bricks_blocks,Unbranded CLC block,,hyderabad,Shiva Sai Enterprises,Hyderabad,IndiaMART,dealer,80.00,piece,80.00,piece,EXCL,18,6810,0.90,0.47,0.35,96.12,96.12,,,unknown,,NOT_APPLICABLE,,0,3,4,22.02,lcv,seeded_fallback,2026-08-01T10:17:57.776Z,https://www.indiamart.com/proddetail/8-inch-cellular-lightweight-concrete-brick-2853917430391.html
p_5fe63e057fa86893,bricks_blocks,Unbranded Concrete solid block,,hyderabad,Smart Built Prefab Private Limited,Hyderabad,IndiaMART,dealer,80.00,piece,80.00,piece,EXCL,18,6810,0.90,0.47,0.35,96.12,96.12,,,unknown,,NOT_APPLICABLE,,0,4.3,9,28.85,lcv,seeded_fallback,2026-08-01T10:12:53.579Z,https://www.indiamart.com/proddetail/precast-concrete-blocks-2856938913455.html
p_15d80282f1d583fe,bricks_blocks,Unbranded Concrete hollow block,,hyderabad,Bhandari Stone Cutting And Polishing,Deals in Hyderabad,IndiaMART,dealer,80.00,piece,80.00,piece,EXCL,18,6810,1.03,0.47,0.35,96.25,96.25,,,unknown,,NOT_APPLICABLE,,0,4.2,66,34.37,lcv,seeded_fallback,2026-08-01T10:16:47.810Z,https://www.indiamart.com/proddetail/8-inch-hollow-clay-bricks-2859331618097.html
p_3791cc3a23971b13,bricks_blocks,Unbranded AAC block 200×200×600 mm,,hyderabad,Venkatasai Aerated Bricks Pvt. Ltd.,Hyderabad,IndiaMART,dealer,80.00,piece,80.00,piece,EXCL,18,6810,3.00,2.16,0.35,99.91,99.91,,,unknown,,NOT_APPLICABLE,,0,4.3,8,22.38,10_tyre,seeded_fallback,2026-08-01T10:12:57.213Z,https://www.indiamart.com/proddetail/8-inch-aac-block-21836337188.html
p_1c3213660421a9ff,bricks_blocks,Unbranded Fly ash brick,,hyderabad,Venus National,Hyderabad,IndiaMART,dealer,88.00,piece,88.00,piece,EXCL,12,6815,0.98,0.47,0.35,100.36,100.36,,,unknown,,NOT_APPLICABLE,,0,4.4,7,32.54,lcv,seeded_fallback,2026-08-01T10:13:11.119Z,https://www.indiamart.com/proddetail/fly-ash-bricks-2858127053562.html
p_009819991b02eedf,bricks_blocks,Unbranded Red clay brick 600×200×225 mm,,hyderabad,Arugonda Infratech Private Limited,"Secunderabad, Dist. Hyderabad",IndiaMART,dealer,76.50,piece,76.50,piece,EXCL,12,6904,12.00,7.70,0.35,100.69,100.69,,,unknown,,NOT_APPLICABLE,,0,3.9,45,10.36,10_tyre,seeded_fallback,2026-08-01T10:13:49.641Z,https://www.indiamart.com/proddetail/600x200x225mm-cement-brick-22728047762.html
p_009819991b02eedf,bricks_blocks,Unbranded Red clay brick 600×200×225 mm,,hyderabad,Arugonda Infratech Private Limited,"Secunderabad, Dist. Hyderabad",IndiaMART,dealer,72.00,piece,72.00,piece,EXCL,12,6904,12.00,7.70,0.35,100.69,100.69,,,unknown,,NOT_APPLICABLE,,0,3.9,45,10.36,10_tyre,seeded_fallback,2026-08-01T10:15:58.814Z,https://www.indiamart.com/proddetail/600x200x225mm-lightweight-brick-22569559430.html
p_009819991b02eedf,bricks_blocks,Unbranded Red clay brick 600×200×225 mm,,hyderabad,Arugonda Infratech Private Limited,"Secunderabad, Dist. Hyderabad",IndiaMART,dealer,72.00,piece,72.00,piece,EXCL,12,6904,12.00,7.70,0.35,100.69,100.69,,,unknown,,NOT_APPLICABLE,,0,3.9,45,10.36,10_tyre,seeded_fallback,2026-08-01T10:16:12.608Z,https://www.indiamart.com/proddetail/600x200x225mm-lightweight-brick-22728061148.html
p_5138ef28466c60f7,bricks_blocks,Unbranded Fly ash brick 600×200×230 mm,,hyderabad,Bondada Ecobuild Private Limited,Hyderabad,IndiaMART,dealer,96.00,piece,96.00,piece,EXCL,12,6815,1.60,1.04,0.35,110.51,110.51,,,unknown,,NOT_APPLICABLE,,0,3.8,4,34.76,6_tyre,seeded_fallback,2026-08-01T10:15:58.814Z,https://www.indiamart.com/proddetail/lightweight-fly-ash-bricks-2857471883733.html
p_a81dded9637f41d2,bricks_blocks,Unbranded AAC block 600×200×225 mm,,hyderabad,Manju Marketing,"Jubilee Hills, Hyderabad",IndiaMART,dealer,87.00,piece,87.00,piece,EXCL,18,6810,6.00,2.43,0.35,111.44,111.44,,,unknown,,NOT_APPLICABLE,,0,4.5,34,30.83,10_tyre,computed,2026-08-01T10:12:53.579Z,https://www.indiamart.com/proddetail/9-inch-aac-block-600x200x225-22573686048.html
p_be8020f04efbcc15,bricks_blocks,Unbranded AAC block 230×200×600 mm,,hyderabad,Venkatasai Aerated Bricks Pvt. Ltd.,Hyderabad,IndiaMART,dealer,90.00,piece,90.00,piece,EXCL,18,6810,6.00,2.48,0.35,115.03,115.03,,,unknown,,NOT_APPLICABLE,,0,4.3,8,22.38,10_tyre,seeded_fallback,2026-08-01T10:12:53.579Z,https://www.indiamart.com/proddetail/9-inch-aac-block-21837699730.html
p_3847e3868d4f9963,bricks_blocks,Wienerberger Red clay brick 230×110×75 mm,Wienerberger,hyderabad,Lepied Associates,Hyderabad,IndiaMART,dealer,102.00,piece,102.00,piece,EXCL,12,6904,1.60,0.54,0.35,116.73,116.73,,,unknown,,NOT_DECLARED,,0,4.2,6,6.29,6_tyre,seeded_fallback,2026-08-01T10:16:26.864Z,https://www.indiamart.com/proddetail/wienerberger-porotherm-load-bearing-thermo-brick-2850384771633.html
p_b22248030e4b0418,bricks_blocks,Unbranded CLC block 230×110×70 mm,,hyderabad,Greenstone Building Products Private Limited,"Kukatpally, Hyderabad",IndiaMART,dealer,102.00,piece,102.00,piece,EXCL,18,6810,0.90,0.47,0.35,122.08,122.08,,,unknown,,NOT_APPLICABLE,,0,4.2,5,12.17,lcv,computed,2026-08-01T10:13:08.572Z,https://www.indiamart.com/proddetail/cellular-lightweight-fly-ash-2856214174333.html
p_5de66dab215b0489,bricks_blocks,Unbranded Fly ash brick 250×120×75 mm,,hyderabad,Ncl Buildtek Limited,"Suchitra Junction, Hyderabad",IndiaMART,dealer,110.00,piece,110.00,piece,EXCL,12,6815,0.90,0.47,0.35,124.92,124.92,,,unknown,,NOT_APPLICABLE,,0,4.7,43,27.47,lcv,seeded_fallback,2026-08-01T10:13:18.150Z,https://www.indiamart.com/proddetail/fly-ash-block-2856525224212.html
p_6af41907d87f319d,bricks_blocks,NCL AAC block 600×200×100 mm,NCL,hyderabad,Ncl Buildtek Limited,"Suchitra Junction, Hyderabad",IndiaMART,dealer,110.00,piece,110.00,piece,EXCL,18,6810,1.60,1.08,0.35,132.83,132.83,,,unknown,,NOT_DECLARED,,0,4.7,43,27.47,6_tyre,seeded_fallback,2026-08-01T10:17:50.835Z,https://www.indiamart.com/proddetail/600x200x100mm-ncl-aac-block-2852936987655.html
p_1754820581ab49cc,bricks_blocks,Unbranded block,,hyderabad,Rajasree Corporation,"Erragadda, Hyderabad",IndiaMART,dealer,119.00,piece,119.00,piece,EXCL,18,6810,1.02,0.47,0.35,142.26,142.26,,,unknown,,NOT_APPLICABLE,,0,4.8,27,34.15,lcv,seeded_fallback,2026-08-01T10:17:36.783Z,https://www.indiamart.com/proddetail/70-fire-refractory-bricks-22386060373.html
p_ca4ed8c0f40af64d,bricks_blocks,Unbranded Fly ash brick 230×110×70 mm,,hyderabad,Ncl Buildtek Limited,"Suchitra Junction, Hyderabad",IndiaMART,dealer,150.00,piece,150.00,piece,EXCL,12,6815,0.90,0.47,0.35,169.72,169.72,,,unknown,,NOT_APPLICABLE,,0,4.7,43,27.47,lcv,seeded_fallback,2026-08-01T10:13:08.572Z,https://www.indiamart.com/proddetail/230x110x70mm-fly-ash-bricks-2856705804197.html
p_a19167d473d791f6,bricks_blocks,Aerocon Concrete solid block,Aerocon,hyderabad,SMR International,Hyderabad,IndiaMART,dealer,160.00,piece,160.00,piece,EXCL,18,6810,0.90,0.47,0.35,190.52,190.52,,,unknown,,NOT_DECLARED,,0,4.7,39,14.14,lcv,seeded_fallback,2026-08-01T10:12:53.579Z,https://www.indiamart.com/proddetail/aerocon-concrete-block-17636071891.html
p_8297f68f2b684a70,bricks_blocks,Unbranded block,,vijayawada,Jainco Refractories Private Limited,,ExportersIndia,dealer,350.00,piece,350.00,piece,EXCL,18,6810,98.60,40.00,0.35,,,1,Piece,unknown,,NOT_APPLICABLE,,0,,,26.89,parcel,seeded_fallback,2026-08-01T11:32:35.405Z,https://www.exportersindia.com/product-detail/magnesite-bricks-8743226759.htm
p_4269375df0291d02,bricks_blocks,Unbranded block,,vijayawada,Pioneer Semicon Materials Private,,ExportersIndia,dealer,1000.00,piece,1000.00,piece,EXCL,18,6810,0.90,0.47,0.35,,,,,unknown,,NOT_APPLICABLE,,0,,,25.64,lcv,seeded_fallback,2026-08-06T13:07:53.224Z,https://www.exportersindia.com/product-detail/natural-white-opaque-quartz-glass-bricks-industrial-application-5559203.htm
p_8c310a69ae4fbe48,bricks_blocks,Unbranded Concrete solid block,,vijayawada,Crystal Shine,,ExportersIndia,dealer,1200.00,piece,1200.00,piece,EXCL,18,6810,26.60,4.00,0.35,,,10,Piece,unknown,,NOT_APPLICABLE,,0,,,35.19,parcel,seeded_fallback,2026-08-06T13:07:59.660Z,https://www.exportersindia.com/product-detail/rectangular-crystal-solid-display-block-5797972968.htm
p_c948995f5a5e0ed3,bricks_blocks,Unbranded Concrete solid block,,vijayawada,Vananchal Prefab Concretes,,ExportersIndia,dealer,265.00,piece,265.00,piece,EXCL,18,6810,8.04,0.47,0.35,,,100,Piece,unknown,,NOT_APPLICABLE,,0,,,33.48,tempo,seeded_fallback,2026-08-05T06:30:15.733Z,https://www.exportersindia.com/product-detail/plain-foam-concrete-blocks-6416492.htm
p_bc55663a22ef68e7,bricks_blocks,Unbranded Red clay brick 230×110×75 mm,,vijayawada,BigBMart,Hyderabad,BigBMart,platform,8.00,piece,8.00,piece,INCL,12,6904,1.60,0.54,0.35,3.61,3.61,,,unknown,,NOT_APPLICABLE,,0,,,37.78,6_tyre,seeded_fallback,2026-08-01T00:00:00.000Z,https://bigbmart.com/product/abp-red-brick/
p_bc55663a22ef68e7,bricks_blocks,Unbranded Red clay brick 230×110×75 mm,,vijayawada,BigBMart,Hyderabad,BigBMart,platform,9.00,piece,9.00,piece,INCL,12,6904,1.60,0.54,0.35,3.61,3.61,,,unknown,,NOT_APPLICABLE,,0,,,37.78,6_tyre,seeded_fallback,2026-08-01T00:00:00.000Z,https://bigbmart.com/product/karnataka-red-bricks/
p_bc55663a22ef68e7,bricks_blocks,Unbranded Red clay brick 230×110×75 mm,,vijayawada,Bhikshu Sales Corporation,,ExportersIndia,dealer,6.00,piece,6.00,piece,EXCL,12,6904,0.75,0.54,0.35,3.61,3.61,4000,Piece,unknown,,NOT_APPLICABLE,,0,,,26.04,10_tyre,seeded_fallback,2026-08-06T13:08:13.542Z,https://www.exportersindia.com/product-detail/red-clay-brick-8469196533.htm
p_bc55663a22ef68e7,bricks_blocks,Unbranded Red clay brick 230×110×75 mm,,vijayawada,Shri Bageshwar Dham Sarkar Enterprises,,ExportersIndia,dealer,7.00,piece,7.00,piece,EXCL,12,6904,1.20,0.54,0.35,3.61,3.61,5000,Piece,unknown,,NOT_APPLICABLE,,0,,,23.46,10_tyre,seeded_fallback,2026-08-06T13:07:49.987Z,https://www.exportersindia.com/product-detail/cuboidal-red-clay-brick-5966179476.htm
p_bc55663a22ef68e7,bricks_blocks,Unbranded Red clay brick 230×110×75 mm,,vijayawada,SS Constructions,,ExportersIndia,dealer,7.00,piece,7.00,piece,EXCL,12,6904,101.66,40.00,0.35,3.61,3.61,1,Tonne,unknown,,NOT_APPLICABLE,,0,,,32.5,parcel,seeded_fallback,2026-08-06T13:08:13.542Z,https://www.exportersindia.com/product-detail/rectangular-red-clay-bricks-8368161338.htm
p_bc55663a22ef68e7,bricks_blocks,Unbranded Red clay brick 230×110×75 mm,,vijayawada,Sarthi International,,ExportersIndia,dealer,8.00,piece,8.00,piece,EXCL,12,6904,0.72,0.54,0.35,3.61,3.61,50000,Piece,unknown,,NOT_APPLICABLE,,0,,,32.69,10_tyre,seeded_fallback,2026-08-06T13:07:53.224Z,https://www.exportersindia.com/product-detail/standard-red-clay-bricks-8418933.htm
p_bc55663a22ef68e7,bricks_blocks,Unbranded Red clay brick 230×110×75 mm,,vijayawada,Radhika Enterprises,,ExportersIndia,dealer,8.00,piece,8.00,piece,EXCL,12,6904,0.80,0.54,0.35,3.61,3.61,2000,Piece,unknown,,NOT_APPLICABLE,,0,,,15.12,6_tyre,seeded_fallback,2026-08-06T13:08:24.079Z,https://www.exportersindia.com/product-detail/red-clay-bricks-2376324418.htm
p_bc55663a22ef68e7,bricks_blocks,Unbranded Red clay brick 230×110×75 mm,,vijayawada,Panorama Pvt. Ltd.,,ExportersIndia,dealer,6.00,piece,6.00,piece,EXCL,12,6904,1.60,0.54,0.35,3.61,3.61,1000,Piece,unknown,,NOT_APPLICABLE,,0,,,33.87,6_tyre,seeded_fallback,2026-08-06T13:08:13.542Z,https://www.exportersindia.com/product-detail/construction-red-clay-bricks-7697818832.htm
p_bc55663a22ef68e7,bricks_blocks,Unbranded Red clay brick 230×110×75 mm,,vijayawada,VKalp Exim,,ExportersIndia,dealer,25.00,piece,25.00,piece,EXCL,12,6904,1.60,0.54,0.35,3.61,3.61,,,unknown,,NOT_APPLICABLE,,0,,,34.4,6_tyre,seeded_fallback,2026-08-06T13:04:41.312Z,https://www.exportersindia.com/product-detail/acc-rectangular-alumina-fire-brick-5268999.htm
p_bc55663a22ef68e7,bricks_blocks,Unbranded Red clay brick 230×110×75 mm,,vijayawada,Sukarma Enterprises,,ExportersIndia,dealer,9.00,piece,9.00,piece,EXCL,12,6904,1.60,0.54,0.35,3.61,3.61,1000,Piece,unknown,,NOT_APPLICABLE,,0,,,33.76,6_tyre,seeded_fallback,2026-08-02T10:43:09.441Z,https://www.exportersindia.com/product-detail/side-wall-cement-brick-4543145778.htm
p_bc55663a22ef68e7,bricks_blocks,Unbranded Red clay brick 230×110×75 mm,,vijayawada,Ambedkar Glass Cullet Enterprise,,ExportersIndia,dealer,23.00,piece,23.00,piece,EXCL,12,6904,1.20,0.54,0.35,3.61,3.61,5000,Piece,unknown,,NOT_APPLICABLE,,0,,,10.84,10_tyre,seeded_fallback,2026-08-06T13:04:41.312Z,https://www.exportersindia.com/product-detail/cement-bricks-8438571572.htm
p_bc55663a22ef68e7,bricks_blocks,Unbranded Red clay brick 230×110×75 mm,,vijayawada,Yaduvanshi Trading Company,,ExportersIndia,dealer,11.00,piece,11.00,piece,EXCL,12,6904,0.80,0.54,0.35,3.61,3.61,2000,Piece,unknown,,NOT_APPLICABLE,,0,,,25.22,6_tyre,seeded_fallback,2026-08-02T10:43:06.058Z,https://www.exportersindia.com/product-detail/cement-stone-dust-brick-7421538552.htm
p_bc55663a22ef68e7,bricks_blocks,Unbranded Red clay brick 230×110×75 mm,,vijayawada,Tattvam Vyapaar Private Limited,,ExportersIndia,dealer,200.00,piece,200.00,piece,EXCL,12,6904,61.66,20.00,0.35,3.61,3.61,2,Tonne,unknown,,NOT_APPLICABLE,,0,,,23.2,parcel,seeded_fallback,2026-08-06T13:07:46.453Z,https://www.exportersindia.com/product-detail/magnesia-brick-7765868143.htm
p_bc55663a22ef68e7,bricks_blocks,Unbranded Red clay brick 230×110×75 mm,,vijayawada,S.R.A Bricks,,ExportersIndia,dealer,5.00,piece,5.00,piece,EXCL,12,6904,1.60,0.54,0.35,3.61,3.61,1000,Piece,unknown,,NOT_APPLICABLE,,0,,,35.73,6_tyre,seeded_fallback,2026-08-02T10:48:14.584Z,https://www.exportersindia.com/product-detail/rectangular-wire-cut-bricks-6270430.htm
p_bc55663a22ef68e7,bricks_blocks,Unbranded Red clay brick 230×110×75 mm,,vijayawada,Ved Impex,,ExportersIndia,dealer,30.00,piece,30.00,piece,EXCL,12,6904,1.00,0.54,0.35,3.61,3.61,3000,Piece,unknown,,NOT_APPLICABLE,,0,,,18.35,10_tyre,seeded_fallback,2026-08-06T13:08:18.250Z,https://www.exportersindia.com/product-detail/terracotta-brick-9928966794.htm
p_bc55663a22ef68e7,bricks_blocks,Unbranded Red clay brick 230×110×75 mm,,vijayawada,Sukarma Enterprises,,ExportersIndia,dealer,180.00,piece,180.00,piece,EXCL,12,6904,1.60,0.54,0.35,3.61,3.61,1000,Piece,unknown,,NOT_APPLICABLE,,0,,,33.76,6_tyre,seeded_fallback,2026-08-06T13:07:38.524Z,https://www.exportersindia.com/product-detail/grey-cement-brick-6913398768.htm
p_bc55663a22ef68e7,bricks_blocks,Unbranded Red clay brick 230×110×75 mm,,vijayawada,Parshwa Cement,,ExportersIndia,dealer,4.50,piece,4.50,piece,EXCL,12,6904,4.50,0.54,0.35,3.61,3.61,100,Tonne,unknown,,NOT_APPLICABLE,,0,,,10.45,tempo,seeded_fallback,2026-08-06T13:01:48.173Z,https://www.exportersindia.com/product-detail/cement-interlocking-bricks-7323314397.htm
p_bc55663a22ef68e7,bricks_blocks,Unbranded Red clay brick 230×110×75 mm,,vijayawada,DK Bricks,,ExportersIndia,dealer,7.00,piece,7.00,piece,EXCL,12,6904,1.20,0.54,0.35,3.61,3.61,5000,Piece,unknown,,NOT_APPLICABLE,,0,,,25.07,10_tyre,seeded_fallback,2026-08-06T13:08:18.250Z,https://www.exportersindia.com/product-detail/clay-red-brick-4869946444.htm
p_bc55663a22ef68e7,bricks_blocks,Unbranded Red clay brick 230×110×75 mm,,vijayawada,Karimnagar Red Bricks,,ExportersIndia,dealer,9.00,piece,9.00,piece,EXCL,12,6904,1.20,0.54,0.35,3.61,3.61,5000,Piece,unknown,,NOT_APPLICABLE,,0,,,25.89,10_tyre,seeded_fallback,2026-08-06T13:04:43.981Z,https://www.exportersindia.com/product-detail/70mm-pvc-red-clay-brick-4313697832.htm
p_bc55663a22ef68e7,bricks_blocks,Unbranded Red clay brick 230×110×75 mm,,vijayawada,PSK Traders,,ExportersIndia,dealer,8.00,piece,8.00,piece,EXCL,12,6904,1.20,0.54,0.35,3.61,3.61,2500,Piece,unknown,,NOT_APPLICABLE,,0,,,20.15,10_tyre,seeded_fallback,2026-08-06T13:07:49.987Z,https://www.exportersindia.com/product-detail/red-clay-bricks-3737668697.htm
p_bc55663a22ef68e7,bricks_blocks,Unbranded Red clay brick 230×110×75 mm,,vijayawada,Bhucar Tavdi,,ExportersIndia,dealer,5.50,piece,5.50,piece,EXCL,12,6904,1.60,0.54,0.35,3.61,3.61,1000,Piece,unknown,,NOT_APPLICABLE,,0,,,39.86,6_tyre,seeded_fallback,2026-08-06T13:04:50.537Z,https://www.exportersindia.com/product-detail/heritage-clay-brick-2198618763.htm
p_bc55663a22ef68e7,bricks_blocks,Unbranded Red clay brick 230×110×75 mm,,vijayawada,Yash Enterprises,,ExportersIndia,dealer,1.00,piece,1.00,piece,EXCL,12,6904,1.60,0.54,0.35,3.61,3.61,,,unknown,,NOT_APPLICABLE,,0,,,39.13,6_tyre,seeded_fallback,2026-08-06T13:04:47.045Z,https://www.exportersindia.com/product-detail/clay-bricks-6854765149.htm
p_bc55663a22ef68e7,bricks_blocks,Unbranded Red clay brick 230×110×75 mm,,vijayawada,Bhagyashri Associates,,ExportersIndia,dealer,72.00,piece,72.00,piece,EXCL,12,6904,4.50,0.54,0.35,3.61,3.61,100,Kg,unknown,,NOT_APPLICABLE,,0,,,6.78,tempo,seeded_fallback,2026-08-06T13:07:49.987Z,https://www.exportersindia.com/product-detail/1-kg-natural-jaggery-brick-4446191753.htm
p_bc55663a22ef68e7,bricks_blocks,Unbranded Red clay brick 230×110×75 mm,,vijayawada,Bappa Enterprise,,ExportersIndia,dealer,14.00,piece,14.00,piece,EXCL,12,6904,0.72,0.54,0.35,3.61,3.61,50000,Piece,unknown,,NOT_APPLICABLE,,0,,,28.39,10_tyre,seeded_fallback,2026-08-06T13:07:53.224Z,https://www.exportersindia.com/product-detail/red-bricks-9492982753.htm
p_bc55663a22ef68e7,bricks_blocks,Unbranded Red clay brick 230×110×75 mm,,vijayawada,DM Export,,ExportersIndia,dealer,7.50,piece,7.50,piece,EXCL,12,6904,1.60,0.54,0.35,3.61,3.61,1000,Piece,unknown,,NOT_APPLICABLE,,0,,,31.45,6_tyre,seeded_fallback,2026-08-06T13:07:53.224Z,https://www.exportersindia.com/product-detail/red-clay-bricks-5983223569.htm
p_bc55663a22ef68e7,bricks_blocks,Unbranded Red clay brick 230×110×75 mm,,vijayawada,Karimnagar Red Bricks,,ExportersIndia,dealer,9.00,piece,9.00,piece,EXCL,12,6904,1.20,0.54,0.35,3.61,3.61,5000,Piece,unknown,,NOT_APPLICABLE,,0,,,25.89,10_tyre,seeded_fallback,2026-08-05T06:33:03.607Z,https://www.exportersindia.com/product-detail/40mm-pvc-red-clay-brick-8728315.htm
p_bc55663a22ef68e7,bricks_blocks,Unbranded Red clay brick 230×110×75 mm,,vijayawada,Yash Enterprises,,ExportersIndia,dealer,1.00,piece,1.00,piece,EXCL,12,6904,1.60,0.54,0.35,3.61,3.61,,,unknown,,NOT_APPLICABLE,,0,,,39.13,6_tyre,seeded_fallback,2026-08-06T13:07:49.987Z,https://www.exportersindia.com/product-detail/laterite-brick-7475142453.htm
p_bc55663a22ef68e7,bricks_blocks,Unbranded Red clay brick 230×110×75 mm,,vijayawada,Bhagyashri Associates,,ExportersIndia,dealer,67.00,piece,67.00,piece,EXCL,12,6904,4.50,0.54,0.35,3.61,3.61,100,Kg,unknown,,NOT_APPLICABLE,,0,,,6.78,tempo,seeded_fallback,2026-08-01T13:44:20.939Z,https://www.exportersindia.com/product-detail/950-gm-natural-jaggery-brick-6326819784.htm
p_bc55663a22ef68e7,bricks_blocks,Unbranded Red clay brick 230×110×75 mm,,vijayawada,Om Transport,,ExportersIndia,dealer,55.00,piece,55.00,piece,EXCL,12,6904,5.58,0.54,0.35,3.61,3.61,100,Piece,unknown,,NOT_APPLICABLE,,0,,,23.27,tempo,seeded_fallback,2026-08-06T13:07:49.987Z,https://www.exportersindia.com/product-detail/red-laterite-stone-hardscaping-brick-5584111714.htm
p_bc55663a22ef68e7,bricks_blocks,Unbranded Red clay brick 230×110×75 mm,,vijayawada,Bhagyashri Associates,,ExportersIndia,dealer,41.00,piece,41.00,piece,EXCL,12,6904,4.50,0.54,0.35,3.61,3.61,100,Kg,unknown,,NOT_APPLICABLE,,0,,,6.78,tempo,seeded_fallback,2026-08-06T13:07:46.453Z,https://www.exportersindia.com/product-detail/500-gm-natural-jaggery-brick-7742215165.htm
p_bc55663a22ef68e7,bricks_blocks,Unbranded Red clay brick 230×110×75 mm,,vijayawada,SRI Durga Bhavani Flyash Bricks,Mylavaram,ExportersIndia,dealer,10.00,piece,10.00,piece,EXCL,12,6904,0.90,0.54,0.35,3.61,3.61,10000,Piece,unknown,,NOT_APPLICABLE,,0,,,26.09,10_tyre,seeded_fallback,2026-08-06T13:08:13.542Z,https://www.exportersindia.com/product-detail/red-clay-bricks-8431235129.htm
p_bc55663a22ef68e7,bricks_blocks,Unbranded Red clay brick 230×110×75 mm,,vijayawada,Karimnagar Red Bricks,,ExportersIndia,dealer,9.00,piece,9.00,piece,EXCL,12,6904,1.20,0.54,0.35,3.61,3.61,5000,Piece,unknown,,NOT_APPLICABLE,,0,,,25.89,10_tyre,seeded_fallback,2026-08-06T13:08:13.542Z,https://www.exportersindia.com/product-detail/75mm-red-clay-brick-8728753.htm
p_bc55663a22ef68e7,bricks_blocks,Unbranded Red clay brick 230×110×75 mm,,vijayawada,Bhucar Tavdi,,ExportersIndia,dealer,5.50,piece,5.50,piece,EXCL,12,6904,1.60,0.54,0.35,3.61,3.61,1000,Piece,unknown,,NOT_APPLICABLE,,0,,,39.86,6_tyre,seeded_fallback,2026-08-02T10:48:18.072Z,https://www.exportersindia.com/product-detail/clay-edge-brick-4577328624.htm
p_bc55663a22ef68e7,bricks_blocks,Unbranded Red clay brick 230×110×75 mm,,vijayawada,Shree Tirupati Refractories & Ceramics,,ExportersIndia,dealer,35.00,piece,35.00,piece,EXCL,12,6904,1.60,0.54,0.35,3.61,3.61,,,unknown,,NOT_APPLICABLE,,0,,,31.4,6_tyre,seeded_fallback,2026-08-06T13:05:14.901Z,https://www.exportersindia.com/product-detail/fire-clay-bricks-3894196564.htm
p_bc55663a22ef68e7,bricks_blocks,Unbranded Red clay brick 230×110×75 mm,,vijayawada,Karimnagar Red Bricks,,ExportersIndia,dealer,9.00,piece,9.00,piece,EXCL,12,6904,1.20,0.54,0.35,3.61,3.61,5000,Piece,unknown,,NOT_APPLICABLE,,0,,,25.89,10_tyre,seeded_fallback,2026-08-06T13:07:46.453Z,https://www.exportersindia.com/product-detail/70mm-svb-red-clay-brick-3516624236.htm
p_bc55663a22ef68e7,bricks_blocks,Unbranded Red clay brick 230×110×75 mm,,vijayawada,Karimnagar Red Bricks,,ExportersIndia,dealer,9.00,piece,9.00,piece,EXCL,12,6904,1.20,0.54,0.35,3.61,3.61,5000,Piece,unknown,,NOT_APPLICABLE,,0,,,25.89,10_tyre,seeded_fallback,2026-08-01T15:18:38.192Z,https://www.exportersindia.com/product-detail/40mm-red-clay-brick-4612528623.htm
p_bc55663a22ef68e7,bricks_blocks,Unbranded Red clay brick 230×110×75 mm,,vijayawada,Bhucar Tavdi,,ExportersIndia,dealer,5.50,piece,5.50,piece,EXCL,12,6904,1.60,0.54,0.35,3.61,3.61,1000,Piece,unknown,,NOT_APPLICABLE,,0,,,39.86,6_tyre,seeded_fallback,2026-08-01T15:18:57.416Z,https://www.exportersindia.com/product-detail/clay-earthtone-brick-1165875929.htm
p_bc55663a22ef68e7,bricks_blocks,Unbranded Red clay brick 230×110×75 mm,,vijayawada,Kalyani Systems,,ExportersIndia,dealer,32.00,piece,32.00,piece,EXCL,12,6904,1.60,0.54,0.35,3.61,3.61,1000,Piece,unknown,,NOT_APPLICABLE,,0,,,28,6_tyre,seeded_fallback,2026-08-01T15:21:59.833Z,https://www.exportersindia.com/product-detail/acid-proof-bricks-2188442.htm
p_bc55663a22ef68e7,bricks_blocks,Unbranded Red clay brick 230×110×75 mm,,vijayawada,Bhucar Tavdi,,ExportersIndia,dealer,5.50,piece,5.50,piece,EXCL,12,6904,1.60,0.54,0.35,3.61,3.61,1000,Piece,unknown,,NOT_APPLICABLE,,0,,,39.86,6_tyre,seeded_fallback,2026-08-05T06:33:07.068Z,https://www.exportersindia.com/product-detail/cladding-clay-brick-5367589312.htm
p_bc55663a22ef68e7,bricks_blocks,Unbranded Red clay brick 230×110×75 mm,,vijayawada,VKalp Exim,,ExportersIndia,dealer,25.00,piece,25.00,piece,EXCL,12,6904,1.60,0.54,0.35,3.61,3.61,,,unknown,,NOT_APPLICABLE,,0,,,34.4,6_tyre,seeded_fallback,2026-08-02T10:48:10.155Z,https://www.exportersindia.com/product-detail/rectangular-ceramic-rectangle-fire-brick-5268996.htm
p_bc55663a22ef68e7,bricks_blocks,Unbranded Red clay brick 230×110×75 mm,,vijayawada,Karimnagar Red Bricks,,ExportersIndia,dealer,9.00,piece,9.00,piece,EXCL,12,6904,1.20,0.54,0.35,3.61,3.61,5000,Piece,unknown,,NOT_APPLICABLE,,0,,,25.89,10_tyre,seeded_fallback,2026-08-02T10:43:09.441Z,https://www.exportersindia.com/product-detail/75mm-pvc-red-clay-brick-8728311.htm
p_bc55663a22ef68e7,bricks_blocks,Unbranded Red clay brick 230×110×75 mm,,vijayawada,Kalyani Systems,,ExportersIndia,dealer,36.00,piece,36.00,piece,EXCL,12,6904,37.66,8.00,0.35,3.61,3.61,5,Tonne,unknown,,NOT_APPLICABLE,,0,,,28,parcel,seeded_fallback,2026-08-05T06:33:00.613Z,https://www.exportersindia.com/product-detail/insulation-bricks-2007192.htm
p_bc55663a22ef68e7,bricks_blocks,Unbranded Red clay brick 230×110×75 mm,,vijayawada,DK Bricks,,ExportersIndia,dealer,5.00,piece,5.00,piece,EXCL,12,6904,1.20,0.54,0.35,3.61,3.61,5000,Piece,unknown,,NOT_APPLICABLE,,0,,,25.07,10_tyre,seeded_fallback,2026-08-06T13:07:38.524Z,https://www.exportersindia.com/product-detail/rectangular-red-brick-1749249127.htm
p_bc55663a22ef68e7,bricks_blocks,Unbranded Red clay brick 230×110×75 mm,,vijayawada,Sukarma Enterprises,,ExportersIndia,dealer,10.00,piece,10.00,piece,EXCL,12,6904,1.60,0.54,0.35,3.61,3.61,1000,Piece,unknown,,NOT_APPLICABLE,,0,,,33.76,6_tyre,seeded_fallback,2026-08-06T13:04:41.312Z,https://www.exportersindia.com/product-detail/grey-rectangular-cement-brick-9931896988.htm
p_bc55663a22ef68e7,bricks_blocks,Unbranded Red clay brick 230×110×75 mm,,vijayawada,Bhucar Tavdi,,ExportersIndia,dealer,5.50,piece,5.50,piece,EXCL,12,6904,1.60,0.54,0.35,3.61,3.61,1000,Piece,unknown,,NOT_APPLICABLE,,0,,,39.86,6_tyre,seeded_fallback,2026-08-06T13:04:47.045Z,https://www.exportersindia.com/product-detail/clay-dotted-brick-2475896128.htm
p_baca213f07a9b47f,bricks_blocks,Unbranded Concrete solid block,,vijayawada,Karis Building Products LLP,,ExportersIndia,dealer,2.50,piece,2.50,piece,EXCL,18,6810,0.60,0.47,0.35,4.37,4.37,10000,Piece,unknown,,NOT_APPLICABLE,,0,,,16.72,10_tyre,seeded_fallback,2026-08-06T13:07:59.660Z,https://www.exportersindia.com/product-detail/25mm-round-concrete-cover-block-6658782486.htm
p_04a5c463bf795658,bricks_blocks,Unbranded Fly ash brick,,vijayawada,Narbada Enterprises,,ExportersIndia,dealer,4.00,piece,4.00,piece,EXCL,12,6815,0.60,0.47,0.35,5.90,5.90,10000,Piece,unknown,,NOT_APPLICABLE,,0,,,38.63,10_tyre,seeded_fallback,2026-08-06T13:04:41.312Z,https://www.exportersindia.com/product-detail/fly-ash-bricks-9532874777.htm
p_dfaefd68dbc87a23,bricks_blocks,Unbranded Fly ash brick,,vijayawada,Narbada Enterprises,,ExportersIndia,dealer,4.00,piece,4.00,piece,EXCL,12,6815,0.60,0.47,0.35,5.90,5.90,10000,Piece,unknown,,NOT_APPLICABLE,,0,,,38.63,10_tyre,seeded_fallback,2026-08-02T10:48:18.072Z,https://www.exportersindia.com/product-detail/cement-fly-ash-bricks-5972996426.htm
p_56a893b7971281ad,bricks_blocks,Unbranded Fly ash brick,,vijayawada,Yaduvanshi Trading Company,,ExportersIndia,dealer,4.00,piece,4.00,piece,EXCL,12,6815,0.90,0.47,0.35,6.20,6.20,,,unknown,,NOT_APPLICABLE,,0,,,25.22,lcv,seeded_fallback,2026-08-06T13:04:41.312Z,https://www.exportersindia.com/product-detail/fly-ash-brick-4958531316.htm
p_bcd64de70a2e8982,bricks_blocks,Unbranded Fly ash brick,,vijayawada,Parshwa Cement,,ExportersIndia,dealer,4.50,piece,4.50,piece,EXCL,12,6815,0.60,0.47,0.35,6.46,6.46,100000,Piece,unknown,,NOT_APPLICABLE,,0,,,10.45,10_tyre,seeded_fallback,2026-08-01T11:35:30.833Z,https://www.exportersindia.com/product-detail/rectangular-fly-ash-bricks-3858146689.htm
p_f59a448d0d3f052d,bricks_blocks,Unbranded Fly ash brick,,vijayawada,Parshwa Cement,,ExportersIndia,dealer,4.50,piece,4.50,piece,EXCL,12,6815,0.60,0.47,0.35,6.46,6.46,10000,Piece,unknown,,NOT_APPLICABLE,,0,,,10.45,10_tyre,seeded_fallback,2026-08-01T15:21:59.833Z,https://www.exportersindia.com/product-detail/side-walls-partition-walls-fly-ash-brick-9554152513.htm
p_2936365e1ce89a97,bricks_blocks,Unbranded Fly ash brick,,vijayawada,Bhikshu Sales Corporation,,ExportersIndia,dealer,4.50,piece,4.50,piece,EXCL,12,6815,0.75,0.47,0.35,6.61,6.61,4000,Piece,unknown,,NOT_APPLICABLE,,0,,,26.04,10_tyre,seeded_fallback,2026-08-05T06:33:03.607Z,https://www.exportersindia.com/product-detail/fly-ash-bricks-1455796644.htm
p_7777ce6b0569527a,bricks_blocks,Unbranded Fly ash brick,,vijayawada,DK Bricks,,ExportersIndia,dealer,5.00,piece,5.00,piece,EXCL,12,6815,0.60,0.47,0.35,7.02,7.02,5000,Piece,unknown,,NOT_APPLICABLE,,0,,,25.07,10_tyre,seeded_fallback,2026-08-05T06:33:00.613Z,https://www.exportersindia.com/product-detail/fly-ash-brick-5333519797.htm
p_7dfb257159e5ab61,bricks_blocks,Unbranded block,,vijayawada,Ankush Concrete Works,,ExportersIndia,dealer,3.00,piece,3.00,piece,EXCL,18,6810,4.50,0.47,0.35,8.86,8.86,100,Piece,unknown,,NOT_APPLICABLE,,0,,,9.79,tempo,seeded_fallback,2026-08-06T13:07:43.285Z,https://www.exportersindia.com/product-detail/rcc-bricks-4527499414.htm
p_3a924d0b0b6f95df,bricks_blocks,Unbranded Concrete solid block,,vijayawada,Shama Concrete Works,,ExportersIndia,dealer,3.00,piece,3.00,piece,EXCL,18,6810,4.67,0.47,0.35,9.03,9.03,100,Piece,unknown,,NOT_APPLICABLE,,0,,,19.44,tempo,seeded_fallback,2026-08-06T13:05:00.842Z,https://www.exportersindia.com/product-detail/concrete-paver-blocks-9425714186.htm
p_ff9ce36343ee7c4c,bricks_blocks,Unbranded Fly ash brick,,vijayawada,Sakthivel Precast Industries,,ExportersIndia,dealer,7.00,piece,7.00,piece,EXCL,12,6815,0.60,0.47,0.35,9.26,9.26,10000,Piece,unknown,,NOT_APPLICABLE,,0,,,39.29,10_tyre,seeded_fallback,2026-08-06T13:07:43.285Z,https://www.exportersindia.com/product-detail/manual-flyash-bricks-1375992132.htm
p_a442b6917217b7fb,bricks_blocks,Unbranded Fly ash brick,,vijayawada,BigBMart,Hyderabad,BigBMart,platform,7.50,piece,7.50,piece,INCL,12,6815,1.13,0.47,0.35,9.45,9.45,,,unknown,,NOT_APPLICABLE,,0,,,37.78,lcv,seeded_fallback,2026-08-01T00:00:00.000Z,https://bigbmart.com/product/fly-ash-bricks/
p_e6a1430f6feeb3d4,bricks_blocks,Unbranded Concrete solid block,,vijayawada,Ankush Concrete Works,,ExportersIndia,dealer,3.50,piece,3.50,piece,EXCL,18,6810,4.50,0.47,0.35,9.45,9.45,100,Piece,unknown,,NOT_APPLICABLE,,0,,,9.79,tempo,seeded_fallback,2026-08-06T13:07:59.660Z,https://www.exportersindia.com/product-detail/40mm-round-concrete-cover-block-3846547236.htm
p_087a70434b11c792,bricks_blocks,Unbranded Fly ash brick,,vijayawada,CK Elnet Pvt Ltd,,ExportersIndia,dealer,7.20,piece,7.20,piece,EXCL,12,6815,0.60,0.47,0.35,9.48,9.48,10000,Piece,unknown,,NOT_APPLICABLE,,0,,,25.35,10_tyre,seeded_fallback,2026-08-06T13:04:41.312Z,https://www.exportersindia.com/product-detail/cement-fly-ash-brick-6442997.htm
p_61f5da4a7edb725a,bricks_blocks,Unbranded Concrete hollow block,,vijayawada,Infinia Industries Private Limited,,ExportersIndia,dealer,7.00,piece,7.00,piece,EXCL,18,6810,1.00,0.47,0.35,10.08,10.08,3000,Piece,unknown,,NOT_APPLICABLE,,0,,,40.68,10_tyre,seeded_fallback,2026-08-06T13:08:13.542Z,https://www.exportersindia.com/product-detail/cm203-clay-solid-bricks-2855718255.htm
p_6d1496bcf641ab4e,bricks_blocks,Unbranded Concrete solid block,,vijayawada,BigBMart,Hyderabad,BigBMart,platform,9.00,piece,9.00,piece,INCL,18,6810,1.13,0.47,0.35,10.95,10.95,,,unknown,,NOT_APPLICABLE,,0,,,37.78,lcv,seeded_fallback,2026-08-01T00:00:00.000Z,https://bigbmart.com/product/cement-solid-blocks/
p_5a012d9b376a4936,bricks_blocks,Unbranded Concrete solid block,,vijayawada,CK Elnet Pvt Ltd,,ExportersIndia,dealer,8.20,piece,8.20,piece,EXCL,18,6810,0.60,0.47,0.35,11.10,11.10,10000,Piece,unknown,,NOT_APPLICABLE,,0,,,25.35,10_tyre,seeded_fallback,2026-08-06T13:07:38.524Z,https://www.exportersindia.com/product-detail/gray-concrete-bricks-6292383.htm
p_72c95fa3e9888605,bricks_blocks,Karimnagar SRB Red clay brick 230×110×75 mm,Karimnagar SRB,vijayawada,BigBMart,Hyderabad,BigBMart,platform,9.00,piece,9.00,piece,INCL,12,6904,1.60,0.54,0.35,11.49,11.49,,,unknown,,NOT_DECLARED,,0,,,37.78,6_tyre,seeded_fallback,2026-08-01T00:00:00.000Z,https://bigbmart.com/product/karimnagar-srb-red-bricks/
p_ab92f9f66ac541c4,bricks_blocks,Unbranded Fly ash brick,,vijayawada,NRV Infra Solutions Pvt. Ltd.,,ExportersIndia,dealer,9.00,piece,9.00,piece,EXCL,12,6815,0.90,0.47,0.35,11.80,11.80,1000,Piece,unknown,,NOT_APPLICABLE,,0,,,26.27,lcv,seeded_fallback,2026-08-02T10:48:21.243Z,https://www.exportersindia.com/product-detail/fly-ash-8775681.htm
p_95964fbbaf6a7c56,bricks_blocks,Karimnagar ABN block,Karimnagar ABN,vijayawada,BigBMart,Hyderabad,BigBMart,platform,10.00,piece,10.00,piece,INCL,18,6810,1.13,0.47,0.35,11.94,11.94,,,unknown,,NOT_DECLARED,,0,,,37.78,lcv,seeded_fallback,2026-08-01T00:00:00.000Z,https://bigbmart.com/product/karimnagar-abn-bricks/
p_ff961df2175610ba,bricks_blocks,Karimnagar ABP Red clay brick 230×110×75 mm,Karimnagar ABP,vijayawada,BigBMart,Hyderabad,BigBMart,platform,10.00,piece,10.00,piece,INCL,12,6904,1.60,0.54,0.35,12.49,12.49,,,unknown,,NOT_DECLARED,,0,,,37.78,6_tyre,seeded_fallback,2026-08-01T00:00:00.000Z,https://bigbmart.com/product/karimnagar-abp-red-brick/
p_d15c51d2837c9e0f,bricks_blocks,Unbranded Fly ash brick,,vijayawada,L I Antony,,ExportersIndia,dealer,10.00,piece,10.00,piece,EXCL,12,6815,0.60,0.47,0.35,12.62,12.62,10000,Piece,unknown,,NOT_APPLICABLE,,0,,,14.55,10_tyre,seeded_fallback,2026-08-06T13:07:43.285Z,https://www.exportersindia.com/product-detail/fly-ash-bricks-8252335.htm
p_495bf61cdc57ea6a,bricks_blocks,Unbranded Fly ash brick,,vijayawada,SRI Durga Bhavani Flyash Bricks,Mylavaram,ExportersIndia,dealer,10.00,piece,10.00,piece,EXCL,12,6815,0.60,0.47,0.35,12.62,12.62,10000,Piece,unknown,,NOT_APPLICABLE,,0,,,26.09,10_tyre,seeded_fallback,2026-08-02T10:48:10.155Z,https://www.exportersindia.com/product-detail/fly-ash-brick-9x4x3-amp-quot-6382363394.htm
p_b1070260987c5321,bricks_blocks,Unbranded Concrete solid block,,vijayawada,Shri Bageshwar Dham Sarkar Enterprises,,ExportersIndia,dealer,9.50,piece,9.50,piece,EXCL,18,6810,0.60,0.47,0.35,12.63,12.63,5000,Piece,unknown,,NOT_APPLICABLE,,0,,,23.46,10_tyre,seeded_fallback,2026-08-01T13:44:37.956Z,https://www.exportersindia.com/product-detail/i-shape-grey-concrete-paver-block-7851529179.htm
p_ace7682b6162f4cc,bricks_blocks,Karimnagar VBI Red clay brick 230×110×75 mm,Karimnagar VBI,vijayawada,BigBMart,Hyderabad,BigBMart,platform,10.30,piece,10.30,piece,INCL,12,6904,1.60,0.54,0.35,12.79,12.79,,,unknown,,NOT_DECLARED,,0,,,37.78,6_tyre,seeded_fallback,2026-08-01T00:00:00.000Z,https://bigbmart.com/product/karimnagar-vbi-red-brick/
p_9cb402f7598624e8,bricks_blocks,Karimnagar SVT Red clay brick 230×110×75 mm,Karimnagar SVT,vijayawada,BigBMart,Hyderabad,BigBMart,platform,10.50,piece,10.50,piece,INCL,12,6904,1.60,0.54,0.35,13.00,13.00,,,unknown,,NOT_DECLARED,,0,,,37.78,6_tyre,seeded_fallback,2026-08-01T00:00:00.000Z,https://bigbmart.com/product/karimnagar-svt-red-bricks/
p_c2a88aa6beac1e7f,bricks_blocks,Karimnagar VBS Red clay brick 230×110×75 mm,Karimnagar VBS,vijayawada,BigBMart,Hyderabad,BigBMart,platform,10.50,piece,10.50,piece,INCL,12,6904,1.60,0.54,0.35,13.00,13.00,,,unknown,,NOT_DECLARED,,0,,,37.78,6_tyre,seeded_fallback,2026-08-01T00:00:00.000Z,https://bigbmart.com/product/karimnagar-vbs-red-brick/
p_bace87c2759eb8a4,bricks_blocks,Unbranded Concrete solid block,,vijayawada,Shri Bageshwar Dham Sarkar Enterprises,,ExportersIndia,dealer,10.00,piece,10.00,piece,EXCL,18,6810,0.60,0.47,0.35,13.22,13.22,5000,Piece,unknown,,NOT_APPLICABLE,,0,,,23.46,10_tyre,seeded_fallback,2026-08-01T11:35:50.375Z,https://www.exportersindia.com/product-detail/i-shape-red-concrete-paver-block-6782562554.htm
p_afa6de0beafbdffc,bricks_blocks,Unbranded Concrete solid block,,vijayawada,Shri Bageshwar Dham Sarkar Enterprises,,ExportersIndia,dealer,10.00,piece,10.00,piece,EXCL,18,6810,0.60,0.47,0.35,13.22,13.22,5000,Piece,unknown,,NOT_APPLICABLE,,0,,,23.46,10_tyre,seeded_fallback,2026-08-01T15:18:48.837Z,https://www.exportersindia.com/product-detail/zig-zag-shape-grey-concrete-paver-block-3881791873.htm
p_5534b2dd9ddf376f,bricks_blocks,Karimnagar MBC Red clay brick 230×110×75 mm,Karimnagar MBC,vijayawada,BigBMart,Hyderabad,BigBMart,platform,11.20,piece,11.20,piece,INCL,12,6904,1.60,0.54,0.35,13.69,13.69,,,unknown,,NOT_DECLARED,,0,,,37.78,6_tyre,seeded_fallback,2026-08-01T00:00:00.000Z,https://bigbmart.com/product/karimnagar-mbc-red-bricks/
p_1fc96565be857ed4,bricks_blocks,Karimnagar PVC Red clay brick 230×110×75 mm,Karimnagar PVC,vijayawada,BigBMart,Hyderabad,BigBMart,platform,11.30,piece,11.30,piece,INCL,12,6904,1.60,0.54,0.35,13.79,13.79,,,unknown,,NOT_DECLARED,,0,,,37.78,6_tyre,seeded_fallback,2026-08-01T00:00:00.000Z,https://bigbmart.com/product/karimnagar-pvc-red-brick/
p_38f2bf89986d1b65,bricks_blocks,Unbranded block,,vijayawada,Prajapati,,ExportersIndia,dealer,12.00,piece,12.00,piece,EXCL,18,6810,0.60,0.47,0.35,15.58,15.58,10000,Piece,unknown,,NOT_APPLICABLE,,0,,,25.6,10_tyre,seeded_fallback,2026-08-06T13:07:38.524Z,https://www.exportersindia.com/product-detail/interlocking-road-bricks-2974594863.htm
p_63c1280268f7a2a2,bricks_blocks,Unbranded Fly ash brick,,vijayawada,Radhika Enterprises,,ExportersIndia,dealer,15.00,piece,15.00,piece,EXCL,12,6815,1.07,0.47,0.35,18.69,18.69,1500,Piece,unknown,,NOT_APPLICABLE,,0,,,15.12,6_tyre,seeded_fallback,2026-08-06T13:04:41.312Z,https://www.exportersindia.com/product-detail/interlocking-wall-bricks-5655623415.htm
p_e6da6270b381a1c3,bricks_blocks,Unbranded Concrete solid block 100×225×150 mm,,vijayawada,Khan Cement Article,,ExportersIndia,dealer,15.25,piece,15.25,piece,EXCL,18,6810,0.60,0.47,0.35,19.42,19.42,5000,Piece,unknown,,NOT_APPLICABLE,,0,,,37.27,10_tyre,seeded_fallback,2026-08-06T13:08:06.819Z,https://www.exportersindia.com/product-detail/concrete-block-i-shape-6187627371.htm
p_6e42db71bb71e359,bricks_blocks,Unbranded block,,vijayawada,Maa kalyaneswari refractories,,ExportersIndia,dealer,16.00,piece,16.00,piece,EXCL,18,6810,0.90,0.47,0.35,20.60,20.60,,,unknown,,NOT_APPLICABLE,,0,,,25.83,lcv,seeded_fallback,2026-08-06T13:07:43.285Z,https://www.exportersindia.com/product-detail/boiler-bricks-4599613921.htm
p_a762b0cb2a5c9183,bricks_blocks,Unbranded block,,vijayawada,Maa kalyaneswari refractories,,ExportersIndia,dealer,17.00,piece,17.00,piece,EXCL,18,6810,0.90,0.47,0.35,21.78,21.78,1000,Piece,unknown,,NOT_APPLICABLE,,0,,,25.83,lcv,seeded_fallback,2026-08-06T13:04:41.312Z,https://www.exportersindia.com/product-detail/refractory-side-arch-bricks-6857448898.htm
p_1775cd67228e98bb,bricks_blocks,Unbranded block,,vijayawada,Shree Tirupati Refractories & Ceramics,,ExportersIndia,dealer,19.00,piece,19.00,piece,EXCL,18,6810,0.75,0.47,0.35,23.99,23.99,12000,Piece,unknown,,NOT_APPLICABLE,,0,,,31.4,10_tyre,seeded_fallback,2026-08-06T13:07:38.524Z,https://www.exportersindia.com/product-detail/rectangular-cold-face-insulation-bricks-5024883.htm
p_a95fb5608e6dc9b3,bricks_blocks,Unbranded Red clay brick 230×115×75 mm,,vijayawada,Shree Dev Narayan Refractories,,ExportersIndia,dealer,20.00,piece,20.00,piece,EXCL,12,6904,1.60,0.57,0.35,24.92,24.92,,,unknown,,NOT_APPLICABLE,,0,,,8.08,6_tyre,seeded_fallback,2026-08-06T13:07:38.524Z,https://www.exportersindia.com/product-detail/cold-face-insulation-bricks-1936794547.htm
p_4f9a0ae4b4695749,bricks_blocks,Unbranded Concrete solid block,,vijayawada,Himanshu Enterprises,,ExportersIndia,dealer,19.00,piece,19.00,piece,EXCL,18,6810,1.80,0.47,0.35,25.04,25.04,500,Piece,unknown,,NOT_APPLICABLE,,0,,,23.56,lcv,seeded_fallback,2026-08-06T13:08:03.342Z,https://www.exportersindia.com/product-detail/concrete-triangular-cosmic-paver-block-2196685323.htm
p_574f20064eac3fb7,bricks_blocks,Unbranded Concrete solid block,,vijayawada,Vananchal Prefab Concretes,,ExportersIndia,dealer,14.00,piece,14.00,piece,EXCL,18,6810,8.04,0.47,0.35,25.38,25.38,100,Piece,unknown,,NOT_APPLICABLE,,0,,,33.48,tempo,seeded_fallback,2026-08-06T13:05:04.238Z,https://www.exportersindia.com/product-detail/solid-concrete-interlocking-paver-blocks-6416506.htm
p_d365f80e1e0356ef,bricks_blocks,Unbranded block,,vijayawada,VKalp Exim,,ExportersIndia,dealer,20.00,piece,20.00,piece,EXCL,18,6810,1.03,0.47,0.35,25.45,25.45,,,unknown,,NOT_APPLICABLE,,0,,,34.4,lcv,seeded_fallback,2026-08-05T06:33:00.613Z,https://www.exportersindia.com/product-detail/wall-refractory-bricks-5269045.htm
p_cd51be700d57f9bb,bricks_blocks,Unbranded Fly ash brick,,vijayawada,SRI Durga Bhavani Flyash Bricks,Mylavaram,ExportersIndia,dealer,24.00,piece,24.00,piece,EXCL,12,6815,1.07,0.47,0.35,28.77,28.77,1500,Piece,unknown,,NOT_APPLICABLE,,0,,,26.09,6_tyre,seeded_fallback,2026-08-06T13:07:38.524Z,https://www.exportersindia.com/product-detail/fly-ash-brick-12x9x6-amp-quot-7459211563.htm
p_a46bdafe4faf6f09,bricks_blocks,Unbranded Concrete solid block 20×19×20 mm,,vijayawada,Sukarma Enterprises,,ExportersIndia,dealer,17.00,piece,17.00,piece,EXCL,18,6810,8.10,0.47,0.35,28.98,28.98,100,Piece,unknown,,NOT_APPLICABLE,,0,,,33.76,tempo,seeded_fallback,2026-08-06T13:08:06.819Z,https://www.exportersindia.com/product-detail/red-concrete-zig-zag-paver-block-6514155746.htm
p_02e52b351a55ad78,bricks_blocks,Unbranded Concrete solid block,,vijayawada,AR Industries,,ExportersIndia,dealer,10.00,piece,10.00,piece,EXCL,18,6810,16.77,0.80,0.35,29.72,29.72,50,Piece,unknown,,NOT_APPLICABLE,,0,,,34.93,tempo,seeded_fallback,2026-08-06T13:08:06.819Z,https://www.exportersindia.com/product-detail/concrete-paver-block-1958711642.htm
p_7b5f4b403da1901b,bricks_blocks,Unbranded block,,vijayawada,Reliable Refractories Private Limited,,ExportersIndia,dealer,24.00,piece,24.00,piece,EXCL,18,6810,1.26,0.47,0.35,30.40,30.40,,,unknown,,NOT_APPLICABLE,,0,,,41.99,lcv,seeded_fallback,2026-08-06T13:07:38.524Z,https://www.exportersindia.com/product-detail/rectangular-cold-face-insulation-bricks-1359389.htm
p_4d3bb01da45796ea,bricks_blocks,Unbranded block,,vijayawada,Durocap Roofing India Pvt. Ltd.,,ExportersIndia,dealer,25.00,piece,25.00,piece,EXCL,18,6810,1.80,0.47,0.35,32.12,32.12,500,Piece,unknown,,NOT_APPLICABLE,,0,,,22.44,lcv,seeded_fallback,2026-08-06T13:07:46.453Z,https://www.exportersindia.com/product-detail/5-holes-clay-perforated-bricks-4236425968.htm
p_28f7b8132114fb4b,bricks_blocks,Unbranded block,,vijayawada,Durocap Roofing India Pvt. Ltd.,,ExportersIndia,dealer,25.00,piece,25.00,piece,EXCL,18,6810,1.80,0.47,0.35,32.12,32.12,500,Piece,unknown,,NOT_APPLICABLE,,0,,,22.44,lcv,seeded_fallback,2026-08-06T13:01:51.091Z,https://www.exportersindia.com/product-detail/10-holes-clay-perforated-bricks-6696675376.htm
p_23b28f71057d1a54,bricks_blocks,Unbranded block,,vijayawada,Hare Krishna Dairy Farm,,ExportersIndia,dealer,25.00,piece,25.00,piece,EXCL,18,6810,1.80,0.47,0.35,32.12,32.12,500,Piece,unknown,,NOT_APPLICABLE,,0,,,26.71,lcv,seeded_fallback,2026-08-06T13:04:47.045Z,https://www.exportersindia.com/product-detail/cow-dung-bricks-7886946466.htm
p_c679f44d5ad6db7e,bricks_blocks,Unbranded block,,vijayawada,Reliable Refractories Private Limited,,ExportersIndia,dealer,26.00,piece,26.00,piece,EXCL,18,6810,1.26,0.47,0.35,32.76,32.76,,,unknown,,NOT_APPLICABLE,,0,,,41.99,lcv,seeded_fallback,2026-08-05T06:32:55.809Z,https://www.exportersindia.com/product-detail/off-white-hot-face-insulation-bricks-1359390.htm
p_b2dd320a424b6bfa,bricks_blocks,Unbranded block,,vijayawada,Sri Mookambika Traders,,ExportersIndia,dealer,30.00,piece,30.00,piece,EXCL,18,6810,0.90,0.47,0.35,37.12,37.12,1000,Piece,unknown,,NOT_APPLICABLE,,0,,,6.23,lcv,seeded_fallback,2026-08-06T13:07:38.524Z,https://www.exportersindia.com/product-detail/interlocking-bricks-8334466665.htm
p_1a219c1ecded1e10,bricks_blocks,Unbranded block,,vijayawada,Manu Udyog,,ExportersIndia,dealer,30.00,piece,30.00,piece,EXCL,18,6810,0.90,0.47,0.35,37.12,37.12,,,unknown,,NOT_APPLICABLE,,0,,,26.05,lcv,seeded_fallback,2026-08-06T13:07:43.285Z,https://www.exportersindia.com/product-detail/magnesite-fire-bricks-5969462.htm
p_6e3bdcd5c1b9ce1c,bricks_blocks,Unbranded block,,vijayawada,Manu Udyog,,ExportersIndia,dealer,30.00,piece,30.00,piece,EXCL,18,6810,0.90,0.47,0.35,37.12,37.12,,,unknown,,NOT_APPLICABLE,,0,,,26.05,lcv,seeded_fallback,2026-08-05T06:33:00.613Z,https://www.exportersindia.com/product-detail/rectangular-fire-bricks-5969403.htm
p_96ae8a41f484716c,bricks_blocks,Unbranded AAC block 600×200×100 mm,,vijayawada,Khangarwala,,ExportersIndia,dealer,18.00,piece,18.00,piece,EXCL,18,6810,15.59,1.08,0.35,38.26,38.26,50,Piece,unknown,,NOT_APPLICABLE,,0,,,32.48,tempo,seeded_fallback,2026-08-06T13:07:59.660Z,https://www.exportersindia.com/product-detail/125mm-autoclaved-aerated-concrete-block-2969472296.htm
p_96ae8a41f484716c,bricks_blocks,Unbranded AAC block 600×200×100 mm,,vijayawada,M A Enterprises,,ExportersIndia,dealer,35.00,piece,35.00,piece,EXCL,18,6810,1.35,1.08,0.35,38.26,38.26,20000,Piece,unknown,,NOT_APPLICABLE,,0,,,40.51,10_tyre,seeded_fallback,2026-08-06T13:01:57.895Z,https://www.exportersindia.com/product-detail/autoclaved-aerated-concrete-block-5867765121.htm
p_96ae8a41f484716c,bricks_blocks,Unbranded AAC block 600×200×100 mm,,vijayawada,Shorya Enterprises,,ExportersIndia,dealer,3800.00,cum,45.60,piece,EXCL,18,6810,10.68,1.08,0.35,38.26,38.26,45,Cubic Meter,unknown,,NOT_APPLICABLE,,0,,,20.03,tempo,seeded_fallback,2026-08-06T13:08:03.342Z,https://www.exportersindia.com/product-detail/nxt-concrete-rectangular-aac-block-9151486521.htm
p_96ae8a41f484716c,bricks_blocks,Unbranded AAC block 600×200×100 mm,,vijayawada,Khangarwala,,ExportersIndia,dealer,18.00,piece,18.00,piece,EXCL,18,6810,15.59,1.08,0.35,38.26,38.26,50,Piece,unknown,,NOT_APPLICABLE,,0,,,32.48,tempo,seeded_fallback,2026-08-01T13:41:34.075Z,https://www.exportersindia.com/product-detail/100mm-autoclaved-aerated-concrete-block-6161232156.htm
p_de8feb8ced4a15c1,bricks_blocks,Aerobild AAC block 600×200×100 mm,Aerobild,vijayawada,BigBMart,Hyderabad,BigBMart,platform,38.00,piece,38.00,piece,INCL,18,6810,1.60,1.08,0.35,41.03,41.03,,,unknown,,NOT_DECLARED,,0,,,37.78,6_tyre,seeded_fallback,2026-08-01T00:00:00.000Z,https://bigbmart.com/product/aerobild-aac-blocks/
p_bc1d3980192c3fd2,bricks_blocks,Unbranded block,,vijayawada,Exotherm Insulation Co.,,ExportersIndia,dealer,35.00,piece,35.00,piece,EXCL,18,6810,0.90,0.47,0.35,43.02,43.02,1000,Piece,unknown,,NOT_APPLICABLE,,0,,,27.45,lcv,seeded_fallback,2026-08-06T13:01:51.091Z,https://www.exportersindia.com/product-detail/high-alumina-bricks-3267563138.htm
p_030e05adedb07336,bricks_blocks,Unbranded block,,vijayawada,Exotherm Insulation Co.,,ExportersIndia,dealer,35.00,piece,35.00,piece,EXCL,18,6810,0.90,0.47,0.35,43.02,43.02,1000,Piece,unknown,,NOT_APPLICABLE,,0,,,27.45,lcv,seeded_fallback,2026-08-06T13:07:49.987Z,https://www.exportersindia.com/product-detail/fire-alumina-bricks-5531586139.htm
p_661ed236f9a298f0,bricks_blocks,Unbranded Red clay brick 12×16×16 mm,,vijayawada,Shree Lakshmi Cement and Mud Products,,ExportersIndia,dealer,40.00,piece,40.00,piece,EXCL,12,6904,0.09,0.01,0.35,45.25,45.25,3000,Piece,unknown,,NOT_APPLICABLE,,0,,,30.56,parcel,seeded_fallback,2026-08-06T13:07:46.453Z,https://www.exportersindia.com/product-detail/rectangular-mud-interlock-brick-1117244451.htm
p_661ed236f9a298f0,bricks_blocks,Unbranded Red clay brick 12×16×16 mm,,vijayawada,Shree Lakshmi Cement and Mud Products,,ExportersIndia,dealer,45.00,piece,45.00,piece,EXCL,12,6904,0.09,0.01,0.35,45.25,45.25,3000,Piece,unknown,,NOT_APPLICABLE,,0,,,30.56,parcel,seeded_fallback,2026-08-06T13:08:24.079Z,https://www.exportersindia.com/product-detail/red-mud-interlock-brick-8565320.htm
p_52eca3a868422834,bricks_blocks,Birla Aerocon AAC block 600×200×100 mm,Birla Aerocon,vijayawada,BigBMart,Hyderabad,BigBMart,platform,42.50,piece,42.50,piece,INCL,18,6810,1.60,1.08,0.35,45.53,45.53,,,unknown,,NOT_DECLARED,,0,,,37.78,6_tyre,seeded_fallback,2026-08-01T00:00:00.000Z,https://bigbmart.com/product/birla-aerocon-aac-blocks/
p_476d209f0c9802d6,bricks_blocks,Greenstone AAC block 600×200×100 mm,Greenstone,vijayawada,BigBMart,Hyderabad,BigBMart,platform,44.00,piece,44.00,piece,INCL,18,6810,1.60,1.08,0.35,47.03,47.03,,,unknown,,NOT_DECLARED,,0,,,37.78,6_tyre,seeded_fallback,2026-08-01T00:00:00.000Z,https://bigbmart.com/product/greenstone-aac-blocks/
p_bc95a9ce85723b2a,bricks_blocks,Unbranded block,,vijayawada,Exotherm Insulation Co.,,ExportersIndia,dealer,39.00,piece,39.00,piece,EXCL,18,6810,0.90,0.47,0.35,47.74,47.74,1000,Piece,unknown,,NOT_APPLICABLE,,0,,,27.45,lcv,seeded_fallback,2026-08-06T13:04:43.981Z,https://www.exportersindia.com/product-detail/refractory-alumina-bricks-7695481916.htm
p_237febd013dd8aaa,bricks_blocks,Unbranded block,,vijayawada,Shree Tirupati Refractories & Ceramics,,ExportersIndia,dealer,40.00,piece,40.00,piece,EXCL,18,6810,0.75,0.47,0.35,48.77,48.77,12000,Piece,unknown,,NOT_APPLICABLE,,0,,,31.4,10_tyre,seeded_fallback,2026-08-02T10:48:10.155Z,https://www.exportersindia.com/product-detail/quality-raw-material-hot-face-insulation-bricks-1320828.htm
p_199e280e1eba6f9e,bricks_blocks,Unbranded AAC block 600×200×75 mm,,vijayawada,Bigbloc Construction Limited,,ExportersIndia,dealer,33.00,piece,33.00,piece,EXCL,18,6810,8.89,0.74,0.35,48.92,48.92,100,Piece,unknown,,NOT_APPLICABLE,,0,,,37.03,tempo,seeded_fallback,2026-08-06T13:07:53.224Z,https://www.exportersindia.com/product-detail/600x200x75-fly-ash-construction-aac-block-8671531314.htm
p_5a1251e2dbcf5566,bricks_blocks,Unbranded Concrete solid block,,vijayawada,Akberali Precast Private Limited,,ExportersIndia,dealer,40.00,piece,40.00,piece,EXCL,18,6810,4.81,0.47,0.35,52.83,52.83,100,Piece,unknown,,NOT_APPLICABLE,,0,,,20.05,tempo,seeded_fallback,2026-08-06T13:08:03.342Z,https://www.exportersindia.com/product-detail/concrete-spacer-block-6198978883.htm
p_3af33b39371edb49,bricks_blocks,Unbranded Concrete hollow block,,vijayawada,ANS Associate,,ExportersIndia,dealer,45.00,piece,45.00,piece,EXCL,18,6810,0.80,0.47,0.35,54.72,54.72,2000,Piece,unknown,,NOT_APPLICABLE,,0,,,26.91,6_tyre,seeded_fallback,2026-08-06T13:07:59.660Z,https://www.exportersindia.com/product-detail/concrete-hollow-blocks-8197817442.htm
p_a98cc7dd03a40d04,bricks_blocks,Unbranded block,,vijayawada,JK Refractory (JK Refractories &,,ExportersIndia,dealer,20.00,piece,20.00,piece,EXCL,18,6810,29.38,2.00,0.35,55.33,55.33,20,Tonne,unknown,,NOT_APPLICABLE,,0,,,24.48,tempo,seeded_fallback,2026-08-06T13:07:38.524Z,https://www.exportersindia.com/product-detail/insulating-bricks-2363412174.htm
p_2e06b9ca3edfc9fd,bricks_blocks,Unbranded Fly ash brick,,vijayawada,NRV Infra Solutions Pvt. Ltd.,,ExportersIndia,dealer,50.00,piece,50.00,piece,EXCL,12,6815,0.90,0.47,0.35,57.72,57.72,1000,Piece,unknown,,NOT_APPLICABLE,,0,,,26.27,lcv,seeded_fallback,2026-08-06T13:07:43.285Z,https://www.exportersindia.com/product-detail/cement-bricks-1732793629.htm
p_d4cfcfbab34e38f5,bricks_blocks,Unbranded Concrete solid block,,vijayawada,Pensla Steels Pvt. Ltd.,,ExportersIndia,dealer,50.00,piece,50.00,piece,EXCL,18,6810,1.13,0.47,0.35,60.95,60.95,1000,Piece,unknown,,NOT_APPLICABLE,,0,,,37.77,lcv,seeded_fallback,2026-08-06T13:08:06.819Z,https://www.exportersindia.com/product-detail/decorative-concrete-blocks-4662722328.htm
p_9234a9cdf958aad1,bricks_blocks,Unbranded block,,vijayawada,Manu Udyog,,ExportersIndia,dealer,52.00,piece,52.00,piece,EXCL,18,6810,0.90,0.47,0.35,63.08,63.08,,,unknown,,NOT_APPLICABLE,,0,,,26.05,lcv,seeded_fallback,2026-08-01T13:44:17.590Z,https://www.exportersindia.com/product-detail/9x4-5x3-9x4-5x2-acid-proof-bricks-5969461.htm
p_52a110d6ac9c0371,bricks_blocks,Unbranded Concrete solid block,,vijayawada,Shri Bageshwar Dham Sarkar Enterprises,,ExportersIndia,dealer,55.00,piece,55.00,piece,EXCL,18,6810,0.60,0.47,0.35,66.32,66.32,5000,Piece,unknown,,NOT_APPLICABLE,,0,,,23.46,10_tyre,seeded_fallback,2026-08-02T10:43:16.067Z,https://www.exportersindia.com/product-detail/concrete-divider-block-2237559637.htm
p_8ca3d7ee4297a524,bricks_blocks,Unbranded Red clay brick 230×115×38 mm,,vijayawada,Chemiprotect Engineers,,ExportersIndia,dealer,85.00,piece,85.00,piece,EXCL,12,6904,0.90,0.29,0.35,96.74,96.74,1000,Piece,unknown,,NOT_APPLICABLE,,0,,,12.98,lcv,seeded_fallback,2026-08-06T13:07:49.987Z,https://www.exportersindia.com/product-detail/acid-amp-alkali-resistant-unglazed-clay-bricks-9647634444.htm
p_99c58b9dd8a88962,bricks_blocks,Unbranded block,,vijayawada,Jainco Refractories Private Limited,,ExportersIndia,dealer,90.00,piece,90.00,piece,EXCL,18,6810,1.80,0.47,0.35,108.82,108.82,500,Piece,unknown,,NOT_APPLICABLE,,0,,,26.89,lcv,seeded_fallback,2026-08-01T15:21:55.330Z,https://www.exportersindia.com/product-detail/fire-bricks-7597964294.htm
p_2c40a2d65cfc0fe4,bricks_blocks,Unbranded Fly ash brick,,vijayawada,SS Constructions,,ExportersIndia,dealer,7.00,piece,7.00,piece,EXCL,12,6815,98.60,40.00,0.35,146.79,146.79,1,Tonne,unknown,,NOT_APPLICABLE,,0,,,32.5,parcel,seeded_fallback,2026-08-05T06:33:00.613Z,https://www.exportersindia.com/product-detail/rectangular-fly-ash-bricks-3296511819.htm
p_844385e7aad77b15,bricks_blocks,Unbranded Fly ash brick,,vijayawada,SS Constructions,,ExportersIndia,dealer,7.00,piece,7.00,piece,EXCL,12,6815,98.60,40.00,0.35,146.79,146.79,1,Tonne,unknown,,NOT_APPLICABLE,,0,,,32.5,parcel,seeded_fallback,2026-08-05T06:32:55.809Z,https://www.exportersindia.com/product-detail/soil-red-construction-bricks-3625174298.htm
p_dc48e6dc070f1346,bricks_blocks,Unbranded Fly ash brick,,vijayawada,SS Constructions,,ExportersIndia,dealer,7.30,piece,7.30,piece,EXCL,12,6815,98.60,40.00,0.35,147.13,147.13,1,Tonne,unknown,,NOT_APPLICABLE,,0,,,32.5,parcel,seeded_fallback,2026-08-02T10:48:10.155Z,https://www.exportersindia.com/product-detail/fly-ash-brick-8581468995.htm
p_94d58ff0f9996f1d,bricks_blocks,Unbranded Concrete solid block,,vijayawada,Vananchal Prefab Concretes,,ExportersIndia,dealer,135.00,piece,135.00,piece,EXCL,18,6810,8.04,0.47,0.35,168.16,168.16,100,Piece,unknown,,NOT_APPLICABLE,,0,,,33.48,tempo,seeded_fallback,2026-08-06T13:07:38.524Z,https://www.exportersindia.com/product-detail/cement-interlocking-concrete-bricks-6416444.htm