product_id,category,title,brand,region_id,vendor_name,vendor_locality,platform,seller_type,base_rupees,base_unit,base_rupees_per_canonical,unit_canonical,gst_treatment,gst_rate_pct,hsn,freight_rupees,handling_rupees,loading_rupees,landed_rupees_per_canonical,landed_rupees_per_trade_unit,moq_qty,moq_unit,stock_state,lead_time_days,cert_state,cert_ref,qco_regulated,rating,review_count,distance_km,vehicle_class,freight_basis,fetched_at,source_url
p_5fbec72fc109eba9,water_pipes,Unbranded HDPE ? mm × 3 m,,hyderabad,Tirupati Plastomatics Private Limited,Deals in Hyderabad,IndiaMART,dealer,1150.00,running_metre,1150.00,running_metre,EXCL,18,3917,6.52,1.50,3.00,,,,,unknown,,NOT_DECLARED,,0,4.2,60,28.72,parcel,seeded_fallback,2026-08-01T06:37:35.188Z,https://www.indiamart.com/proddetail/hdpe-dwc-pipe-manufacturing-2850807380173.html
p_87227cbfa0059c01,water_pipes,Unbranded HDPE 600 mm × 3 m,,hyderabad,Best Tech Pipes LLP,Deals in Hyderabad,IndiaMART,dealer,2660.00,running_metre,2660.00,running_metre,EXCL,18,3917,6.52,1.50,3.00,,,,,unknown,,NOT_DECLARED,,0,4,42,31.52,parcel,seeded_fallback,2026-08-01T06:37:35.188Z,https://www.indiamart.com/proddetail/600-mm-sn4-dwc-hdpe-pipe-22442455362.html
p_c97fa03d497f86d9,water_pipes,Unbranded HDPE ? mm × 3 m,,hyderabad,Lakshmi Corporations,Deals in Hyderabad,IndiaMART,dealer,1000.00,running_metre,1000.00,running_metre,EXCL,18,3917,6.52,1.50,3.00,,,,,unknown,,NOT_DECLARED,,0,4.2,213,9.39,parcel,seeded_fallback,2026-08-01T06:35:43.098Z,https://www.indiamart.com/proddetail/hdpe-tube-in-chennai-25564767512.html
p_72c6ce2ed2a2de5b,water_pipes,Unbranded HDPE 32 mm PE 100 × 3 m,,hyderabad,Shiva Engineering Works,"Secunderabad, Dist. Hyderabad",IndiaMART,dealer,4000.00,running_metre,4000.00,running_metre,EXCL,18,3917,6.52,1.50,3.00,,,,,unknown,,NOT_DECLARED,,0,2.4,10,22.23,parcel,seeded_fallback,2026-08-01T06:35:43.098Z,https://www.indiamart.com/proddetail/black-round-hdpe-pipe-26793659733.html
p_3cd0a5865c57a353,water_pipes,Unbranded UPVC / PVC ? mm × 3 m,,hyderabad,Pavani Enterprises,"Secunderabad, Dist. Hyderabad",IndiaMART,dealer,3000.00,piece,1000.00,running_metre,EXCL,18,3917,6.52,1.50,3.00,,,,,unknown,,NOT_DECLARED,,0,3.9,190,40.15,parcel,seeded_fallback,2026-08-01T06:38:45.678Z,https://www.indiamart.com/proddetail/rigid-pvc-pipes-self-socket-10kgf-cm2-2859447972433.html
p_ec1bbc0b9f239df4,water_pipes,Champion pipe 200 mm × 3 m,Champion,hyderabad,Savera Pipes Private Limited,Hyderabad,IndiaMART,dealer,3104.00,piece,1034.67,running_metre,EXCL,18,3917,6.52,1.50,3.00,,,,,unknown,,NOT_DECLARED,,0,4.2,128,7.94,parcel,seeded_fallback,2026-08-01T06:38:03.238Z,https://www.indiamart.com/proddetail/champion-ugd-pipe-200-mm-8-orange-2859305175248.html
p_a67a9a1928e691a9,water_pipes,Unbranded CPVC ? mm × 3 m,,hyderabad,Kaizen Pipes & Fittings ( Brand Of Rajendra Industries),Deals in Hyderabad,IndiaMART,dealer,3.00,piece,1.00,running_metre,EXCL,18,3917,6.52,1.50,3.00,12.20,36.60,,,unknown,,NOT_DECLARED,,0,4.4,44,10.61,parcel,seeded_fallback,2026-08-01T06:39:06.546Z,https://www.indiamart.com/proddetail/cpvc-pipe-coupler-19668046897.html
p_b95c7349f6d8053d,water_pipes,Tomson CPVC ? mm × 3 m,Tomson,hyderabad,Garg Engineering Company,Deals in Hyderabad,IndiaMART,dealer,4.00,piece,1.33,running_metre,EXCL,18,3917,6.52,1.50,3.00,12.59,37.77,,,unknown,,NOT_DECLARED,,0,4.6,70,12.33,parcel,seeded_fallback,2026-08-01T06:39:06.546Z,https://www.indiamart.com/proddetail/cpvc-male-adapter-20340693455.html
p_a31668698c8bb5cf,water_pipes,Unbranded UPVC / PVC 15 mm × 3 m,,hyderabad,Rajeshwar sanitary wares,Gowliguda,ExportersIndia,dealer,40.00,piece,2.22,running_metre,EXCL,18,3917,5.85,1.25,3.00,12.72,38.16,24,Piece,unknown,,NOT_DECLARED,,0,,,19.51,parcel,seeded_fallback,2026-08-06T13:06:42.429Z,https://www.exportersindia.com/product-detail/1-2-inch-pvc-connection-pipe-4491756946.htm
p_a31668698c8bb5cf,water_pipes,Unbranded UPVC / PVC 15 mm × 3 m,,hyderabad,AR Industries,Deals in Hyderabad,IndiaMART,dealer,150.00,piece,50.00,running_metre,EXCL,18,3917,6.52,1.50,3.00,12.72,38.16,,,unknown,,NOT_DECLARED,,0,3.6,527,16.86,parcel,seeded_fallback,2026-08-01T06:38:17.517Z,https://www.indiamart.com/proddetail/upvc-pipes-astm-2856599892212.html
p_a31668698c8bb5cf,water_pipes,Unbranded UPVC / PVC 15 mm × 3 m,,hyderabad,Mangrish,Deals in Hyderabad,IndiaMART,dealer,100.00,piece,33.33,running_metre,EXCL,18,3917,6.52,1.50,3.00,12.72,38.16,,,unknown,,NOT_DECLARED,,0,4.3,24,11.68,parcel,seeded_fallback,2026-08-01T06:38:24.324Z,https://www.indiamart.com/proddetail/12m-pvc-pipe-2856287276097.html
p_a31668698c8bb5cf,water_pipes,Unbranded UPVC / PVC 15 mm × 3 m,,hyderabad,Tawakkal Steel And Hardwares,Hyderabad,IndiaMART,dealer,85.00,running_metre,85.00,running_metre,EXCL,18,3917,6.52,1.50,3.00,12.72,38.16,,,unknown,,NOT_DECLARED,,0,5,2,37.35,parcel,seeded_fallback,2026-08-01T06:38:24.324Z,https://www.indiamart.com/proddetail/1-2-inch-upvc-pipe-2857780378112.html
p_fb652578a9e88b47,water_pipes,Unbranded UPVC / PVC ? mm × 3 m,,hyderabad,Vimal Plastics,Koti,ExportersIndia,dealer,150.00,coil,1.50,running_metre,EXCL,18,3917,6.52,1.50,3.00,12.79,12.79,,,unknown,,NOT_DECLARED,,0,,,13.61,parcel,seeded_fallback,2026-08-06T13:06:42.429Z,https://www.exportersindia.com/product-detail/black-grey-pvc-flexible-pipes-2274111.htm
p_af49aaad5d6457e6,water_pipes,Unbranded pipe ? mm × 3 m,,hyderabad,Hinglaj Engineering And Co.,"Secunderabad, Dist. Hyderabad",IndiaMART,dealer,8.00,piece,2.67,running_metre,EXCL,18,3917,6.52,1.50,3.00,14.17,42.51,,,unknown,,NOT_DECLARED,,0,4.5,32,41.84,parcel,seeded_fallback,2026-08-01T06:37:28.362Z,https://www.indiamart.com/proddetail/ppr-pipes-and-fittings-2854752649812.html
p_a99eb2a0b08d1a86,water_pipes,Sudhakar UPVC / PVC ? mm × 3 m,Sudhakar,hyderabad,Patel'S Trader,Hyderabad,IndiaMART,dealer,8.00,piece,2.67,running_metre,EXCL,18,3917,6.52,1.50,3.00,14.17,42.51,,,unknown,,NOT_DECLARED,,0,3.5,16,39.54,parcel,seeded_fallback,2026-08-01T06:38:03.238Z,https://www.indiamart.com/proddetail/pvc-pipe-bend-2851071238848.html
p_2bc7852b338fa1f1,water_pipes,Unbranded CPVC ? mm × 3 m,,hyderabad,Sagar Polytechnik Ltd.,Deals in Hyderabad,IndiaMART,dealer,9.40,piece,3.13,running_metre,EXCL,18,3917,6.52,1.50,3.00,14.71,44.13,,,unknown,,NOT_DECLARED,,0,3.9,69,18.12,parcel,seeded_fallback,2026-08-01T06:39:06.546Z,https://www.indiamart.com/proddetail/cpvc-fitting-tee-26442637762.html
p_2ae39c5a8d1a4a86,water_pipes,Unbranded CPVC ? mm × 3 m,,hyderabad,Jay Plastic,Deals in Hyderabad,IndiaMART,dealer,10.00,piece,3.33,running_metre,EXCL,18,3917,6.52,1.50,3.00,14.95,44.85,,,unknown,,NOT_DECLARED,,0,4.2,37,36.49,parcel,seeded_fallback,2026-08-01T06:39:06.546Z,https://www.indiamart.com/proddetail/cpvc-pipe-fittings-2855736666673.html
p_bb33fe2a1e42b05e,water_pipes,Joton CPVC 15 mm × 3 m,Joton,hyderabad,Joton Industries,Deals in Hyderabad,IndiaMART,dealer,10.51,piece,3.50,running_metre,EXCL,18,3917,6.52,1.50,3.00,15.15,45.45,,,unknown,,NOT_DECLARED,,0,4.2,41,38.27,parcel,seeded_fallback,2026-08-01T06:39:06.546Z,https://www.indiamart.com/proddetail/cpvc-plain-f-t-a-21500732855.html
p_1e8cfb13756a885b,water_pipes,Unbranded CPVC ? mm × 3 m,,hyderabad,Hari Om Polyplast,Deals in Hyderabad,IndiaMART,dealer,11.00,piece,3.67,running_metre,EXCL,18,3917,6.52,1.50,3.00,15.35,46.05,,,unknown,,NOT_DECLARED,,0,3.9,36,39.09,parcel,seeded_fallback,2026-08-01T06:39:06.546Z,https://www.indiamart.com/proddetail/cpvc-pipe-and-fitting-2855478941830.html
p_b9d7d15eebdff96a,water_pipes,Unbranded CPVC 25 mm × 3 m,,hyderabad,J K Polyplast,Deals in Hyderabad,IndiaMART,dealer,70.00,piece,23.33,running_metre,EXCL,18,3917,6.52,1.50,3.00,16.92,50.76,,,unknown,,NOT_DECLARED,,0,4,4,9.95,parcel,seeded_fallback,2026-08-01T06:39:06.546Z,https://www.indiamart.com/proddetail/1inch-cpvc-elbow-19998239212.html
p_b9d7d15eebdff96a,water_pipes,Unbranded CPVC 25 mm × 3 m,,hyderabad,Delight Polytech,Deals in Hyderabad,IndiaMART,dealer,15.00,piece,5.00,running_metre,EXCL,18,3917,6.52,1.50,3.00,16.92,50.76,,,unknown,,NOT_DECLARED,,0,4.5,30,34.7,parcel,seeded_fallback,2026-08-01T06:39:06.546Z,https://www.indiamart.com/proddetail/cpvc-long-bend-2854435921030.html
p_0eebfa3c3ef8625b,water_pipes,Fitwin CPVC 63 mm × 3 m,Fitwin,hyderabad,Fitwin Polyplast,Deals in Hyderabad,IndiaMART,dealer,18.00,piece,6.00,running_metre,EXCL,18,3917,6.52,1.50,3.00,18.10,54.30,,,unknown,,NOT_DECLARED,,0,4.6,38,20.09,parcel,seeded_fallback,2026-08-01T06:39:06.546Z,https://www.indiamart.com/proddetail/cpvc-brass-fta-24151516688.html
p_b9f7c03137d6b4a0,water_pipes,Supreme CPVC ? mm × 3 m,Supreme,hyderabad,Sandhyaflex India Private Limited,Hyderabad,IndiaMART,dealer,18.00,piece,6.00,running_metre,EXCL,18,3917,6.52,1.50,3.00,18.10,54.30,,,unknown,,NOT_DECLARED,,0,4.1,295,37.31,parcel,seeded_fallback,2026-08-01T06:37:14.248Z,https://www.indiamart.com/proddetail/pvc-pipe-ring-fit-gaskets-2854083590548.html
p_7e608ecfa3b93be9,water_pipes,Unbranded CPVC ? mm × 3 m,,hyderabad,Shubh Plast Tech,Deals in Hyderabad,IndiaMART,dealer,19.29,piece,6.43,running_metre,EXCL,18,3917,6.52,1.50,3.00,18.61,55.83,,,unknown,,NOT_DECLARED,,0,4.5,65,25.06,parcel,seeded_fallback,2026-08-01T06:39:06.546Z,https://www.indiamart.com/proddetail/cpvc-brass-reducer-fta-24233128348.html
p_8af345258ffbe9cb,water_pipes,Unbranded CPVC 15 mm × 3 m,,hyderabad,BirlaNu Limited,"Gachibowli, Hyderabad",IndiaMART,dealer,150.00,piece,50.00,running_metre,EXCL,18,3917,6.52,1.50,3.00,19.28,57.84,,,unknown,,NOT_DECLARED,,0,3.9,290,40.7,parcel,seeded_fallback,2026-08-01T06:47:08.863Z,https://www.indiamart.com/proddetail/cpvc-pipe-2859144107262.html
p_8af345258ffbe9cb,water_pipes,Unbranded CPVC 15 mm × 3 m,,hyderabad,Sagar Polytechnik Ltd.,Deals in Hyderabad,IndiaMART,dealer,70.00,piece,23.33,running_metre,EXCL,18,3917,6.52,1.50,3.00,19.28,57.84,,,unknown,,NOT_DECLARED,,0,3.9,69,18.12,parcel,seeded_fallback,2026-08-01T06:47:08.863Z,https://www.indiamart.com/proddetail/cpvc-schedule-40-80-pipes-2853970266333.html
p_8af345258ffbe9cb,water_pipes,Unbranded CPVC 15 mm × 3 m,,hyderabad,Shivom Polyplast (India) Private Limited,Deals in Hyderabad,IndiaMART,dealer,21.00,piece,7.00,running_metre,EXCL,18,3917,6.52,1.50,3.00,19.28,57.84,,,unknown,,NOT_DECLARED,,0,4,141,17.94,parcel,seeded_fallback,2026-08-01T06:39:06.546Z,https://www.indiamart.com/proddetail/1x1-2-inch-cpvc-brass-fta-2858959907912.html
p_8af345258ffbe9cb,water_pipes,Unbranded CPVC 15 mm × 3 m,,hyderabad,Flowrain Pipe And Fittings,Deals in Hyderabad,IndiaMART,dealer,118.00,running_metre,118.00,running_metre,EXCL,18,3917,6.52,1.50,3.00,19.28,57.84,,,unknown,,NOT_DECLARED,,0,4.4,92,32.57,parcel,seeded_fallback,2026-08-01T06:39:06.546Z,https://www.indiamart.com/proddetail/cpvc-pipe-and-fitting-2856906151455.html
p_568c41b2563007e8,water_pipes,Unbranded CPVC 20 mm × 3 m,,hyderabad,Prashant Polymers,Deals in Hyderabad,IndiaMART,dealer,25.30,piece,8.43,running_metre,EXCL,18,3917,6.52,1.50,3.00,20.97,62.91,,,unknown,,NOT_DECLARED,,0,4.3,59,17.81,parcel,seeded_fallback,2026-08-01T06:39:06.546Z,https://www.indiamart.com/proddetail/cpvc-reducer-brass-fta-21077159991.html
p_568c41b2563007e8,water_pipes,Unbranded CPVC 20 mm × 3 m,,hyderabad,JP Polymers,Deals in Hyderabad,IndiaMART,dealer,122.00,piece,40.67,running_metre,EXCL,18,3917,6.52,1.50,3.00,20.97,62.91,,,unknown,,NOT_DECLARED,,0,4.3,60,17.42,parcel,seeded_fallback,2026-08-01T06:39:06.546Z,https://www.indiamart.com/proddetail/cpvc-3-4-nrv-cpvc-pipe-and-fitting-fitcom-pipe-and-fitting-2856457107133.html
p_568c41b2563007e8,water_pipes,Unbranded CPVC 20 mm × 3 m,,hyderabad,Kamdhenu Poly Plast,Deals in Hyderabad,IndiaMART,dealer,85.00,piece,28.33,running_metre,EXCL,18,3917,6.52,1.50,3.00,20.97,62.91,,,unknown,,NOT_DECLARED,,0,3.9,48,25.1,parcel,seeded_fallback,2026-08-01T06:39:06.546Z,https://www.indiamart.com/proddetail/cpvc-mixer-adaptor-2851865320073.html
p_6b9b08f5dd5fe5a8,water_pipes,Unbranded CPVC ? mm × 3 m,,hyderabad,R. K. Irrigation System Limited,Deals in Hyderabad,IndiaMART,dealer,30.00,piece,10.00,running_metre,EXCL,18,3917,6.52,1.50,3.00,22.82,68.46,,,unknown,,NOT_DECLARED,,0,3.9,35,29.32,parcel,seeded_fallback,2026-08-01T06:39:06.546Z,https://www.indiamart.com/proddetail/jeel-flow-cpvc-reducer-elbow-20480544273.html
p_23e60f104fb34b0a,water_pipes,Unbranded pipe 25 mm × 3 m,,hyderabad,Parth Industries,Hyderabad,IndiaMART,dealer,30.00,piece,10.00,running_metre,EXCL,18,3917,6.52,1.50,3.00,22.82,68.46,,,unknown,,NOT_DECLARED,,0,3.9,7,17.33,parcel,seeded_fallback,2026-08-01T06:37:42.454Z,https://www.indiamart.com/proddetail/25-mm-pp-flexible-waste-pipe-27122353391.html
p_473eb56aef1a3545,water_pipes,Unbranded UPVC / PVC 110 mm × 3 m,,hyderabad,Prins Polytech Pvt. Ltd.,Deals in Hyderabad,IndiaMART,dealer,30.00,piece,10.00,running_metre,EXCL,18,3917,6.52,1.50,3.00,22.82,68.46,,,unknown,,NOT_DECLARED,,0,4,93,8.55,parcel,seeded_fallback,2026-08-01T06:37:07.158Z,https://www.indiamart.com/proddetail/4-inch-pvc-water-pipe-2856796720333.html
p_473eb56aef1a3545,water_pipes,Unbranded UPVC / PVC 110 mm × 3 m,,hyderabad,Prins Polytech Pvt. Ltd.,Deals in Hyderabad,IndiaMART,dealer,125.00,piece,41.67,running_metre,EXCL,18,3917,6.52,1.50,3.00,22.82,68.46,,,unknown,,NOT_DECLARED,,0,4,93,8.55,parcel,seeded_fallback,2026-08-01T06:38:03.238Z,https://www.indiamart.com/proddetail/sol-fit-pvc-pipe-2855530363412.html
p_473eb56aef1a3545,water_pipes,Unbranded UPVC / PVC 110 mm × 3 m,,hyderabad,Tirupati Enterprises,Hyderabad,IndiaMART,dealer,108.00,piece,36.00,running_metre,EXCL,18,3917,6.52,1.50,3.00,22.82,68.46,,,unknown,,NOT_DECLARED,,0,4.3,11,23.1,parcel,seeded_fallback,2026-08-01T06:38:03.238Z,https://www.indiamart.com/proddetail/4-inch-pvc-pipes-2027530773.html
p_473eb56aef1a3545,water_pipes,Unbranded UPVC / PVC 110 mm × 3 m,,hyderabad,Austin Pipes And Fittings,Hyderabad,IndiaMART,dealer,575.00,piece,191.67,running_metre,EXCL,18,3917,6.52,1.50,3.00,22.82,68.46,,,unknown,,NOT_DECLARED,,0,5,1,32.95,parcel,seeded_fallback,2026-08-01T06:38:03.238Z,https://www.indiamart.com/proddetail/4-inch-pvc-pipe-2855814862848.html
p_473eb56aef1a3545,water_pipes,Unbranded UPVC / PVC 110 mm × 3 m,,hyderabad,Austro Plastic Industries LLP,"Mallapur, Hyderabad",IndiaMART,dealer,470.00,piece,156.67,running_metre,EXCL,18,3917,6.52,1.50,3.00,22.82,68.46,,,unknown,,NOT_DECLARED,,0,4.1,64,10.46,parcel,seeded_fallback,2026-08-01T06:38:17.517Z,https://www.indiamart.com/proddetail/upvc-sn-4-pipe-2854578803988.html
p_473eb56aef1a3545,water_pipes,Unbranded UPVC / PVC 110 mm × 3 m,,hyderabad,Tirupati Enterprises,Hyderabad,IndiaMART,dealer,135.00,piece,45.00,running_metre,EXCL,18,3917,6.52,1.50,3.00,22.82,68.46,,,unknown,,NOT_DECLARED,,0,4.3,11,23.1,parcel,seeded_fallback,2026-08-01T06:36:39.476Z,https://www.indiamart.com/proddetail/water-pipe-21958101197.html
p_c2d51f169c23f522,water_pipes,Unbranded pipe 20 mm × 3 m,,hyderabad,Vaishnavi Polymers,"Ghatkesar, Hyderabad",IndiaMART,dealer,12.00,running_metre,12.00,running_metre,EXCL,18,3917,6.52,1.50,3.00,25.18,25.18,,,unknown,,NOT_DECLARED,,0,4,20,30.25,parcel,seeded_fallback,2026-08-01T06:36:46.637Z,https://www.indiamart.com/proddetail/20-mm-mdpe-blue-water-pipe-2853499546955.html
p_2b88f983861163f6,water_pipes,Fitwin UPVC / PVC 25 mm × 3 m,Fitwin,hyderabad,Fitwin Polyplast,Deals in Hyderabad,IndiaMART,dealer,38.00,piece,12.67,running_metre,EXCL,18,3917,6.52,1.50,3.00,25.97,77.91,,,unknown,,NOT_DECLARED,,0,4.6,38,20.09,parcel,seeded_fallback,2026-08-01T06:38:31.489Z,https://www.indiamart.com/proddetail/1-inch-upvc-pipe-2854976859573.html
p_60cdacb306bbe600,water_pipes,Unbranded CPVC ? mm × 3 m,,hyderabad,Kankai Pipes And Fittings Pvt. Ltd.,Deals in Hyderabad,IndiaMART,dealer,39.00,piece,13.00,running_metre,EXCL,18,3917,6.52,1.50,3.00,26.36,79.08,,,unknown,,NOT_DECLARED,,0,4.1,162,26.84,parcel,seeded_fallback,2026-08-01T06:39:06.546Z,https://www.indiamart.com/proddetail/cpvc-isi-fittings-4612301733.html
p_25ab5b2bf7911b35,water_pipes,Unbranded CPVC ? mm × 3 m,,hyderabad,Primate Industries,Deals in Hyderabad,IndiaMART,dealer,40.00,piece,13.33,running_metre,EXCL,18,3917,6.52,1.50,3.00,26.75,80.25,,,unknown,,NOT_DECLARED,,0,4.2,37,7.61,parcel,seeded_fallback,2026-08-01T06:39:06.546Z,https://www.indiamart.com/proddetail/cpvc-pipe-fittings-26732189630.html
p_afc1c9a939e0ef5b,water_pipes,Supreme CPVC ? mm SDR-13.5 × 3 m,Supreme,hyderabad,Khandelwal Sales Corporation,Hyderabad,IndiaMART,dealer,40.00,piece,13.33,running_metre,EXCL,18,3917,6.52,1.50,3.00,26.75,80.25,,,unknown,,NOT_DECLARED,,0,4.1,27,33.83,parcel,seeded_fallback,2026-08-01T06:37:14.248Z,https://www.indiamart.com/proddetail/supreme-cpvc-pipe-2853598603991.html
p_8f8fa0e3d41811bb,water_pipes,Unbranded pipe ? mm × 3 m,,hyderabad,Rajeshwar Sanitary Wares,Hyderabad,IndiaMART,dealer,41.00,piece,13.67,running_metre,EXCL,18,3917,6.52,1.50,3.00,27.15,81.45,,,unknown,,NOT_DECLARED,,0,4.3,97,25.02,parcel,seeded_fallback,2026-08-01T06:37:21.488Z,https://www.indiamart.com/proddetail/connection-pipe-ptmt-5-star-25264500988.html
p_5809bd1a09c47e32,water_pipes,Unbranded pipe 25 mm × 3 m,,hyderabad,Vaishnavi Polymers,"Ghatkesar, Hyderabad",IndiaMART,dealer,15.00,running_metre,15.00,running_metre,EXCL,18,3917,6.52,1.50,3.00,28.72,28.72,,,unknown,,NOT_DECLARED,,0,4,20,30.25,parcel,seeded_fallback,2026-08-01T06:36:39.476Z,https://www.indiamart.com/proddetail/25-mm-mdpe-blue-water-pipe-23456493273.html
p_8b6a7dc67e6092e0,water_pipes,Unbranded CPVC ? mm × 3 m,,hyderabad,Florex Green (India) Private Limited,Deals in Hyderabad,IndiaMART,dealer,47.00,piece,15.67,running_metre,EXCL,18,3917,6.52,1.50,3.00,29.51,88.53,,,unknown,,NOT_DECLARED,,0,4.1,41,31.48,parcel,seeded_fallback,2026-08-01T06:39:06.546Z,https://www.indiamart.com/proddetail/cpvc-pipe-and-fitting-2853287975630.html
p_86afc3493e73430c,water_pipes,Unbranded UPVC / PVC 25 mm × 3 m,,hyderabad,Asian Poly Plast,Deals in Hyderabad,IndiaMART,dealer,120.00,piece,40.00,running_metre,EXCL,18,3917,6.52,1.50,3.00,30.69,92.07,,,unknown,,NOT_DECLARED,,0,4,166,19.27,parcel,seeded_fallback,2026-08-01T06:38:03.238Z,https://www.indiamart.com/proddetail/25mm-pvc-water-pipes-23564595988.html
p_86afc3493e73430c,water_pipes,Unbranded UPVC / PVC 25 mm × 3 m,,hyderabad,MNR Building Solutions,Hyderabad,IndiaMART,dealer,50.00,piece,16.67,running_metre,EXCL,18,3917,6.52,1.50,3.00,30.69,92.07,,,unknown,,NOT_DECLARED,,0,4.4,27,28.56,parcel,seeded_fallback,2026-08-01T06:38:03.238Z,https://www.indiamart.com/proddetail/pvc-pipe-for-tierod-24922227291.html
p_86afc3493e73430c,water_pipes,Unbranded UPVC / PVC 25 mm × 3 m,,hyderabad,B A Traders,"Secunderabad, Dist. Hyderabad",IndiaMART,dealer,312.00,piece,104.00,running_metre,EXCL,18,3917,6.52,1.50,3.00,30.69,92.07,,,unknown,,NOT_DECLARED,,0,3,4,31.25,parcel,seeded_fallback,2026-08-01T06:38:17.517Z,https://www.indiamart.com/proddetail/upvc-round-pipe-2856013701033.html
p_86afc3493e73430c,water_pipes,Unbranded UPVC / PVC 25 mm × 3 m,,hyderabad,AR Industries,Deals in Hyderabad,IndiaMART,dealer,96.00,piece,32.00,running_metre,EXCL,18,3917,6.52,1.50,3.00,30.69,92.07,,,unknown,,NOT_DECLARED,,0,3.6,527,16.86,parcel,seeded_fallback,2026-08-01T06:38:24.324Z,https://www.indiamart.com/proddetail/upvc-water-pipes-2855204282773.html
p_86afc3493e73430c,water_pipes,Unbranded UPVC / PVC 25 mm × 3 m,,hyderabad,JK Polyextrusion,Hyderabad,IndiaMART,dealer,147.00,piece,49.00,running_metre,EXCL,18,3917,6.52,1.50,3.00,30.69,92.07,,,unknown,,NOT_DECLARED,,0,4.3,7,33.23,parcel,seeded_fallback,2026-08-01T06:38:31.489Z,https://www.indiamart.com/proddetail/upvc-sn4-pipe-2855403873291.html
p_87fec850c2223123,water_pipes,Unbranded CPVC 40 mm × 3 m,,hyderabad,Asian Poly Plast,Deals in Hyderabad,IndiaMART,dealer,50.00,piece,16.67,running_metre,EXCL,18,3917,6.52,1.50,3.00,30.69,92.07,,,unknown,,NOT_DECLARED,,0,4,166,19.27,parcel,seeded_fallback,2026-08-01T06:39:06.546Z,https://www.indiamart.com/proddetail/1-5-inch-cpvc-pipe-fittings-23492693173.html
p_595134a0776ef7b2,water_pipes,Unbranded UPVC / PVC 75 mm × 3 m,,hyderabad,AV Marketing,"Secunderabad, Dist. Hyderabad",IndiaMART,dealer,50.00,piece,16.67,running_metre,EXCL,18,3917,6.52,1.50,3.00,30.69,92.07,,,unknown,,NOT_DECLARED,,0,4.8,21,21.56,parcel,seeded_fallback,2026-08-01T06:37:56.546Z,https://www.indiamart.com/proddetail/pvc-waste-pipe-2851558883630.html
p_595134a0776ef7b2,water_pipes,Unbranded UPVC / PVC 75 mm × 3 m,,hyderabad,Sri Vatsa Building Needs,Hyderabad,IndiaMART,dealer,400.00,piece,133.33,running_metre,EXCL,18,3917,6.52,1.50,3.00,30.69,92.07,,,unknown,,NOT_DECLARED,,0,5,2,16.18,parcel,seeded_fallback,2026-08-01T06:38:45.678Z,https://www.indiamart.com/proddetail/birla-hil-75-mm-pvc-rigid-pipe-2854654427273.html
p_0ef8d0582c55c24a,water_pipes,Polycab UPVC / PVC ? mm × 3 m,Polycab,hyderabad,Shree Deepam Electrical Lines,"Secunderabad, Dist. Hyderabad",IndiaMART,dealer,54.00,piece,18.00,running_metre,EXCL,18,3917,6.52,1.50,3.00,32.26,96.78,,,unknown,,NOT_DECLARED,,0,3.9,112,17.54,parcel,seeded_fallback,2026-08-01T06:38:03.238Z,https://www.indiamart.com/proddetail/polycab-pvc-pipes-21730179297.html
p_deed71b854375da3,water_pipes,Unbranded CPVC ? mm × 3 m,,hyderabad,Reva Polyplast,Deals in Hyderabad,IndiaMART,dealer,57.00,piece,19.00,running_metre,EXCL,18,3917,6.52,1.50,3.00,33.44,100.32,,,unknown,,NOT_DECLARED,,0,4.3,92,28,parcel,seeded_fallback,2026-08-01T06:39:06.546Z,https://www.indiamart.com/proddetail/cpvc-long-bend-90-degree-2857753027773.html
p_824800cb70711210,water_pipes,Unbranded HDPE 90 mm × 3 m,,hyderabad,Gayathri Electricals,"Secunderabad, Dist. Hyderabad",IndiaMART,dealer,95.00,running_metre,95.00,running_metre,EXCL,18,3917,6.52,1.50,3.00,34.62,34.62,,,unknown,,NOT_DECLARED,,0,4.6,33,21.64,parcel,seeded_fallback,2026-08-01T06:37:35.188Z,https://www.indiamart.com/proddetail/hdpe-double-wall-corrugated-pipe-27155048555.html
p_824800cb70711210,water_pipes,Unbranded HDPE 90 mm × 3 m,,hyderabad,Sri Balaji Electricals,"Secunderabad, Dist. Hyderabad",IndiaMART,dealer,110.00,running_metre,110.00,running_metre,EXCL,18,3917,6.52,1.50,3.00,34.62,34.62,,,unknown,,NOT_DECLARED,,0,4.8,31,28.48,parcel,seeded_fallback,2026-08-01T06:37:56.546Z,https://www.indiamart.com/proddetail/90mm-underground-hdpe-pipes-2857749084488.html
p_824800cb70711210,water_pipes,Unbranded HDPE 90 mm × 3 m,,hyderabad,Tirupati Polymers,"Secunderabad, Dist. Hyderabad",IndiaMART,dealer,20.00,running_metre,20.00,running_metre,EXCL,18,3917,6.52,1.50,3.00,34.62,34.62,,,unknown,,NOT_DECLARED,,0,4.3,40,19.88,parcel,seeded_fallback,2026-08-01T06:37:07.158Z,https://www.indiamart.com/proddetail/hdpe-pipes-for-water-supply-2853953986248.html
p_824800cb70711210,water_pipes,Unbranded HDPE 90 mm × 3 m,,hyderabad,Khandelwal Sales Corporation,Hyderabad,IndiaMART,dealer,40.00,running_metre,40.00,running_metre,EXCL,18,3917,6.52,1.50,3.00,34.62,34.62,,,unknown,,NOT_DECLARED,,0,4.1,27,33.83,parcel,seeded_fallback,2026-08-01T06:36:39.476Z,https://www.indiamart.com/proddetail/agricultural-water-pipe-2853598604148.html
p_824800cb70711210,water_pipes,Unbranded HDPE 90 mm × 3 m,,hyderabad,Manjeera Water Solutions,Hyderabad,IndiaMART,dealer,300.00,running_metre,300.00,running_metre,EXCL,18,3917,6.52,1.50,3.00,34.62,34.62,,,unknown,,NOT_DECLARED,,0,3.7,15,37.43,parcel,seeded_fallback,2026-08-01T06:36:46.637Z,https://www.indiamart.com/proddetail/90mm-hdpe-water-pipe-2851095444191.html
p_e33d7ddb432c7fcd,water_pipes,Unbranded HDPE 110 mm × 3 m,,hyderabad,Tirupati Polymers,"Secunderabad, Dist. Hyderabad",IndiaMART,dealer,20.00,running_metre,20.00,running_metre,EXCL,18,3917,6.52,1.50,3.00,34.62,34.62,,,unknown,,NOT_DECLARED,,0,4.3,40,19.88,parcel,seeded_fallback,2026-08-01T06:37:35.188Z,https://www.indiamart.com/proddetail/underground-agricultural-hdpe-pipes-2853954009530.html
p_e33d7ddb432c7fcd,water_pipes,Unbranded HDPE 110 mm × 3 m,,hyderabad,Shiva Engineering Works,"Secunderabad, Dist. Hyderabad",IndiaMART,dealer,6000.00,running_metre,6000.00,running_metre,EXCL,18,3917,6.52,1.50,3.00,34.62,34.62,,,unknown,,NOT_DECLARED,,0,2.4,10,22.23,parcel,seeded_fallback,2026-08-01T06:37:56.546Z,https://www.indiamart.com/proddetail/domestic-hdpe-pipe-26793658897.html
p_e33d7ddb432c7fcd,water_pipes,Unbranded HDPE 110 mm × 3 m,,hyderabad,Tirupati Polymers,"Secunderabad, Dist. Hyderabad",IndiaMART,dealer,35.00,running_metre,35.00,running_metre,EXCL,18,3917,6.52,1.50,3.00,34.62,34.62,,,unknown,,NOT_DECLARED,,0,4.3,40,19.88,parcel,seeded_fallback,2026-08-01T06:35:43.098Z,https://www.indiamart.com/proddetail/dwc-hdpe-pipe-2855756560812.html
p_e33d7ddb432c7fcd,water_pipes,Unbranded HDPE 110 mm × 3 m,,hyderabad,Balaji Poly Plast,Deals in Hyderabad,IndiaMART,dealer,118.00,running_metre,118.00,running_metre,EXCL,18,3917,6.52,1.50,3.00,34.62,34.62,,,unknown,,NOT_DECLARED,,0,4.4,108,7.86,parcel,seeded_fallback,2026-08-01T06:35:43.098Z,https://www.indiamart.com/proddetail/110-mm-hdpe-pipe-2854402363473.html
p_e33d7ddb432c7fcd,water_pipes,Unbranded HDPE 110 mm × 3 m,,hyderabad,Gauthami Pipes Private Limited,Hyderabad,IndiaMART,dealer,240.00,running_metre,240.00,running_metre,EXCL,18,3917,6.52,1.50,3.00,34.62,34.62,,,unknown,,NOT_DECLARED,,0,4.2,16,23.05,parcel,seeded_fallback,2026-08-01T06:37:14.248Z,https://www.indiamart.com/proddetail/4-inch-6-kg-hdpe-water-pipe-4042824897.html
p_b55bfaf549e2913e,water_pipes,Unbranded HDPE 20 mm × 3 m,,hyderabad,JP Polyplast,Deals in Hyderabad,IndiaMART,dealer,123.00,running_metre,123.00,running_metre,EXCL,18,3917,6.52,1.50,3.00,34.62,34.62,,,unknown,,NOT_DECLARED,,0,3.9,143,22.56,parcel,seeded_fallback,2026-08-01T06:35:43.098Z,https://www.indiamart.com/proddetail/hdpe-pipe-20-mm-to-315-mm-22410431962.html
p_b55bfaf549e2913e,water_pipes,Unbranded HDPE 20 mm × 3 m,,hyderabad,S.N.Polymers,Hyderabad,IndiaMART,dealer,20.00,running_metre,20.00,running_metre,EXCL,18,3917,6.52,1.50,3.00,34.62,34.62,,,unknown,,NOT_DECLARED,,0,4.5,32,12.72,parcel,seeded_fallback,2026-08-01T06:36:39.476Z,https://www.indiamart.com/proddetail/hdpe-pipe-20mm-21414769991.html
p_de96b75a57e0d142,water_pipes,Fitwell CPVC 15 mm × 3 m,Fitwell,hyderabad,Fitwell Polytechnik Private Limited,Deals in Hyderabad,IndiaMART,dealer,60.00,piece,20.00,running_metre,EXCL,18,3917,6.52,1.50,3.00,34.62,103.86,,,unknown,,NOT_DECLARED,,0,4.3,159,9.69,parcel,seeded_fallback,2026-08-01T06:47:08.863Z,https://www.indiamart.com/proddetail/cpvc-elbow-12031182348.html
p_482fefd8fac84086,water_pipes,Tomson CPVC 20 mm SDR-11 × 3 m,Tomson,hyderabad,Veer Polyplast,Deals in Hyderabad,IndiaMART,dealer,60.00,piece,20.00,running_metre,EXCL,18,3917,6.52,1.50,3.00,34.62,103.86,,,unknown,,NOT_DECLARED,,0,4.3,29,35.44,parcel,seeded_fallback,2026-08-01T06:47:08.863Z,https://www.indiamart.com/proddetail/tomson-isi-cpvc-pipe-2850221163833.html
p_8467de2b17b37e52,water_pipes,Unbranded UPVC / PVC 40 mm × 3 m,,hyderabad,Sree Vasavi Traders,Hyderabad,ExportersIndia,dealer,45.00,running_metre,45.00,running_metre,EXCL,18,3917,1.83,0.17,3.00,35.80,107.40,500,Metre,unknown,,NOT_DECLARED,,0,,,38.14,tempo,seeded_fallback,2026-08-06T13:06:42.429Z,https://www.exportersindia.com/product-detail/pvc-curing-pipe-9361243968.htm
p_8467de2b17b37e52,water_pipes,Unbranded UPVC / PVC 40 mm × 3 m,,hyderabad,SHRI SAI KRISHNA AGRO Services,L. B. Nagar,ExportersIndia,dealer,35.00,running_metre,35.00,running_metre,EXCL,18,3917,3.32,0.30,3.00,35.80,107.40,100,Metre,unknown,,NOT_DECLARED,,0,,,17.87,parcel,seeded_fallback,2026-08-06T13:06:42.429Z,https://www.exportersindia.com/product-detail/seed-drill-pvc-pipe-1885996613.htm
p_8467de2b17b37e52,water_pipes,Unbranded UPVC / PVC 40 mm × 3 m,,hyderabad,Pipe House Industries,Hyderabad,IndiaMART,dealer,63.00,piece,21.00,running_metre,EXCL,18,3917,6.52,1.50,3.00,35.80,107.40,,,unknown,,NOT_DECLARED,,0,4.2,30,20.13,parcel,seeded_fallback,2026-08-01T06:38:03.238Z,https://www.indiamart.com/proddetail/dripfit-pvc-40mm-pvc-pipe-2858817883148.html
p_8467de2b17b37e52,water_pipes,Unbranded UPVC / PVC 40 mm × 3 m,,hyderabad,Shivom Polyplast (India) Private Limited,Deals in Hyderabad,IndiaMART,dealer,376.00,piece,125.33,running_metre,EXCL,18,3917,6.52,1.50,3.00,35.80,107.40,,,unknown,,NOT_DECLARED,,0,4,141,17.94,parcel,seeded_fallback,2026-08-01T06:38:17.517Z,https://www.indiamart.com/proddetail/1-5-inch-6m-40-sch-upvc-pipe-25750426155.html
p_8467de2b17b37e52,water_pipes,Unbranded UPVC / PVC 40 mm × 3 m,,hyderabad,Deccan Industries,Hyderabad,IndiaMART,dealer,45.00,running_metre,45.00,running_metre,EXCL,18,3917,6.52,1.50,3.00,35.80,107.40,,,unknown,,NOT_DECLARED,,0,3.8,12,22.17,parcel,seeded_fallback,2026-08-01T06:36:39.476Z,https://www.indiamart.com/proddetail/pvc-water-pipe-2852869986712.html
p_9a861b4911fa6039,water_pipes,Unbranded UPVC / PVC 32 mm × 3 m,,hyderabad,Aroplast Enterprise,Deals in Hyderabad,IndiaMART,dealer,68.00,piece,22.67,running_metre,EXCL,18,3917,6.52,1.50,3.00,37.77,113.31,,,unknown,,NOT_DECLARED,,0,4,60,37.68,parcel,seeded_fallback,2026-08-01T06:38:03.238Z,https://www.indiamart.com/proddetail/32mm-pvc-pipe-2859595990548.html
p_9a861b4911fa6039,water_pipes,Unbranded UPVC / PVC 32 mm × 3 m,,hyderabad,Shree Krishna Industries,Deals in Hyderabad,IndiaMART,dealer,70.00,piece,23.33,running_metre,EXCL,18,3917,6.52,1.50,3.00,37.77,113.31,,,unknown,,NOT_DECLARED,,0,4.2,24,14.75,parcel,seeded_fallback,2026-08-01T06:38:03.238Z,https://www.indiamart.com/proddetail/1-inch-submersible-pump-packing-pvc-pipe-2857634373591.html
p_9a861b4911fa6039,water_pipes,Unbranded UPVC / PVC 32 mm × 3 m,,hyderabad,SSV Enterprises,Hyderabad,IndiaMART,dealer,86.00,piece,28.67,running_metre,EXCL,18,3917,6.52,1.50,3.00,37.77,113.31,,,unknown,,NOT_DECLARED,,0,3.5,6,28.36,parcel,seeded_fallback,2026-08-01T06:38:45.678Z,https://www.indiamart.com/proddetail/32-mm-pvc-water-pipe-21342617588.html
p_cd202ad5485302d4,water_pipes,Unbranded HDPE ? mm × 3 m,,hyderabad,PV Smart Energy LLP,"Chandanagar, Hyderabad",IndiaMART,dealer,73.00,piece,24.33,running_metre,EXCL,18,3917,6.52,1.50,3.00,39.73,119.19,,,unknown,,NOT_DECLARED,,0,5,1,27.87,parcel,seeded_fallback,2026-08-01T06:35:43.098Z,https://www.indiamart.com/proddetail/hdpe-pro-pipe-2859195485673.html
p_62aefe8d8d784b3f,water_pipes,Jindal UPVC / PVC 15 mm × 3 m,Jindal,hyderabad,Elite Technical Resources,Hyderabad,IndiaMART,dealer,25.00,running_metre,25.00,running_metre,EXCL,18,3917,6.52,1.50,3.00,40.52,40.52,,,unknown,,NOT_DECLARED,,0,4.3,20,26.06,parcel,seeded_fallback,2026-08-01T06:38:17.517Z,https://www.indiamart.com/proddetail/upvc-pipes-jindal-25153119373.html
p_105c6c6396f6e5f6,water_pipes,Unbranded HDPE 15 mm × 3 m,,hyderabad,Tirupati Enterprises,Hyderabad,IndiaMART,dealer,26.00,running_metre,26.00,running_metre,EXCL,18,3917,6.52,1.50,3.00,41.70,41.70,,,unknown,,NOT_DECLARED,,0,4.3,11,23.1,parcel,seeded_fallback,2026-08-01T06:35:43.098Z,https://www.indiamart.com/proddetail/blue-hdpe-pipe-2849458113891.html
p_105c6c6396f6e5f6,water_pipes,Unbranded HDPE 15 mm × 3 m,,hyderabad,Anjana Metal Industries,"Secunderabad, Dist. Hyderabad",IndiaMART,dealer,182.00,running_metre,182.00,running_metre,EXCL,18,3917,6.52,1.50,3.00,41.70,41.70,,,unknown,,NOT_DECLARED,,0,4.1,111,37.72,parcel,seeded_fallback,2026-08-01T06:37:21.488Z,https://www.indiamart.com/proddetail/black-hdpe-coil-pipe-24162342088.html
p_3db4250881e8a139,water_pipes,Kaizen CPVC 25 mm × 3 m,Kaizen,hyderabad,Kaizen Pipes & Fittings ( Brand Of Rajendra Industries),Deals in Hyderabad,IndiaMART,dealer,79.90,piece,26.63,running_metre,EXCL,18,3917,6.52,1.50,3.00,42.44,127.32,,,unknown,,NOT_DECLARED,,0,4.4,44,10.61,parcel,seeded_fallback,2026-08-01T06:47:08.863Z,https://www.indiamart.com/proddetail/kaizen-1-inch-cpvc-pipe-19666313230.html
p_86cdd046777e3ae9,water_pipes,Champion HDPE 25 mm × 3 m,Champion,hyderabad,Savera Pipes Private Limited,Hyderabad,IndiaMART,dealer,27.00,running_metre,27.00,running_metre,EXCL,18,3917,6.52,1.50,3.00,42.88,42.88,,,unknown,,NOT_DECLARED,,0,4.2,128,7.94,parcel,seeded_fallback,2026-08-01T06:35:43.098Z,https://www.indiamart.com/proddetail/champion-25-mm-hdpe-pipe-2854141256297.html
p_1dd9fdc2780bebf3,water_pipes,Suki SWR ? mm × 3 m,Suki,hyderabad,Surya Sales Corporation,Hyderabad,IndiaMART,dealer,85.76,piece,28.59,running_metre,EXCL,18,3917,6.52,1.50,3.00,44.76,134.28,,,unknown,,NOT_DECLARED,,0,4.7,91,13.73,parcel,seeded_fallback,2026-08-01T06:34:02.397Z,https://www.indiamart.com/proddetail/suki-swr-cleaning-pipe-22944084255.html
p_e6c5896b2561390a,water_pipes,Unbranded HDPE 500 mm PE 100 × 3 m,,hyderabad,Laxmi Pumps Marketing Services,Hyderabad,IndiaMART,dealer,30.00,running_metre,30.00,running_metre,EXCL,18,3917,6.52,1.50,3.00,46.42,46.42,,,unknown,,NOT_DECLARED,,0,4.4,79,19.6,parcel,seeded_fallback,2026-08-01T06:37:07.158Z,https://www.indiamart.com/proddetail/hdpe-water-pipe-20526152833.html
p_bd78c9a0dd3bbb7b,water_pipes,Unbranded HDPE ? mm × 3 m,,hyderabad,Dhanraj Enterprises,"Secunderabad, Dist. Hyderabad",IndiaMART,dealer,30.00,running_metre,30.00,running_metre,EXCL,18,3917,6.52,1.50,3.00,46.42,46.42,,,unknown,,NOT_DECLARED,,0,4.5,4,31.06,parcel,seeded_fallback,2026-08-01T06:36:39.476Z,https://www.indiamart.com/proddetail/hdpe-water-pipe-23449574288.html
p_46bd5daf55a822c0,water_pipes,Suki SWR ? mm × 3 m,Suki,hyderabad,Surya Sales Corporation,Hyderabad,IndiaMART,dealer,92.79,piece,30.93,running_metre,EXCL,18,3917,6.52,1.50,3.00,47.52,142.56,,,unknown,,NOT_DECLARED,,0,4.7,91,13.73,parcel,seeded_fallback,2026-08-01T06:33:51.970Z,https://www.indiamart.com/proddetail/suki-swr-pipes-22947219591.html
p_a9d8b387d3dc139b,water_pipes,Unbranded CPVC 20 mm SDR-13.5 × 3 m,,hyderabad,Tirupati Enterprises,Hyderabad,IndiaMART,dealer,95.00,piece,31.67,running_metre,EXCL,18,3917,6.52,1.50,3.00,48.39,145.17,,,unknown,,NOT_DECLARED,,0,4.3,11,23.1,parcel,seeded_fallback,2026-08-01T06:47:08.863Z,https://www.indiamart.com/proddetail/cpvc-pipes-2027530862.html
p_a549e97f3f384367,water_pipes,Unbranded UPVC / PVC 160 mm × 3 m,,hyderabad,Yash Sanitation Home,Hyderabad,IndiaMART,dealer,296.00,running_metre,296.00,running_metre,EXCL,18,3917,6.52,1.50,3.00,48.78,48.78,,,unknown,,NOT_DECLARED,,0,3,5,30.79,parcel,seeded_fallback,2026-08-01T06:38:17.517Z,https://www.indiamart.com/proddetail/underground-upvc-pipe-2852226220862.html
p_a549e97f3f384367,water_pipes,Unbranded UPVC / PVC 160 mm × 3 m,,hyderabad,AR Industries,Deals in Hyderabad,IndiaMART,dealer,32.00,running_metre,32.00,running_metre,EXCL,18,3917,6.52,1.50,3.00,48.78,48.78,,,unknown,,NOT_DECLARED,,0,3.6,527,16.86,parcel,seeded_fallback,2026-08-01T06:38:31.489Z,https://www.indiamart.com/proddetail/3-4inch-upvc-pipe-2856599309262.html
p_5552b42883b0c390,water_pipes,Unbranded CPVC ? mm × 3 m,,hyderabad,Delight Polytech,Deals in Hyderabad,IndiaMART,dealer,100.00,piece,33.33,running_metre,EXCL,18,3917,6.52,1.50,3.00,50.35,151.05,,,unknown,,NOT_DECLARED,,0,4.5,30,34.7,parcel,seeded_fallback,2026-08-01T06:47:08.863Z,https://www.indiamart.com/proddetail/cpvc-water-pipes-2852650777391.html
p_cdc96badbd289cc8,water_pipes,Unbranded CPVC ? mm × 3 m,,hyderabad,Shree Ram Enterprises,Deals in Hyderabad,IndiaMART,dealer,100.00,piece,33.33,running_metre,EXCL,18,3917,6.52,1.50,3.00,50.35,151.05,,,unknown,,NOT_DECLARED,,0,3.9,34,36.67,parcel,seeded_fallback,2026-08-01T06:39:06.546Z,https://www.indiamart.com/proddetail/ryno-cpvc-pipe-fittings-2855409551255.html
p_2892fedc82869665,water_pipes,Unbranded HDPE 25 mm × 3 m,,hyderabad,Utkarsh India Limited,Deals in Hyderabad,IndiaMART,dealer,1240.00,running_metre,1240.00,running_metre,EXCL,18,3917,6.52,1.50,3.00,51.14,51.14,,,unknown,,NOT_DECLARED,,0,4,169,9.39,parcel,seeded_fallback,2026-08-01T06:35:43.098Z,https://www.indiamart.com/proddetail/agricultural-hdpe-pipe-2855251274873.html
p_2892fedc82869665,water_pipes,Unbranded HDPE 25 mm × 3 m,,hyderabad,Sri Balaji Electricals,"Secunderabad, Dist. Hyderabad",IndiaMART,dealer,60.00,running_metre,60.00,running_metre,EXCL,18,3917,6.52,1.50,3.00,51.14,51.14,,,unknown,,NOT_DECLARED,,0,4.8,31,28.48,parcel,seeded_fallback,2026-08-01T06:35:50.128Z,https://www.indiamart.com/proddetail/hdpe-pipe-1-inch-2858893414673.html
p_2892fedc82869665,water_pipes,Unbranded HDPE 25 mm × 3 m,,hyderabad,Manjeera Water Solutions,Hyderabad,IndiaMART,dealer,34.00,running_metre,34.00,running_metre,EXCL,18,3917,6.52,1.50,3.00,51.14,51.14,,,unknown,,NOT_DECLARED,,0,3.7,15,37.43,parcel,seeded_fallback,2026-08-01T06:36:53.434Z,https://www.indiamart.com/proddetail/25mm-hdpe-water-pipe-2851514179973.html
p_ecc16a75a41d2ba7,water_pipes,Unbranded pipe ? mm × 3 m,,hyderabad,Alfa Rope Suppliers,Hyderabad,IndiaMART,dealer,110.00,piece,36.67,running_metre,EXCL,18,3917,6.52,1.50,3.00,54.29,162.87,,,unknown,,NOT_DECLARED,,0,4.8,15,24.03,parcel,seeded_fallback,2026-08-01T06:36:39.476Z,https://www.indiamart.com/proddetail/water-pipe-2851852639730.html
p_8b680f633acd9b74,water_pipes,Lexon CPVC 20 mm SDR-11 × 3 m,Lexon,hyderabad,Lexon Industries Limited,Deals in Hyderabad,IndiaMART,dealer,113.00,piece,37.67,running_metre,EXCL,18,3917,6.52,1.50,3.00,55.47,166.41,,,unknown,,NOT_DECLARED,,0,4.8,28,6.81,parcel,seeded_fallback,2026-08-01T06:47:08.863Z,https://www.indiamart.com/proddetail/20-mm-lexon-pro-cpvc-sdr-11-pipes-2856815977355.html
p_f3c3e835b1093b1b,water_pipes,Unbranded HDPE 50 mm × 3 m,,hyderabad,Sri Lakshmi Venkateswara Agencies,"Malkajgiri, Secunderabad, Dist. Hyderabad",IndiaMART,dealer,40.00,running_metre,40.00,running_metre,EXCL,18,3917,6.52,1.50,3.00,58.22,58.22,,,unknown,,NOT_DECLARED,,0,4.6,32,20.3,parcel,seeded_fallback,2026-08-01T06:37:35.188Z,https://www.indiamart.com/proddetail/hdpe-double-wall-corrugated-pipe-dwc-pipe-22592628588.html
p_f3c3e835b1093b1b,water_pipes,Unbranded HDPE 50 mm × 3 m,,hyderabad,V Khsirsagar Enterprises,Deals in Hyderabad,IndiaMART,dealer,80.00,running_metre,80.00,running_metre,EXCL,18,3917,6.52,1.50,3.00,58.22,58.22,,,unknown,,NOT_DECLARED,,0,4.6,77,32.26,parcel,seeded_fallback,2026-08-01T06:35:43.098Z,https://www.indiamart.com/proddetail/50mm-hdpe-pipe-2854037100333.html
p_582db9060bd58ace,water_pipes,Unbranded SWR ? mm × 3 m,,hyderabad,Maha Lakshmi Marketing,"Secunderabad, Dist. Hyderabad",IndiaMART,dealer,120.00,piece,40.00,running_metre,EXCL,18,3917,6.52,1.50,3.00,58.22,174.66,,,unknown,,NOT_DECLARED,,0,,,9.38,parcel,seeded_fallback,2026-08-01T06:33:51.970Z,https://www.indiamart.com/proddetail/pvc-swr-cleansing-pipe-2856710033030.html
p_fe7f18358d42fa75,water_pipes,Unbranded SWR 75 mm × 3 m,,hyderabad,Utkarsh Incorp Private Limited,"Secunderabad, Dist. Hyderabad",IndiaMART,dealer,785.00,piece,261.67,running_metre,EXCL,18,3917,6.52,1.50,3.00,60.58,181.74,,,unknown,,NOT_DECLARED,,0,4.3,39,13.07,parcel,seeded_fallback,2026-08-01T06:33:51.970Z,https://www.indiamart.com/proddetail/swr-pipes-and-fitting-23458181555.html
p_fe7f18358d42fa75,water_pipes,Unbranded SWR 75 mm × 3 m,,hyderabad,Pipe House Industries,Hyderabad,IndiaMART,dealer,126.00,piece,42.00,running_metre,EXCL,18,3917,6.52,1.50,3.00,60.58,181.74,,,unknown,,NOT_DECLARED,,0,4.2,30,20.13,parcel,seeded_fallback,2026-08-01T06:33:51.970Z,https://www.indiamart.com/proddetail/dripfit-pvc-75mm-swr-pipe-3-metre-2858805402862.html
p_fe7f18358d42fa75,water_pipes,Unbranded SWR 75 mm × 3 m,,hyderabad,V Khsirsagar Enterprises,Deals in Hyderabad,IndiaMART,dealer,350.00,piece,116.67,running_metre,EXCL,18,3917,6.52,1.50,3.00,60.58,181.74,,,unknown,,NOT_DECLARED,,0,4.6,77,32.26,parcel,seeded_fallback,2026-08-01T06:33:55.484Z,https://www.indiamart.com/proddetail/swr-pvc-pipes-75mm-2-5-pipe-2857610600055.html
p_b725cb6c5f1b4cfa,water_pipes,Unbranded SWR 110 mm × 3 m,,hyderabad,Sandhyaflex India Private Limited,Hyderabad,IndiaMART,dealer,675.00,running_metre,675.00,running_metre,EXCL,18,3917,6.52,1.50,3.00,60.58,181.74,,,unknown,,NOT_DECLARED,,0,4.1,295,37.31,parcel,seeded_fallback,2026-08-01T06:37:35.188Z,https://www.indiamart.com/proddetail/hdpe-corrugated-subsoil-drainage-pipe-110mmod-2857066849597.html
p_b725cb6c5f1b4cfa,water_pipes,Unbranded SWR 110 mm × 3 m,,hyderabad,Austin Pipes And Fittings,Hyderabad,IndiaMART,dealer,400.00,piece,133.33,running_metre,EXCL,18,3917,6.52,1.50,3.00,60.58,181.74,,,unknown,,NOT_DECLARED,,0,5,1,32.95,parcel,seeded_fallback,2026-08-01T06:33:51.970Z,https://www.indiamart.com/proddetail/75-and-110-mm-swr-pipe-2855764663597.html
p_b725cb6c5f1b4cfa,water_pipes,Unbranded SWR 110 mm × 3 m,,hyderabad,A K Sanitation,Hyderabad,IndiaMART,dealer,420.00,piece,140.00,running_metre,EXCL,18,3917,6.52,1.50,3.00,60.58,181.74,,,unknown,,NOT_DECLARED,,0,,,11.31,parcel,seeded_fallback,2026-08-01T06:33:51.970Z,https://www.indiamart.com/proddetail/4-inch-pvc-swr-pipe-2859452293273.html
p_b725cb6c5f1b4cfa,water_pipes,Unbranded SWR 110 mm × 3 m,,hyderabad,Sowbhagya Plastics Pvt. Ltd.,Hyderabad,IndiaMART,dealer,126.00,piece,42.00,running_metre,EXCL,18,3917,6.52,1.50,3.00,60.58,181.74,,,unknown,,NOT_DECLARED,,0,3.6,10,17.56,parcel,seeded_fallback,2026-08-01T06:34:02.397Z,https://www.indiamart.com/proddetail/110mm-swr-cleansing-ring-fit-pipe-2855704431273.html
p_f83b7fb9d6954c11,water_pipes,Unbranded HDPE ? mm × 3 m,,hyderabad,Shiva Engineering Works,"Secunderabad, Dist. Hyderabad",IndiaMART,dealer,42.00,running_metre,42.00,running_metre,EXCL,18,3917,6.52,1.50,3.00,60.58,60.58,,,unknown,,NOT_DECLARED,,0,2.4,10,22.23,parcel,seeded_fallback,2026-08-01T06:36:39.476Z,https://www.indiamart.com/proddetail/hdpe-water-pipe-2851749756312.html
p_82e1bfb04df1f5d9,water_pipes,Suki UPVC / PVC ? mm × 3 m,Suki,hyderabad,Surya Sales Corporation,Hyderabad,IndiaMART,dealer,127.00,piece,42.33,running_metre,EXCL,18,3917,6.52,1.50,3.00,60.97,182.91,,,unknown,,NOT_DECLARED,,0,4.7,91,13.73,parcel,seeded_fallback,2026-08-01T06:38:17.517Z,https://www.indiamart.com/proddetail/suki-upvc-pipes-22947085733.html
p_f482117a055eb499,water_pipes,BRP CPVC 20 mm × 3 m,BRP,hyderabad,BRP Shoppe Private Limited,"Secunderabad, Dist. Hyderabad",IndiaMART,dealer,131.00,piece,43.67,running_metre,EXCL,18,3917,6.52,1.50,3.00,62.55,187.65,,,unknown,,NOT_DECLARED,,0,4.8,31,12.55,parcel,seeded_fallback,2026-08-01T06:47:08.863Z,https://www.indiamart.com/proddetail/cpvc-pipe-14346773830.html
p_fbe5ecab5b3bda94,water_pipes,Unbranded HDPE 16 mm × 3 m,,hyderabad,Gayatri Fibertech,Hyderabad,IndiaMART,dealer,110.00,running_metre,110.00,running_metre,EXCL,18,3917,6.52,1.50,3.00,64.12,64.12,,,unknown,,NOT_DECLARED,,0,5,1,12.11,parcel,seeded_fallback,2026-08-01T06:37:42.454Z,https://www.indiamart.com/proddetail/underground-hdpe-pipes-2854859456612.html
p_fbe5ecab5b3bda94,water_pipes,Unbranded HDPE 16 mm × 3 m,,hyderabad,Pavani Enterprises,"Secunderabad, Dist. Hyderabad",IndiaMART,dealer,45.00,running_metre,45.00,running_metre,EXCL,18,3917,6.52,1.50,3.00,64.12,64.12,,,unknown,,NOT_DECLARED,,0,3.9,190,40.15,parcel,seeded_fallback,2026-08-01T06:36:39.476Z,https://www.indiamart.com/proddetail/hdpe-water-pipe-16-kg-20-kg-16-mm-20-mm-25-mm-2853151141197.html
p_6cff61f0cdc04c49,water_pipes,Unbranded UPVC / PVC ? mm × 3 m,,hyderabad,PV Smart Energy LLP,"Chandanagar, Hyderabad",IndiaMART,dealer,45.00,running_metre,45.00,running_metre,EXCL,18,3917,6.52,1.50,3.00,64.12,64.12,,,unknown,,NOT_DECLARED,,0,5,1,27.87,parcel,seeded_fallback,2026-08-01T06:37:21.488Z,https://www.indiamart.com/proddetail/upvc-pipe-2859197140112.html
p_8c3a30054622b1fd,water_pipes,Unbranded HDPE ? mm × 3 m,,hyderabad,Prashanth Industries,Hyderabad,IndiaMART,dealer,46.00,running_metre,46.00,running_metre,EXCL,18,3917,6.52,1.50,3.00,65.30,65.30,,,unknown,,NOT_DECLARED,,0,3.9,13,22.75,parcel,seeded_fallback,2026-08-01T06:35:43.098Z,https://www.indiamart.com/proddetail/100m-hdpe-pipe-2856483767055.html
p_0e6a0cc287ca72fa,water_pipes,Unbranded SWR 90 mm × 3 m,,hyderabad,Astha Polymers Private Limited,"Medchal, Hyderabad",IndiaMART,dealer,350.00,piece,116.67,running_metre,EXCL,18,3917,6.52,1.50,3.00,65.30,195.90,,,unknown,,NOT_DECLARED,,0,4.1,28,26.79,parcel,seeded_fallback,2026-08-01T06:33:51.970Z,https://www.indiamart.com/proddetail/swr-pipes-with-integrated-rings-6915587888.html
p_0e6a0cc287ca72fa,water_pipes,Unbranded SWR 90 mm × 3 m,,hyderabad,Patel'S Trader,Hyderabad,IndiaMART,dealer,138.00,piece,46.00,running_metre,EXCL,18,3917,6.52,1.50,3.00,65.30,195.90,,,unknown,,NOT_DECLARED,,0,3.5,16,39.54,parcel,seeded_fallback,2026-08-01T06:33:51.970Z,https://www.indiamart.com/proddetail/swr-cleansing-pipe-2851083662173.html
p_0e6a0cc287ca72fa,water_pipes,Unbranded SWR 90 mm × 3 m,,hyderabad,Vibha Enterprises,"Secunderabad, Dist. Hyderabad",IndiaMART,dealer,690.00,piece,230.00,running_metre,EXCL,18,3917,6.52,1.50,3.00,65.30,195.90,,,unknown,,NOT_DECLARED,,0,3.6,10,25.17,parcel,seeded_fallback,2026-08-01T06:33:51.970Z,https://www.indiamart.com/proddetail/pvc-swr-pipe-27094663288.html
p_0e6a0cc287ca72fa,water_pipes,Unbranded SWR 90 mm × 3 m,,hyderabad,Patel'S Trader,Hyderabad,IndiaMART,dealer,138.00,piece,46.00,running_metre,EXCL,18,3917,6.52,1.50,3.00,65.30,195.90,,,unknown,,NOT_DECLARED,,0,3.5,16,39.54,parcel,seeded_fallback,2026-08-01T06:33:58.839Z,https://www.indiamart.com/proddetail/swr-cleansing-pipe-2851083671988.html
p_d45c7c737aa19efc,water_pipes,Unbranded UPVC / PVC ? mm × 3 m,,hyderabad,Wingrip Plast Private Limited,Deals in Hyderabad,IndiaMART,dealer,140.00,piece,46.67,running_metre,EXCL,18,3917,6.52,1.50,3.00,66.09,198.27,,,unknown,,NOT_DECLARED,,0,4.8,4,6.26,parcel,seeded_fallback,2026-08-01T06:38:17.517Z,https://www.indiamart.com/proddetail/upvc-pipe-11044605988.html
p_b00605cb12fb296b,water_pipes,Unbranded pipe ? mm × 3 m,,hyderabad,Sunshine Polymer,Hyderabad,IndiaMART,dealer,140.00,piece,46.67,running_metre,EXCL,18,3917,6.52,1.50,3.00,66.09,198.27,,,unknown,,NOT_DECLARED,,0,4.3,3,32.93,parcel,seeded_fallback,2026-08-01T06:37:00.161Z,https://www.indiamart.com/proddetail/agriculture-water-distribution-pipe-15029157155.html
p_c7446eb9179b5d22,water_pipes,BRP UPVC / PVC 15 mm × 3 m,BRP,hyderabad,BRP Shoppe Private Limited,"Secunderabad, Dist. Hyderabad",IndiaMART,dealer,335.00,piece,111.67,running_metre,EXCL,18,3917,6.52,1.50,3.00,66.87,200.61,,,unknown,,NOT_DECLARED,,0,4.8,31,12.55,parcel,seeded_fallback,2026-08-01T06:38:45.678Z,https://www.indiamart.com/proddetail/sch-40-upvc-pipe-brp-brand-3-meter-pipe-25917803833.html
p_c7446eb9179b5d22,water_pipes,BRP UPVC / PVC 15 mm × 3 m,BRP,hyderabad,BRP Shoppe Private Limited,"Secunderabad, Dist. Hyderabad",IndiaMART,dealer,142.00,piece,47.33,running_metre,EXCL,18,3917,6.52,1.50,3.00,66.87,200.61,,,unknown,,NOT_DECLARED,,0,4.8,31,12.55,parcel,seeded_fallback,2026-08-01T06:38:17.517Z,https://www.indiamart.com/proddetail/15mm-upvc-sch40-pipe-14347030133.html
p_3c2a5a8066ae6b9d,water_pipes,Unbranded UPVC / PVC ? mm × 3 m,,hyderabad,BirlaNu Limited,"Gachibowli, Hyderabad",IndiaMART,dealer,145.00,piece,48.33,running_metre,EXCL,18,3917,6.52,1.50,3.00,68.05,204.15,,,unknown,,NOT_DECLARED,,0,3.9,290,40.7,parcel,seeded_fallback,2026-08-01T06:38:17.517Z,https://www.indiamart.com/proddetail/upvc-pipes-fittings-2858292060462.html
p_b4b2adf255d37a9e,water_pipes,Joton CPVC 25 mm × 3 m,Joton,hyderabad,Joton Industries,Deals in Hyderabad,IndiaMART,dealer,145.00,piece,48.33,running_metre,EXCL,18,3917,6.52,1.50,3.00,68.05,204.15,,,unknown,,NOT_DECLARED,,0,4.2,41,38.27,parcel,seeded_fallback,2026-08-01T06:47:08.863Z,https://www.indiamart.com/proddetail/joton-1-inch-cpvc-pipes-3-m-21193737348.html
p_c2ba2547c168acd7,water_pipes,Nandi SWR ? mm × 3 m,Nandi,hyderabad,SSV Enterprises,Hyderabad,IndiaMART,dealer,145.00,piece,48.33,running_metre,EXCL,18,3917,6.52,1.50,3.00,68.05,204.15,,,unknown,,NOT_DECLARED,,0,3.5,6,28.36,parcel,seeded_fallback,2026-08-01T06:33:51.970Z,https://www.indiamart.com/proddetail/pvc-swr-pipe-21267925691.html
p_9f620a7e2718c0ab,water_pipes,Unbranded HDPE 32 mm × 3 m,,hyderabad,Chamundi Agencies,"Secunderabad, Dist. Hyderabad",IndiaMART,dealer,49.00,running_metre,49.00,running_metre,EXCL,18,3917,6.52,1.50,3.00,68.84,68.84,,,unknown,,NOT_DECLARED,,0,4.4,34,17.5,parcel,seeded_fallback,2026-08-01T06:37:42.454Z,https://www.indiamart.com/proddetail/hdpe-pipe-for-borewell-2853873887848.html
p_e381167cffa91e2d,water_pipes,Champion HDPE 40 mm × 3 m,Champion,hyderabad,Savera Pipes Private Limited,Hyderabad,IndiaMART,dealer,49.00,running_metre,49.00,running_metre,EXCL,18,3917,6.52,1.50,3.00,68.84,68.84,,,unknown,,NOT_DECLARED,,0,4.2,128,7.94,parcel,seeded_fallback,2026-08-01T06:37:35.188Z,https://www.indiamart.com/proddetail/40-mm-underground-hdpe-pipes-champion-2854141225997.html
p_8e4ff4492b22c693,water_pipes,Suki CPVC 15 mm × 3 m,Suki,hyderabad,Surya Sales Corporation,Hyderabad,IndiaMART,dealer,147.00,piece,49.00,running_metre,EXCL,18,3917,6.52,1.50,3.00,68.84,206.52,,,unknown,,NOT_DECLARED,,0,4.7,91,13.73,parcel,seeded_fallback,2026-08-01T06:47:08.863Z,https://www.indiamart.com/proddetail/suki-1-2-inch-cpvc-pipe-6-m-22946953212.html
p_511246588cf09ce0,water_pipes,Worldflow CPVC 25 mm × 3 m,Worldflow,hyderabad,Hari Om Polyplast,Deals in Hyderabad,IndiaMART,dealer,148.00,piece,49.33,running_metre,EXCL,18,3917,6.52,1.50,3.00,69.23,207.69,,,unknown,,NOT_DECLARED,,0,3.9,36,39.09,parcel,seeded_fallback,2026-08-01T06:47:08.863Z,https://www.indiamart.com/proddetail/worldflow-cpvc-pipe-isi-with-cml-2855478881288.html
p_d664c6f5b99ed615,water_pipes,Unbranded UPVC / PVC 20 mm × 3 m,,hyderabad,Tawakkal Steel And Hardwares,Hyderabad,IndiaMART,dealer,100.00,running_metre,100.00,running_metre,EXCL,18,3917,6.52,1.50,3.00,70.02,210.06,,,unknown,,NOT_DECLARED,,0,5,2,37.35,parcel,seeded_fallback,2026-08-01T06:38:17.517Z,https://www.indiamart.com/proddetail/3-4-inch-upvc-pipe-2857780378397.html
p_d664c6f5b99ed615,water_pipes,Unbranded UPVC / PVC 20 mm × 3 m,,hyderabad,Shivom Polyplast (India) Private Limited,Deals in Hyderabad,IndiaMART,dealer,152.00,piece,50.67,running_metre,EXCL,18,3917,6.52,1.50,3.00,70.02,210.06,,,unknown,,NOT_DECLARED,,0,4,141,17.94,parcel,seeded_fallback,2026-08-01T06:38:24.324Z,https://www.indiamart.com/proddetail/3-4-inch-3m-40-sch-upvc-pipe-2855208807448.html
p_d664c6f5b99ed615,water_pipes,Unbranded UPVC / PVC 20 mm × 3 m,,hyderabad,Wingrip Plast Private Limited,Deals in Hyderabad,IndiaMART,dealer,150.00,piece,50.00,running_metre,EXCL,18,3917,6.52,1.50,3.00,70.02,210.06,,,unknown,,NOT_DECLARED,,0,4.8,4,6.26,parcel,seeded_fallback,2026-08-01T06:38:24.324Z,https://www.indiamart.com/proddetail/upvc-pipe-2852226701791.html
p_4f4f5d0332f8916b,water_pipes,Unbranded UPVC / PVC 90 mm × 3 m,,hyderabad,Sri Bhargavi Marketing,"Secunderabad, Dist. Hyderabad",IndiaMART,dealer,150.00,piece,50.00,running_metre,EXCL,18,3917,6.52,1.50,3.00,70.02,210.06,,,unknown,,NOT_DECLARED,,0,4.3,8,31.18,parcel,seeded_fallback,2026-08-01T06:38:45.678Z,https://www.indiamart.com/proddetail/3inch-rigid-pvc-pipe-12436571762.html
p_4f4f5d0332f8916b,water_pipes,Unbranded UPVC / PVC 90 mm × 3 m,,hyderabad,SSV Enterprises,Hyderabad,IndiaMART,dealer,352.00,piece,117.33,running_metre,EXCL,18,3917,6.52,1.50,3.00,70.02,210.06,,,unknown,,NOT_DECLARED,,0,3.5,6,28.36,parcel,seeded_fallback,2026-08-01T06:38:52.378Z,https://www.indiamart.com/proddetail/90-mm-pvc-water-pipe-21342617630.html
p_ed94b0bf4821c140,water_pipes,Unbranded pipe 40 mm × 3 m,,hyderabad,Gauthami Pipes Private Limited,Hyderabad,IndiaMART,dealer,50.00,running_metre,50.00,running_metre,EXCL,18,3917,6.52,1.50,3.00,70.02,70.02,,,unknown,,NOT_DECLARED,,0,4.2,16,23.05,parcel,seeded_fallback,2026-08-01T06:35:43.098Z,https://www.indiamart.com/proddetail/high-density-polyethylene-pipes-2500308412.html
p_0195211be8fabc4f,water_pipes,Unbranded SWR ? mm × 3 m,,hyderabad,BirlaNu Limited,"Gachibowli, Hyderabad",IndiaMART,dealer,150.00,piece,50.00,running_metre,EXCL,18,3917,6.52,1.50,3.00,70.02,210.06,,,unknown,,NOT_DECLARED,,0,3.9,290,40.7,parcel,seeded_fallback,2026-08-01T06:33:51.970Z,https://www.indiamart.com/proddetail/swr-pipes-fittings-2858292259191.html
p_7fc362cf4b2a87a3,water_pipes,Fitwin UPVC / PVC 40 mm × 3 m,Fitwin,hyderabad,Fitwin Polyplast,Deals in Hyderabad,IndiaMART,dealer,150.00,piece,50.00,running_metre,EXCL,18,3917,6.52,1.50,3.00,70.02,210.06,,,unknown,,NOT_DECLARED,,0,4.6,38,20.09,parcel,seeded_fallback,2026-08-01T06:38:17.517Z,https://www.indiamart.com/proddetail/40-mm-upvc-pipe-2855299154773.html
p_16caef74d3466e32,water_pipes,Prince CPVC 20 mm × 3 m,Prince,hyderabad,N.D Enterprises,Deals in Hyderabad,IndiaMART,dealer,150.00,piece,50.00,running_metre,EXCL,18,3917,6.52,1.50,3.00,70.02,210.06,,,unknown,,NOT_DECLARED,,0,4.1,139,31.99,parcel,seeded_fallback,2026-08-01T06:47:08.863Z,https://www.indiamart.com/proddetail/3-4inch-cpvc-pipes-21340656091.html
p_26606d355589a2d9,water_pipes,Unbranded CPVC 32 mm SDR-11 × 3 m,,hyderabad,Shivom Polyplast (India) Private Limited,Deals in Hyderabad,IndiaMART,dealer,173.00,piece,57.67,running_metre,EXCL,18,3917,6.52,1.50,3.00,79.07,237.21,,,unknown,,NOT_DECLARED,,0,4,141,17.94,parcel,seeded_fallback,2026-08-01T06:47:08.863Z,https://www.indiamart.com/proddetail/1-25-inch-3m-cpvc-sdr11-pipe-2854945593533.html
p_7dda0f707f433c9e,water_pipes,Unbranded UPVC / PVC ? mm × 3 m,,hyderabad,R K Marketing Co.,Hyderabad,IndiaMART,dealer,180.00,piece,60.00,running_metre,EXCL,18,3917,6.52,1.50,3.00,81.82,245.46,,,unknown,,NOT_DECLARED,,0,3.9,8,29.87,parcel,seeded_fallback,2026-08-01T06:37:07.158Z,https://www.indiamart.com/proddetail/3-5feet-watertec-connection-pipe-2857574133412.html
p_13faa79250884475,water_pipes,Unbranded UPVC / PVC ? mm × 3 m,,hyderabad,Asha Enterprises,Deals in Hyderabad,IndiaMART,dealer,180.00,piece,60.00,running_metre,EXCL,18,3917,6.52,1.50,3.00,81.82,245.46,,,unknown,,NOT_DECLARED,,0,4.2,51,19.72,parcel,seeded_fallback,2026-08-01T06:38:03.238Z,https://www.indiamart.com/proddetail/pvc-water-pipe-18215694862.html
p_eb734b6160fd3592,water_pipes,Austro UPVC / PVC 25 mm × 3 m,Austro,hyderabad,Austro Plastic Industries LLP,Mallapur,ExportersIndia,dealer,181.00,piece,60.33,running_metre,EXCL,18,3917,6.52,1.50,3.00,82.21,246.63,,,unknown,,NOT_DECLARED,,0,,,38.23,parcel,seeded_fallback,2026-08-06T13:06:42.429Z,https://www.exportersindia.com/product-detail/austro-pvc-plumbing-pipe-8264274216.htm
p_9c37f3a7ebdf46d7,water_pipes,Unbranded CPVC ? mm × 3 m,,hyderabad,Raj Polymer,Deals in Hyderabad,IndiaMART,dealer,183.00,piece,61.00,running_metre,EXCL,18,3917,6.52,1.50,3.00,83.00,249.00,,,unknown,,NOT_DECLARED,,0,4.3,67,35.71,parcel,seeded_fallback,2026-08-01T06:47:08.863Z,https://www.indiamart.com/proddetail/cpvc-pipe-23057041673.html
p_39322d078b541672,water_pipes,Unbranded SWR ? mm × 3 m,,hyderabad,JK Polyextrusion,Hyderabad,IndiaMART,dealer,61.20,running_metre,61.20,running_metre,EXCL,18,3917,6.52,1.50,3.00,83.24,83.24,,,unknown,,NOT_DECLARED,,0,4.3,7,33.23,parcel,seeded_fallback,2026-08-01T06:37:35.188Z,https://www.indiamart.com/proddetail/upvc-sn2-drainage-pipe-2855403831362.html
p_5f60f039fa33c0a8,water_pipes,Austro UPVC / PVC ? mm × 3 m,Austro,hyderabad,Austro Plastic Industries LLP,"Mallapur, Hyderabad",IndiaMART,dealer,189.00,piece,63.00,running_metre,EXCL,18,3917,6.52,1.50,3.00,85.36,256.08,,,unknown,,NOT_DECLARED,,0,4.1,64,10.46,parcel,seeded_fallback,2026-08-01T06:38:03.238Z,https://www.indiamart.com/proddetail/pvc-agricultural-pipes-23851921355.html
p_3c682ae4a03824f9,water_pipes,Prince CPVC 110 mm × 3 m,Prince,hyderabad,Utkarsh Incorp Private Limited,"Secunderabad, Dist. Hyderabad",IndiaMART,dealer,190.00,piece,63.33,running_metre,EXCL,18,3917,6.52,1.50,3.00,85.75,257.25,,,unknown,,NOT_DECLARED,,0,4.3,39,13.07,parcel,seeded_fallback,2026-08-01T06:47:08.863Z,https://www.indiamart.com/proddetail/3-4-inch-prince-cpvc-pipes-2854873173962.html
p_91895b96437631ec,water_pipes,Unbranded UPVC / PVC 40 mm × 6 m,,hyderabad,Astha Polymers Private LImited,Medchal,ExportersIndia,dealer,388.00,piece,64.67,running_metre,EXCL,18,3917,6.52,1.50,3.00,87.33,523.98,,,unknown,,NOT_DECLARED,,0,,,27.51,parcel,seeded_fallback,2026-08-06T13:06:42.429Z,https://www.exportersindia.com/product-detail/pvc-pipe-4546666527.htm
p_40520f394e7bc6b2,water_pipes,Unbranded CPVC ? mm × 3 m,,hyderabad,Diamond Polytech,Deals in Hyderabad,IndiaMART,dealer,195.00,piece,65.00,running_metre,EXCL,18,3917,6.52,1.50,3.00,87.72,263.16,,,unknown,,NOT_DECLARED,,0,4.5,26,25.47,parcel,seeded_fallback,2026-08-01T06:39:06.546Z,https://www.indiamart.com/proddetail/original-cpvc-wall-mixer-2854021701612.html
p_de0f95ad49d9e93a,water_pipes,Unbranded pipe 25 mm × 3 m,,hyderabad,Sri Rama Paints Sanitary,Hyderabad,IndiaMART,dealer,65.00,running_metre,65.00,running_metre,EXCL,18,3917,6.52,1.50,3.00,87.72,87.72,,,unknown,,NOT_DECLARED,,0,,,36.14,parcel,seeded_fallback,2026-08-01T06:36:39.476Z,https://www.indiamart.com/proddetail/plastic-water-pipe-2856551205297.html
p_064f8d79115537fa,water_pipes,Unbranded CPVC ? mm × 3 m,,hyderabad,Prins Polytech Pvt. Ltd.,Deals in Hyderabad,IndiaMART,dealer,200.00,piece,66.67,running_metre,EXCL,18,3917,6.52,1.50,3.00,89.69,269.07,,,unknown,,NOT_DECLARED,,0,4,93,8.55,parcel,seeded_fallback,2026-08-01T06:47:08.863Z,https://www.indiamart.com/proddetail/cpvc-pipe-2855744693773.html
p_e574e7b439867faa,water_pipes,Unbranded SWR 30 mm × 3 m,,hyderabad,Ku-Da'S Pipes And Fittings,"Vikarabad, Dist. Hyderabad",IndiaMART,dealer,200.00,piece,66.67,running_metre,EXCL,18,3917,6.52,1.50,3.00,89.69,269.07,,,unknown,,NOT_DECLARED,,0,5,2,31.23,parcel,seeded_fallback,2026-08-01T06:33:51.970Z,https://www.indiamart.com/proddetail/30-mm-pvc-swr-pipe-2859379773673.html
p_25565c24e57fdd44,water_pipes,Ashirvad UPVC / PVC ? mm × 3 m,Ashirvad,hyderabad,Veda Ceramics,Hyderabad,IndiaMART,dealer,200.00,piece,66.67,running_metre,EXCL,18,3917,6.52,1.50,3.00,89.69,269.07,,,unknown,,NOT_DECLARED,,0,4,44,30.99,parcel,seeded_fallback,2026-08-01T06:38:03.238Z,https://www.indiamart.com/proddetail/ashirvad-pvc-pipes-2856849895673.html
p_471028353a370242,water_pipes,Unbranded CPVC ? mm × 3 m,,hyderabad,Oswal Sanitary House,Hyderabad,IndiaMART,dealer,210.00,piece,70.00,running_metre,EXCL,18,3917,6.52,1.50,3.00,93.62,280.86,,,unknown,,NOT_DECLARED,,0,5,25,15.53,parcel,seeded_fallback,2026-08-01T06:47:08.863Z,https://www.indiamart.com/proddetail/cpvc-pipe-2857780327791.html
p_064ce235d1aa5540,water_pipes,Unbranded CPVC ? mm × 3 m,,hyderabad,Rajeshwar Sanitary Wares,Hyderabad,IndiaMART,dealer,210.00,piece,70.00,running_metre,EXCL,18,3917,6.52,1.50,3.00,93.62,280.86,,,unknown,,NOT_DECLARED,,0,4.3,97,25.02,parcel,seeded_fallback,2026-08-01T06:39:06.546Z,https://www.indiamart.com/proddetail/cpvc-plumbing-pipes-and-fittings-2853134828188.html
p_9deb30812af58ba5,water_pipes,Finolex CPVC 15 mm × 3 m,Finolex,hyderabad,Najmi Industrial Corporation,"Secunderabad, Dist. Hyderabad",IndiaMART,dealer,70.00,running_metre,70.00,running_metre,EXCL,18,3917,6.52,1.50,3.00,93.62,93.62,,,unknown,,NOT_DECLARED,,0,4.1,8,37.84,parcel,seeded_fallback,2026-08-01T06:37:07.158Z,https://www.indiamart.com/proddetail/finolex-cpvc-pipe-2855367580048.html
p_a4c2dd65b50061cd,water_pipes,Unbranded HDPE 63 mm × 3 m,,hyderabad,Gauthami Pipes Private Limited,Hyderabad,IndiaMART,dealer,330.00,running_metre,330.00,running_metre,EXCL,18,3917,6.52,1.50,3.00,95.98,95.98,,,unknown,,NOT_DECLARED,,0,4.2,16,23.05,parcel,seeded_fallback,2026-08-01T06:37:35.188Z,https://www.indiamart.com/proddetail/hdpe-pipe-tubes-2500313088.html
p_a4c2dd65b50061cd,water_pipes,Unbranded HDPE 63 mm × 3 m,,hyderabad,Srichakra Pipes,"Kushaiguda, Hyderabad",IndiaMART,dealer,90.00,running_metre,90.00,running_metre,EXCL,18,3917,6.52,1.50,3.00,95.98,95.98,,,unknown,,NOT_DECLARED,,0,4.1,48,15.81,parcel,seeded_fallback,2026-08-01T06:35:43.098Z,https://www.indiamart.com/proddetail/2-inch-hdpe-pipe-9601612388.html
p_a4c2dd65b50061cd,water_pipes,Unbranded HDPE 63 mm × 3 m,,hyderabad,Nidhi Plastics,Hyderabad,IndiaMART,dealer,110.00,running_metre,110.00,running_metre,EXCL,18,3917,6.52,1.50,3.00,95.98,95.98,,,unknown,,NOT_DECLARED,,0,3.7,3,38.96,parcel,seeded_fallback,2026-08-01T06:35:43.098Z,https://www.indiamart.com/proddetail/63mm-tiger-gold-hdpe-pipes-2859501630733.html
p_a4c2dd65b50061cd,water_pipes,Unbranded HDPE 63 mm × 3 m,,hyderabad,S.N.Polymers,Hyderabad,IndiaMART,dealer,72.00,running_metre,72.00,running_metre,EXCL,18,3917,6.52,1.50,3.00,95.98,95.98,,,unknown,,NOT_DECLARED,,0,4.5,32,12.72,parcel,seeded_fallback,2026-08-01T06:37:07.158Z,https://www.indiamart.com/proddetail/63-mm-hdpe-water-pipe-21811494630.html
p_b310636f21233c13,water_pipes,Astral CPVC 20 mm × 3 m,Astral,hyderabad,Choudhary Traders,"Nizampet, Hyderabad",IndiaMART,dealer,220.00,piece,73.33,running_metre,EXCL,18,3917,6.52,1.50,3.00,97.55,292.65,,,unknown,,NOT_DECLARED,,0,4,19,16.22,parcel,seeded_fallback,2026-08-01T06:37:14.248Z,https://www.indiamart.com/proddetail/astral-cpvc-pro-pipe-23933587873.html
p_de37c012f00afd05,water_pipes,Unbranded CPVC 25 mm SDR-11 × 3 m,,hyderabad,Savoir Faire Manufacturing Co.Private Limited,Deals in Hyderabad,IndiaMART,dealer,221.00,piece,73.67,running_metre,EXCL,18,3917,6.52,1.50,3.00,97.95,293.85,,,unknown,,NOT_DECLARED,,0,4.1,47,21.7,parcel,seeded_fallback,2026-08-01T06:47:08.863Z,https://www.indiamart.com/proddetail/1-inch-cpvc-pipe-2858403744091.html
p_f8ddabf7206ed848,water_pipes,Unbranded HDPE ? mm × 3 m,,hyderabad,Puraflex Industries,Deals in Hyderabad,IndiaMART,dealer,74.00,running_metre,74.00,running_metre,EXCL,18,3917,6.52,1.50,3.00,98.34,98.34,,,unknown,,NOT_DECLARED,,0,4.7,20,25.93,parcel,seeded_fallback,2026-08-01T06:35:43.098Z,https://www.indiamart.com/proddetail/hdpe-water-pipe-2852986915530.html
p_1352a60c2eb8744e,water_pipes,Unbranded HDPE 75 mm × 3 m,,hyderabad,Sri Venkateshwara Borewells,"Alwal, Hyderabad",IndiaMART,dealer,75.00,running_metre,75.00,running_metre,EXCL,18,3917,6.52,1.50,3.00,99.52,99.52,,,unknown,,NOT_DECLARED,,0,3.3,8,13.81,parcel,computed,2026-08-01T06:35:43.098Z,https://www.indiamart.com/proddetail/75-mm-hdpe-pipe-2857557194973.html
p_a6def9b31fc3f9b3,water_pipes,Unbranded HDPE 40 mm × 3 m,,hyderabad,Pavani Enterprises,"Secunderabad, Dist. Hyderabad",IndiaMART,dealer,75.00,running_metre,75.00,running_metre,EXCL,18,3917,6.52,1.50,3.00,99.52,99.52,,,unknown,,NOT_DECLARED,,0,3.9,190,40.15,parcel,seeded_fallback,2026-08-01T06:35:43.098Z,https://www.indiamart.com/proddetail/hdpe-pipe-40mm-2859078414030.html
p_94057ac716c8aec7,water_pipes,Unbranded UPVC / PVC 50 mm × 3 m,,hyderabad,SSV Precast Industires,Hyderabad,IndiaMART,dealer,75.00,running_metre,75.00,running_metre,EXCL,18,3917,6.52,1.50,3.00,99.52,99.52,,,unknown,,NOT_DECLARED,,0,,,33.69,parcel,seeded_fallback,2026-08-01T06:37:14.248Z,https://www.indiamart.com/proddetail/50-mm-upvc-pipe-2859080756830.html
p_8b547fbe1d01c9b2,water_pipes,Lexon pipe 63 mm × 3 m,Lexon,hyderabad,Lexon Industries Limited,Deals in Hyderabad,IndiaMART,dealer,235.00,piece,78.33,running_metre,EXCL,18,3917,6.52,1.50,3.00,103.45,310.35,,,unknown,,NOT_DECLARED,,0,4.8,28,6.81,parcel,seeded_fallback,2026-08-01T06:38:03.238Z,https://www.indiamart.com/proddetail/lexon-63mm-x-4kgf-x-6-mtr-agri-fit-pipe-2856815516162.html
p_3de9475648e9716d,water_pipes,Unbranded UPVC / PVC ? mm × 3 m,,hyderabad,Wingrip Plast Private Limited,Deals in Hyderabad,IndiaMART,dealer,237.00,piece,79.00,running_metre,EXCL,18,3917,6.52,1.50,3.00,104.24,312.72,,,unknown,,NOT_DECLARED,,0,4.8,4,6.26,parcel,seeded_fallback,2026-08-01T06:38:38.296Z,https://www.indiamart.com/proddetail/upvc-pipe-11316231991.html
p_140d37a1528580ab,water_pipes,Unbranded HDPE 315 mm × 3 m,,hyderabad,Aashirwad Industries,Deals in Hyderabad,IndiaMART,dealer,80.00,running_metre,80.00,running_metre,EXCL,18,3917,6.52,1.50,3.00,105.42,105.42,,,unknown,,NOT_DECLARED,,0,4.3,328,15.32,parcel,seeded_fallback,2026-08-01T06:35:43.098Z,https://www.indiamart.com/proddetail/hdpe-pipe-20-315-mm-2853178465155.html
p_c087967077e516b9,water_pipes,Unbranded HDPE ? mm PE 100 × 3 m,,hyderabad,JK Polyextrusion,Hyderabad,IndiaMART,dealer,80.00,running_metre,80.00,running_metre,EXCL,18,3917,6.52,1.50,3.00,105.42,105.42,,,unknown,,NOT_DECLARED,,0,4.3,7,33.23,parcel,seeded_fallback,2026-08-01T06:36:39.476Z,https://www.indiamart.com/proddetail/hdpe-pipe-dn50-pn10-pe100-2859075655562.html
p_34be7ea3d8bfc57a,water_pipes,Sumolex SWR 75 mm × 3 m,Sumolex,hyderabad,Kirti Sales Corporation,Hyderabad,IndiaMART,dealer,240.00,piece,80.00,running_metre,EXCL,18,3917,6.52,1.50,3.00,105.42,316.26,,,unknown,,NOT_DECLARED,,0,2,2,21.42,parcel,seeded_fallback,2026-08-01T06:34:02.397Z,https://www.indiamart.com/proddetail/sumolex-75mm-swr-pvc-pipe-2851498351433.html
p_4c9861716afee7ca,water_pipes,Unbranded CPVC 90 mm × 3 m,,hyderabad,Supreme Pipe Systems,"Secunderabad, Dist. Hyderabad",IndiaMART,dealer,250.00,piece,83.33,running_metre,EXCL,18,3917,6.52,1.50,3.00,109.35,328.05,,,unknown,,NOT_DECLARED,,0,,,13.47,parcel,seeded_fallback,2026-08-01T06:36:39.476Z,https://www.indiamart.com/proddetail/3-inch-cpvc-water-pipe-2850564983030.html
p_60b796bb7a94aa28,water_pipes,Supreme UPVC / PVC 90 mm × 3 m,Supreme,hyderabad,Vishnu Trading Company,Hyderabad,IndiaMART,dealer,250.00,piece,83.33,running_metre,EXCL,18,3917,6.52,1.50,3.00,109.35,328.05,,,unknown,,NOT_DECLARED,,0,4,39,11.81,parcel,seeded_fallback,2026-08-01T06:38:03.238Z,https://www.indiamart.com/proddetail/3-inch-precision-pvc-pipe-2855246446391.html
p_60b796bb7a94aa28,water_pipes,Supreme UPVC / PVC 90 mm × 3 m,Supreme,hyderabad,AR Industries,Deals in Hyderabad,IndiaMART,dealer,1324.00,running_metre,1324.00,running_metre,EXCL,18,3917,6.52,1.50,3.00,109.35,328.05,,,unknown,,NOT_DECLARED,,0,3.6,527,16.86,parcel,seeded_fallback,2026-08-01T06:38:38.296Z,https://www.indiamart.com/proddetail/upvc-pipe-2858146752091.html
p_d7e51b8fe9b658cd,water_pipes,Truflo CPVC 20 mm SDR-13.5 × 3 m,Truflo,hyderabad,Veda Ceramics,Hyderabad,IndiaMART,dealer,251.00,piece,83.67,running_metre,EXCL,18,3917,6.52,1.50,3.00,109.75,329.25,,,unknown,,NOT_DECLARED,,0,4,44,30.99,parcel,seeded_fallback,2026-08-01T06:47:08.863Z,https://www.indiamart.com/proddetail/truflo-by-hindware-cpvc-pipe-sdr-13-5-cp1303020-20mm-3-4-x-3-mtr-length-2859158689273.html
p_0da8187e462d3a98,water_pipes,Polycab UPVC / PVC 25 mm × 3 m,Polycab,hyderabad,Jambh Shakti Electricals,"Secunderabad, Dist. Hyderabad",IndiaMART,dealer,85.00,running_metre,85.00,running_metre,EXCL,18,3917,6.52,1.50,3.00,111.32,111.32,,,unknown,,NOT_DECLARED,,0,4.5,25,19.95,parcel,seeded_fallback,2026-08-01T06:38:03.238Z,https://www.indiamart.com/proddetail/25mm-polycab-pvc-pipe-2855094374591.html
p_ef14aff9d54254e6,water_pipes,Unbranded SWR 2 mm × 3 m,,hyderabad,Plastorage Industries,Hyderabad,IndiaMART,dealer,256.00,piece,85.33,running_metre,EXCL,18,3917,6.52,1.50,3.00,111.71,335.13,,,unknown,,NOT_DECLARED,,0,3,9,6.01,parcel,seeded_fallback,2026-08-01T06:33:51.970Z,https://www.indiamart.com/proddetail/trubore-swr-pipe-20497720133.html
p_326e7119f86a9e7e,water_pipes,Apollo UPVC / PVC 40 mm × 3 m,Apollo,hyderabad,Apollo Pipes Limited,Deals in Hyderabad,IndiaMART,dealer,85.80,running_metre,85.80,running_metre,EXCL,18,3917,6.52,1.50,3.00,112.26,112.26,,,unknown,,NOT_DECLARED,,0,4,89,24.61,parcel,seeded_fallback,2026-08-01T06:38:03.238Z,https://www.indiamart.com/proddetail/apollo-class-iii-pvc-agriculture-pipe-2858158394591.html
p_876ba1789c8500bc,water_pipes,Ashirvad CPVC ? mm SDR-11 × 3 m,Ashirvad,hyderabad,Sri Krishna Sanitary & Hardware,Hyderabad,IndiaMART,dealer,260.00,piece,86.67,running_metre,EXCL,18,3917,6.52,1.50,3.00,113.29,339.87,,,unknown,,NOT_DECLARED,,0,4.2,13,18.43,parcel,seeded_fallback,2026-08-01T06:47:08.863Z,https://www.indiamart.com/proddetail/ashirvad-cpvc-pipes-2857648149730.html
p_c26dd3d620150714,water_pipes,Astral SWR ? mm × 3 m,Astral,hyderabad,Tirupati Enterprises,Hyderabad,IndiaMART,dealer,266.00,piece,88.67,running_metre,EXCL,18,3917,6.52,1.50,3.00,115.65,346.95,,,unknown,,NOT_DECLARED,,0,4.3,11,23.1,parcel,seeded_fallback,2026-08-01T06:37:35.188Z,https://www.indiamart.com/proddetail/astral-swr-pipe-2849457580762.html
p_8943f8db0a96647a,water_pipes,Ashirvad CPVC 20 mm SDR-11 × 3 m,Ashirvad,hyderabad,Rajeshwar Sanitary Wares,Hyderabad,IndiaMART,dealer,270.00,piece,90.00,running_metre,EXCL,18,3917,6.52,1.50,3.00,117.22,351.66,,,unknown,,NOT_DECLARED,,0,4.3,97,25.02,parcel,seeded_fallback,2026-08-01T06:47:08.863Z,https://www.indiamart.com/proddetail/ashirvad-cpvc-pipe-2850481618612.html
p_8943f8db0a96647a,water_pipes,Ashirvad CPVC 20 mm SDR-11 × 3 m,Ashirvad,hyderabad,Sri Mahalaxmi Sanitary Store,Hyderabad,IndiaMART,dealer,300.00,piece,100.00,running_metre,EXCL,18,3917,6.52,1.50,3.00,117.22,351.66,,,unknown,,NOT_DECLARED,,0,4.3,6,31.7,parcel,seeded_fallback,2026-08-01T06:36:46.637Z,https://www.indiamart.com/proddetail/ashirvad-cpvc-pipe-3-4-inch-sdr11-hot-water-2851655045430.html
p_17c1e2868d37e9f8,water_pipes,Unbranded SWR ? mm × 3 m,,hyderabad,Shakti Traders,Hyderabad,IndiaMART,dealer,280.00,piece,93.33,running_metre,EXCL,18,3917,6.52,1.50,3.00,121.15,363.45,,,unknown,,NOT_DECLARED,,0,3.4,9,8.21,parcel,seeded_fallback,2026-08-01T06:33:51.970Z,https://www.indiamart.com/proddetail/pvc-swr-pipes-2853961186462.html
p_3ef845ade3aa7bbc,water_pipes,Ashirvad CPVC ? mm SDR-13.5 × 3 m,Ashirvad,hyderabad,Sri Mahalaxmi Sanitary Store,Hyderabad,IndiaMART,dealer,280.00,piece,93.33,running_metre,EXCL,18,3917,6.52,1.50,3.00,121.15,363.45,,,unknown,,NOT_DECLARED,,0,4.3,6,31.7,parcel,seeded_fallback,2026-08-01T06:36:39.476Z,https://www.indiamart.com/proddetail/ashirvad-cpvc-pipe-3-4-sdr-13-5-cold-water-2851655092230.html
p_a52d97cb60e05d22,water_pipes,Unbranded HDPE ? mm × 3 m,,hyderabad,Prem Industries,Deals in Hyderabad,IndiaMART,dealer,95.00,running_metre,95.00,running_metre,EXCL,18,3917,6.52,1.50,3.00,123.12,123.12,,,unknown,,NOT_DECLARED,,0,4.1,161,32.63,parcel,seeded_fallback,2026-08-01T06:35:43.098Z,https://www.indiamart.com/proddetail/hdpe-pipe-manufacturer-in-chhattisgarh-2855185961362.html
p_15fdd459850c7d31,water_pipes,Unbranded HDPE 75 mm PE 100 × 3 m,,hyderabad,SN Sarvottam,Hyderabad,IndiaMART,dealer,95.00,running_metre,95.00,running_metre,EXCL,18,3917,6.52,1.50,3.00,123.12,123.12,,,unknown,,NOT_DECLARED,,0,4,5,22.69,parcel,seeded_fallback,2026-08-01T06:37:28.362Z,https://www.indiamart.com/proddetail/hdpe-pipe-75mm-pn6-pe100-2857459060688.html
p_b812d4ceb211da17,water_pipes,Astral HDPE ? mm × 3 m,Astral,hyderabad,PV Smart Energy LLP,"Chandanagar, Hyderabad",IndiaMART,dealer,98.00,running_metre,98.00,running_metre,EXCL,18,3917,6.52,1.50,3.00,126.66,126.66,,,unknown,,NOT_DECLARED,,0,5,1,27.87,parcel,seeded_fallback,2026-08-01T06:37:42.454Z,https://www.indiamart.com/proddetail/astral-hdpe-pipe-2859195099812.html
p_ea8ac6dbe8ab719c,water_pipes,Unbranded CPVC 20 mm SDR-11 × 3 m,,hyderabad,Bhagvat Pipe,Deals in Hyderabad,IndiaMART,dealer,300.00,piece,100.00,running_metre,EXCL,18,3917,6.52,1.50,3.00,129.02,387.06,,,unknown,,NOT_DECLARED,,0,4.8,22,16.16,parcel,seeded_fallback,2026-08-01T06:47:08.863Z,https://www.indiamart.com/proddetail/cpvc-pipe-sdr-11-2855175420797.html
p_fb6f392f4a8ab67d,water_pipes,Sumolex UPVC / PVC ? mm × 3 m,Sumolex,hyderabad,Kirti Sales Corporation,Hyderabad,IndiaMART,dealer,300.00,piece,100.00,running_metre,EXCL,18,3917,6.52,1.50,3.00,129.02,387.06,,,unknown,,NOT_DECLARED,,0,2,2,21.42,parcel,seeded_fallback,2026-08-01T06:38:45.678Z,https://www.indiamart.com/proddetail/sumolex-rigid-pvc-pipe-15479184055.html
p_ae4fbd5bfa40ff4d,water_pipes,Truflo SWR 75 mm Type A × 3 m,Truflo,hyderabad,Veda Ceramics,Hyderabad,IndiaMART,dealer,303.00,piece,101.00,running_metre,EXCL,18,3917,6.52,1.50,3.00,130.20,390.60,,,unknown,,NOT_DECLARED,,0,4,44,30.99,parcel,seeded_fallback,2026-08-01T06:33:58.839Z,https://www.indiamart.com/proddetail/truflo-swr-ringfit-pipe-type-a-grey-sprfa7075-75-mm-6-feet-double-socket-2859169248062.html
p_df5fe90512270f5f,water_pipes,Unbranded SWR ? mm × 3 m,,hyderabad,Utkarsh Incorp Private Limited,"Secunderabad, Dist. Hyderabad",IndiaMART,dealer,305.00,piece,101.67,running_metre,EXCL,18,3917,6.52,1.50,3.00,130.99,392.97,,,unknown,,NOT_DECLARED,,0,4.3,39,13.07,parcel,seeded_fallback,2026-08-01T06:33:55.484Z,https://www.indiamart.com/proddetail/flow-eze-swr-pipes-2853788746688.html
p_55cc5c9f54191574,water_pipes,Unbranded HDPE 63 mm PE 100 × 3 m,,hyderabad,JK Polyextrusion,Hyderabad,IndiaMART,dealer,105.00,running_metre,105.00,running_metre,EXCL,18,3917,6.52,1.50,3.00,134.92,134.92,,,unknown,,NOT_DECLARED,,0,4.3,7,33.23,parcel,seeded_fallback,2026-08-01T06:35:43.098Z,https://www.indiamart.com/proddetail/hdpe-dn-63mm-pn8-pe100-2855403582330.html
p_f7e9bbd4d6ca9d89,water_pipes,Unbranded CPVC 63 mm × 3 m,,hyderabad,Zaini Sanitations,Hyderabad,IndiaMART,dealer,320.00,piece,106.67,running_metre,EXCL,18,3917,6.52,1.50,3.00,136.89,410.67,,,unknown,,NOT_DECLARED,,0,5,4,39.88,parcel,seeded_fallback,2026-08-01T06:36:39.476Z,https://www.indiamart.com/proddetail/cpvc-water-pipe-18996477891.html
p_d1c9de508652cf55,water_pipes,Unbranded HDPE 40 mm PE 80 × 3 m,,hyderabad,Pavani Enterprises,"Secunderabad, Dist. Hyderabad",IndiaMART,dealer,108.00,running_metre,108.00,running_metre,EXCL,18,3917,6.52,1.50,3.00,138.46,138.46,,,unknown,,NOT_DECLARED,,0,3.9,190,40.15,parcel,seeded_fallback,2026-08-01T06:37:07.158Z,https://www.indiamart.com/proddetail/40-mm-16-kg-hdpe-pipe-shiva-pe-80-grade-2858837289562.html
p_78dd4b4374dfef99,water_pipes,Jindal pipe ? mm × 3 m,Jindal,hyderabad,RR Pipe Concepts,Hyderabad,IndiaMART,dealer,109.00,running_metre,109.00,running_metre,EXCL,18,3917,6.52,1.50,3.00,139.64,139.64,,,unknown,,NOT_DECLARED,,0,4.7,6,19.01,parcel,seeded_fallback,2026-08-01T06:37:07.158Z,https://www.indiamart.com/proddetail/jindal-composite-mlc-hot-and-cold-pipes-pe-al-pe-25472160688.html
p_787cda98670528cf,water_pipes,Unbranded HDPE ? mm × 3 m,,hyderabad,Jet Fibre India Private Limited,Deals in Hyderabad,IndiaMART,dealer,110.00,running_metre,110.00,running_metre,EXCL,18,3917,6.52,1.50,3.00,140.82,140.82,,,unknown,,NOT_DECLARED,,0,4.2,23,20.87,parcel,seeded_fallback,2026-08-01T06:35:43.098Z,https://www.indiamart.com/proddetail/hdpe-chemical-supply-pipes-12833921273.html
p_c1034ae6d5490ddd,water_pipes,Unbranded pipe ? mm × 3 m,,hyderabad,Sunshine Polymer,Hyderabad,IndiaMART,dealer,120.00,running_metre,120.00,running_metre,EXCL,18,3917,6.52,1.50,3.00,152.62,152.62,,,unknown,,NOT_DECLARED,,0,4.3,3,32.93,parcel,seeded_fallback,2026-08-01T06:36:53.434Z,https://www.indiamart.com/proddetail/water-pipe-for-venture-14670108830.html
p_fe59f99cfa42e630,water_pipes,Ashirvad CPVC 25 mm × 3 m,Ashirvad,hyderabad,Lakshmi Balaji Enterprises,"Somajiguda, Hyderabad",IndiaMART,dealer,375.00,piece,125.00,running_metre,EXCL,18,3917,6.52,1.50,3.00,158.52,475.56,,,unknown,,NOT_DECLARED,,0,4.8,17,41.44,parcel,seeded_fallback,2026-08-01T06:47:08.863Z,https://www.indiamart.com/proddetail/ashirvad-1-inch-cpvc-pipe-2851789348533.html
p_bdf66cd549237301,water_pipes,Kisan UPVC / PVC 40 mm × 3 m,Kisan,hyderabad,Rajalaxmi Enterprises,"Secunderabad, Dist. Hyderabad",IndiaMART,dealer,380.00,piece,126.67,running_metre,EXCL,18,3917,6.52,1.50,3.00,160.49,481.47,,,unknown,,NOT_DECLARED,,0,,,14.51,parcel,seeded_fallback,2026-08-01T06:36:39.476Z,https://www.indiamart.com/proddetail/pvc-pipe-hot-water-pipe-2851908317362.html
p_4fc5d8cbf46a099e,water_pipes,Truflo SWR 90 mm Type A × 3 m,Truflo,hyderabad,Veda Ceramics,Hyderabad,IndiaMART,dealer,389.00,piece,129.67,running_metre,EXCL,18,3917,6.52,1.50,3.00,164.03,492.09,,,unknown,,NOT_DECLARED,,0,4,44,30.99,parcel,seeded_fallback,2026-08-01T06:33:55.484Z,https://www.indiamart.com/proddetail/truflo-swr-ringfit-pipe-type-a-grey-sprfa7090-90-mm-6-feet-double-socket-2859169268991.html
p_055e4ad51e29c73c,water_pipes,Unbranded UPVC / PVC ? mm × 3 m,,hyderabad,N S Traders,"Secunderabad, Dist. Hyderabad",IndiaMART,dealer,400.00,piece,133.33,running_metre,EXCL,18,3917,6.52,1.50,3.00,168.35,505.05,,,unknown,,NOT_DECLARED,,0,3,2,24.11,parcel,seeded_fallback,2026-08-01T06:38:45.678Z,https://www.indiamart.com/proddetail/rigid-pvc-pipe-2853877997391.html
p_24c6cd87b61b4ff5,water_pipes,Austro SWR 110 mm × 3 m,Austro,hyderabad,BRP Shoppe Private Limited,"Secunderabad, Dist. Hyderabad",IndiaMART,dealer,400.00,piece,133.33,running_metre,EXCL,18,3917,6.52,1.50,3.00,168.35,505.05,,,unknown,,NOT_DECLARED,,0,4.8,31,12.55,parcel,seeded_fallback,2026-08-01T06:37:35.188Z,https://www.indiamart.com/proddetail/upvc-underground-drainage-pipe-20521853733.html
p_5ed5fdf1afdf30e7,water_pipes,Austro SWR ? mm × 3 m,Austro,hyderabad,Austro Plastic Industries LLP,"Mallapur, Hyderabad",IndiaMART,dealer,400.00,piece,133.33,running_metre,EXCL,18,3917,6.52,1.50,3.00,168.35,505.05,,,unknown,,NOT_DECLARED,,0,4.1,64,10.46,parcel,seeded_fallback,2026-08-01T06:33:51.970Z,https://www.indiamart.com/proddetail/austro-swr-pipe-2854578803855.html
p_f12942d04f87b6ac,water_pipes,Sowbhagya SWR 110 mm × 3 m,Sowbhagya,hyderabad,Sowbhagya Plastics Pvt. Ltd.,Hyderabad,IndiaMART,dealer,440.00,piece,146.67,running_metre,EXCL,18,3917,6.52,1.50,3.00,168.35,505.05,,,unknown,,NOT_DECLARED,,0,3.6,10,17.56,parcel,seeded_fallback,2026-08-01T06:33:51.970Z,https://www.indiamart.com/proddetail/110mm-pvc-swr-pipes-2855703511891.html
p_f12942d04f87b6ac,water_pipes,Sowbhagya SWR 110 mm × 3 m,Sowbhagya,hyderabad,Kirti Sales Corporation,Hyderabad,IndiaMART,dealer,400.00,piece,133.33,running_metre,EXCL,18,3917,6.52,1.50,3.00,168.35,505.05,,,unknown,,NOT_DECLARED,,0,2,2,21.42,parcel,seeded_fallback,2026-08-01T06:33:51.970Z,https://www.indiamart.com/proddetail/sowbhagya-110mm-pvc-swr-pipe-2851498352033.html
p_7a7bfb6534faf914,water_pipes,Prince CPVC 25 mm × 3 m,Prince,hyderabad,Edifice Trading And Contracting,Hyderabad,IndiaMART,dealer,405.00,piece,135.00,running_metre,EXCL,18,3917,6.52,1.50,3.00,170.32,510.96,,,unknown,,NOT_DECLARED,,0,4.5,34,18.71,parcel,seeded_fallback,2026-08-01T06:47:08.863Z,https://www.indiamart.com/proddetail/prince-cpvc-pipe-1-inch-2850340854173.html
p_851a47879265359a,water_pipes,Sudhakar SWR 110 mm × 3 m,Sudhakar,hyderabad,Edifice Trading And Contracting,Hyderabad,IndiaMART,dealer,410.00,piece,136.67,running_metre,EXCL,18,3917,6.52,1.50,3.00,172.29,516.87,,,unknown,,NOT_DECLARED,,0,4.5,34,18.71,parcel,seeded_fallback,2026-08-01T06:37:42.454Z,https://www.indiamart.com/proddetail/sudhakar-swr-pipe-4-inch-2855045571497.html
p_914fa1cf1030fb32,water_pipes,Truflo SWR ? mm × 3 m,Truflo,hyderabad,Veda Ceramics,Hyderabad,IndiaMART,dealer,424.00,piece,141.33,running_metre,EXCL,18,3917,6.52,1.50,3.00,177.79,533.37,,,unknown,,NOT_DECLARED,,0,4,44,30.99,parcel,seeded_fallback,2026-08-01T06:33:51.970Z,https://www.indiamart.com/proddetail/truflo-generic-swr-pvc-piping-system-grey-pp06000050-6-mtr-length-2859172300755.html
p_22eb564e300b495f,water_pipes,Sumolex SWR 110 mm × 3 m,Sumolex,hyderabad,Kirti Sales Corporation,Hyderabad,IndiaMART,dealer,428.00,piece,142.67,running_metre,EXCL,18,3917,6.52,1.50,3.00,179.37,538.11,,,unknown,,NOT_DECLARED,,0,2,2,21.42,parcel,seeded_fallback,2026-08-01T06:33:58.839Z,https://www.indiamart.com/proddetail/sumolex-110mm-swr-pvc-pipe-2851498351533.html
p_c51071940e04c9de,water_pipes,Unbranded SWR ? mm × 3 m,,hyderabad,Tirupati Enterprises,Hyderabad,IndiaMART,dealer,145.00,running_metre,145.00,running_metre,EXCL,18,3917,6.52,1.50,3.00,182.12,182.12,,,unknown,,NOT_DECLARED,,0,4.3,11,23.1,parcel,seeded_fallback,2026-08-01T06:33:51.970Z,https://www.indiamart.com/proddetail/swr-pipe-2858638709233.html
p_e2e3cefd490a3014,water_pipes,Unbranded pipe ? mm × 3 m,,hyderabad,Vishnu Traders,Hyderabad,IndiaMART,dealer,436.00,piece,145.33,running_metre,EXCL,18,3917,6.52,1.50,3.00,182.51,547.53,,,unknown,,NOT_DECLARED,,0,3,4,33.29,parcel,seeded_fallback,2026-08-01T06:37:14.248Z,https://www.indiamart.com/proddetail/set-water-connection-2857582652130.html
p_45d5684428da89b1,water_pipes,Unbranded HDPE 90 mm PE 80 × 3 m,,hyderabad,Sri Balaji Electricals,"Secunderabad, Dist. Hyderabad",IndiaMART,dealer,150.00,running_metre,150.00,running_metre,EXCL,18,3917,6.52,1.50,3.00,188.02,188.02,,,unknown,,NOT_DECLARED,,0,4.8,31,28.48,parcel,seeded_fallback,2026-08-01T06:37:21.488Z,https://www.indiamart.com/proddetail/90mm-hdpe-water-pipe-2857749084573.html
p_46f1e90ad3ef258f,water_pipes,Unbranded UPVC / PVC ? mm × 3 m,,hyderabad,Mahalaxmi Traders,Deals in Hyderabad,IndiaMART,dealer,150.00,running_metre,150.00,running_metre,EXCL,18,3917,6.52,1.50,3.00,188.02,188.02,,,unknown,,NOT_DECLARED,,0,4.2,147,28.93,parcel,seeded_fallback,2026-08-01T06:38:03.238Z,https://www.indiamart.com/proddetail/pvc-pipes-2858940529262.html
p_c5ce531215c22ec6,water_pipes,Nandi HDPE ? mm PE 80 × 3 m,Nandi,hyderabad,Sri Balaji Pumps & Motors,Hyderabad,IndiaMART,dealer,150.00,running_metre,150.00,running_metre,EXCL,18,3917,6.52,1.50,3.00,188.02,188.02,,,unknown,,NOT_DECLARED,,0,,,30.05,parcel,seeded_fallback,2026-08-01T06:35:43.098Z,https://www.indiamart.com/proddetail/nandi-pe-80-hdpe-pipe-2859544493833.html
p_5e9ebf965b33d844,water_pipes,Sagar SWR 75 mm × 3 m,Sagar,hyderabad,V Khsirsagar Enterprises,Deals in Hyderabad,IndiaMART,dealer,450.00,piece,150.00,running_metre,EXCL,18,3917,6.52,1.50,3.00,188.02,564.06,,,unknown,,NOT_DECLARED,,0,4.6,77,32.26,parcel,seeded_fallback,2026-08-01T06:33:51.970Z,https://www.indiamart.com/proddetail/75mm-pvc-swr-pipe-2857594964030.html
p_f5bf5012001d9818,water_pipes,Unbranded UPVC / PVC ? mm × 3 m,,hyderabad,JK Polyextrusion,Hyderabad,IndiaMART,dealer,160.00,running_metre,160.00,running_metre,EXCL,18,3917,6.52,1.50,3.00,199.82,199.82,,,unknown,,NOT_DECLARED,,0,4.3,7,33.23,parcel,seeded_fallback,2026-08-01T06:38:03.238Z,https://www.indiamart.com/proddetail/u-pvc-pipe-dn110-sn4-2859101538555.html
p_08f161ae6e29071b,water_pipes,Unbranded UPVC / PVC ? mm × 3 m,,hyderabad,Harsh Polypack Private Limited,Deals in Hyderabad,IndiaMART,dealer,491.00,piece,163.67,running_metre,EXCL,18,3917,6.52,1.50,3.00,204.15,612.45,,,unknown,,NOT_DECLARED,,0,4.3,29,34.35,parcel,seeded_fallback,2026-08-01T06:38:03.238Z,https://www.indiamart.com/proddetail/pvc-pipe-2858894059997.html
p_0c0a3d547eb21ab7,water_pipes,Unbranded UPVC / PVC ? mm × 3 m,,hyderabad,Utkarsh Incorp Private Limited,"Secunderabad, Dist. Hyderabad",IndiaMART,dealer,495.00,piece,165.00,running_metre,EXCL,18,3917,6.52,1.50,3.00,205.72,617.16,,,unknown,,NOT_DECLARED,,0,4.3,39,13.07,parcel,seeded_fallback,2026-08-01T06:37:21.488Z,https://www.indiamart.com/proddetail/ring-type-pvc-pipe-2855473369762.html
p_9b42893590235619,water_pipes,Unbranded SWR 25 mm × 3 m,,hyderabad,JK Polyextrusion,Hyderabad,IndiaMART,dealer,170.00,running_metre,170.00,running_metre,EXCL,18,3917,6.52,1.50,3.00,211.62,211.62,,,unknown,,NOT_DECLARED,,0,4.3,7,33.23,parcel,seeded_fallback,2026-08-01T06:38:17.517Z,https://www.indiamart.com/proddetail/upvc-sn8-drainage-pipe-2855886958697.html
p_3015cbc8400d638b,water_pipes,Unbranded UPVC / PVC ? mm × 3 m,,hyderabad,Tawakkal Steel And Hardwares,Hyderabad,IndiaMART,dealer,175.00,running_metre,175.00,running_metre,EXCL,18,3917,6.52,1.50,3.00,217.52,217.52,,,unknown,,NOT_DECLARED,,0,5,2,37.35,parcel,seeded_fallback,2026-08-01T06:38:38.296Z,https://www.indiamart.com/proddetail/3-8-inch-upvc-pipe-2857780378073.html
p_e87751b54bd5fb22,water_pipes,Varsha UPVC / PVC 160 mm × 3 m,Varsha,hyderabad,Veerabhadra Manufacturers And Traders,Hyderabad,IndiaMART,dealer,175.00,running_metre,175.00,running_metre,EXCL,18,3917,6.52,1.50,3.00,217.52,217.52,,,unknown,,NOT_DECLARED,,0,,,17.06,parcel,seeded_fallback,2026-08-01T06:38:17.517Z,https://www.indiamart.com/proddetail/160mm-varsha-upvc-pipe-2859286397262.html
p_e1956a641ae54687,water_pipes,Unbranded pipe ? mm × 3 m,,hyderabad,Kamakhaya Enterprises,Deals in Hyderabad,IndiaMART,dealer,180.00,running_metre,180.00,running_metre,EXCL,18,3917,6.52,1.50,3.00,223.42,223.42,,,unknown,,NOT_DECLARED,,0,4.6,18,24.88,parcel,seeded_fallback,2026-08-01T06:37:35.188Z,https://www.indiamart.com/proddetail/akasa-drain-pipe-2853571961473.html
p_45c9eaf32031650d,water_pipes,Unbranded SWR ? mm × 3 m,,hyderabad,Ganesh Padam Sanitary Pvt. Ltd.,"Secunderabad, Dist. Hyderabad",IndiaMART,dealer,550.00,piece,183.33,running_metre,EXCL,18,3917,6.52,1.50,3.00,227.35,682.05,,,unknown,,NOT_DECLARED,,0,,,33.31,parcel,seeded_fallback,2026-08-01T06:33:51.970Z,https://www.indiamart.com/proddetail/pvc-swr-pipes-17185639148.html
p_85bc8b8020c5cc6b,water_pipes,Prince SWR 110 mm × 3 m,Prince,hyderabad,Edifice Trading And Contracting,Hyderabad,IndiaMART,dealer,562.00,piece,187.33,running_metre,EXCL,18,3917,6.52,1.50,3.00,232.07,696.21,,,unknown,,NOT_DECLARED,,0,4.5,34,18.71,parcel,seeded_fallback,2026-08-01T06:33:51.970Z,https://www.indiamart.com/proddetail/prince-ultrafit-single-socket-ring-fit-pipe-2849672715412.html
p_fc2aa290562ba781,water_pipes,BRP SWR 110 mm × 3 m,BRP,hyderabad,BRP Shoppe Private Limited,"Secunderabad, Dist. Hyderabad",IndiaMART,dealer,595.00,piece,198.33,running_metre,EXCL,18,3917,6.52,1.50,3.00,245.05,735.15,,,unknown,,NOT_DECLARED,,0,4.8,31,12.55,parcel,seeded_fallback,2026-08-01T06:33:51.970Z,https://www.indiamart.com/proddetail/pvc-swr-pipes-14346887162.html
p_609f938d4d7c495c,water_pipes,Unbranded HDPE ? mm × 3 m,,hyderabad,Utkarsh Incorp Private Limited,"Secunderabad, Dist. Hyderabad",IndiaMART,dealer,199.00,running_metre,199.00,running_metre,EXCL,18,3917,6.52,1.50,3.00,245.84,245.84,,,unknown,,NOT_DECLARED,,0,4.3,39,13.07,parcel,seeded_fallback,2026-08-01T06:37:42.454Z,https://www.indiamart.com/proddetail/hdpe-double-wall-corrugated-pipe-2857498507048.html
p_40c898dddbc4efcb,water_pipes,Unbranded HDPE 180 mm × 3 m,,hyderabad,Annapurna Industries,Deals in Hyderabad,IndiaMART,dealer,200.00,running_metre,200.00,running_metre,EXCL,18,3917,6.52,1.50,3.00,247.02,247.02,,,unknown,,NOT_DECLARED,,0,3.4,8,7.07,parcel,seeded_fallback,2026-08-01T06:35:43.098Z,https://www.indiamart.com/proddetail/180mm-hdpe-pipe-2853138612448.html
p_201ee00c70dca5ca,water_pipes,Unbranded SWR ? mm × 3 m,,hyderabad,N S Traders,"Secunderabad, Dist. Hyderabad",IndiaMART,dealer,600.00,piece,200.00,running_metre,EXCL,18,3917,6.52,1.50,3.00,247.02,741.06,,,unknown,,NOT_DECLARED,,0,3,2,24.11,parcel,seeded_fallback,2026-08-01T06:33:51.970Z,https://www.indiamart.com/proddetail/pvc-swr-pipes-2853877989597.html
p_0f0945da706c7f3a,water_pipes,Ashirvad SWR ? mm × 3 m,Ashirvad,hyderabad,Rajeshwar Sanitary Wares,Hyderabad,IndiaMART,dealer,650.00,piece,216.67,running_metre,EXCL,18,3917,6.52,1.50,3.00,266.69,800.07,,,unknown,,NOT_DECLARED,,0,4.3,97,25.02,parcel,seeded_fallback,2026-08-01T06:33:51.970Z,https://www.indiamart.com/proddetail/swr-drainage-pipe-ashirvad-2853134898330.html
p_ba55ea270312b07a,water_pipes,Unbranded HDPE 90 mm PE 100 × 3 m,,hyderabad,Jack Pipes Industries,Deals in Hyderabad,IndiaMART,dealer,275.00,running_metre,275.00,running_metre,EXCL,18,3917,6.52,1.50,3.00,335.52,335.52,,,unknown,,NOT_DECLARED,,0,4.2,40,12.74,parcel,seeded_fallback,2026-08-01T06:35:43.098Z,https://www.indiamart.com/proddetail/hdpe-pipe-90-mm-pn-10-pe-100-2858485260755.html
p_4f6c7d7972ae1617,water_pipes,Sowbhagya SWR 40 mm × 3 m,Sowbhagya,hyderabad,Sowbhagya Plastics Pvt. Ltd.,Hyderabad,IndiaMART,dealer,853.00,piece,284.33,running_metre,EXCL,18,3917,6.52,1.50,3.00,346.53,1039.59,,,unknown,,NOT_DECLARED,,0,3.6,10,17.56,parcel,seeded_fallback,2026-08-01T06:33:55.484Z,https://www.indiamart.com/proddetail/40mm-pvc-swr-single-pasting-pipe-2855703512062.html
p_c2ff443612641540,water_pipes,Unbranded pipe 80 mm × 3 m,,hyderabad,Veda Ceramics,Hyderabad,IndiaMART,dealer,912.00,piece,304.00,running_metre,EXCL,18,3917,6.52,1.50,3.00,369.74,1109.22,,,unknown,,NOT_DECLARED,,0,4,44,30.99,parcel,seeded_fallback,2026-08-01T06:37:35.188Z,https://www.indiamart.com/proddetail/hindware-concealo-neo-full-frame-drain-set-qf-525062-80mm-2859014611688.html
p_2e2b01600655ec26,water_pipes,Austro UPVC / PVC 110 mm × 3 m,Austro,hyderabad,Austro Plastic Industries LLP,"Mallapur, Hyderabad",IndiaMART,dealer,922.00,piece,307.33,running_metre,EXCL,18,3917,6.52,1.50,3.00,373.67,1121.01,,,unknown,,NOT_DECLARED,,0,4.1,64,10.46,parcel,seeded_fallback,2026-08-01T06:38:45.678Z,https://www.indiamart.com/proddetail/austro-rigid-pvc-pipes-2854578803530.html
p_1309d78de06079dc,water_pipes,Astral CPVC ? mm × 3 m,Astral,hyderabad,Kisan Marketing,Hyderabad,IndiaMART,dealer,942.00,piece,314.00,running_metre,EXCL,18,3917,6.52,1.50,3.00,381.54,1144.62,,,unknown,,NOT_DECLARED,,0,4.2,34,9.09,parcel,seeded_fallback,2026-08-01T06:47:08.863Z,https://www.indiamart.com/proddetail/13-5-sdr-cpvc-pipe-2855212685662.html
p_c513060256ad1d21,water_pipes,Unbranded HDPE 110 mm PE 100 × 3 m,,hyderabad,SN Sarvottam,Hyderabad,IndiaMART,dealer,315.00,running_metre,315.00,running_metre,EXCL,18,3917,6.52,1.50,3.00,382.72,382.72,,,unknown,,NOT_DECLARED,,0,4,5,22.69,parcel,seeded_fallback,2026-08-01T06:37:35.188Z,https://www.indiamart.com/proddetail/hdpe-pipe-110mm-pn10-pe100-2857462362512.html
p_c513060256ad1d21,water_pipes,Unbranded HDPE 110 mm PE 100 × 3 m,,hyderabad,SN Sarvottam,Hyderabad,IndiaMART,dealer,386.00,running_metre,386.00,running_metre,EXCL,18,3917,6.52,1.50,3.00,382.72,382.72,,,unknown,,NOT_DECLARED,,0,4,5,22.69,parcel,seeded_fallback,2026-08-01T06:35:43.098Z,https://www.indiamart.com/proddetail/hdpe-pipe-110mm-pn16-pe100-2857462417712.html
p_be3b98dfa46b37a7,water_pipes,Sudhakar UPVC / PVC 160 mm × 3 m,Sudhakar,hyderabad,Sai Ram Rockdrills Oils And Automobiles,Hyderabad,IndiaMART,dealer,1000.00,piece,333.33,running_metre,EXCL,18,3917,6.52,1.50,3.00,404.35,1213.05,,,unknown,,NOT_DECLARED,,0,4.3,126,38.33,parcel,seeded_fallback,2026-08-01T06:37:21.488Z,https://www.indiamart.com/proddetail/upvc-pipe-suppliers-24418960812.html
p_abe42d257c3db367,water_pipes,Unbranded UPVC / PVC ? mm × 3 m,,hyderabad,Tirupati Enterprises,Hyderabad,IndiaMART,dealer,350.00,running_metre,350.00,running_metre,EXCL,18,3917,6.52,1.50,3.00,424.02,424.02,,,unknown,,NOT_DECLARED,,0,4.3,11,23.1,parcel,seeded_fallback,2026-08-01T06:38:17.517Z,https://www.indiamart.com/proddetail/upvc-sn4-pipes-orange-pipe-2858638441612.html
p_8a162f8f58c1a9c2,water_pipes,Ashirvad SWR ? mm × 3 m,Ashirvad,hyderabad,Sri Krishna Sanitary & Hardware,Hyderabad,IndiaMART,dealer,400.00,running_metre,400.00,running_metre,EXCL,18,3917,6.52,1.50,3.00,483.02,483.02,,,unknown,,NOT_DECLARED,,0,4.2,13,18.43,parcel,seeded_fallback,2026-08-01T06:37:35.188Z,https://www.indiamart.com/proddetail/ashirvad-underground-drainage-pipes-2857910197812.html
p_179ae38a9ecbcb74,water_pipes,Astral SWR 90 mm × 3 m,Astral,hyderabad,Kisan Marketing,Hyderabad,IndiaMART,dealer,1200.00,piece,400.00,running_metre,EXCL,18,3917,6.52,1.50,3.00,483.02,1449.06,,,unknown,,NOT_DECLARED,,0,4.2,34,9.09,parcel,seeded_fallback,2026-08-01T06:38:45.678Z,https://www.indiamart.com/proddetail/3-inch-astral-foamcore-upvc-drainage-piping-2857785144788.html
p_00ec807fac0fbbd6,water_pipes,Unbranded UPVC / PVC 63 mm × 3 m,,hyderabad,Mangrish,Deals in Hyderabad,IndiaMART,dealer,1240.00,piece,413.33,running_metre,EXCL,18,3917,6.52,1.50,3.00,498.75,1496.25,,,unknown,,NOT_DECLARED,,0,4.3,24,11.68,parcel,seeded_fallback,2026-08-01T06:38:17.517Z,https://www.indiamart.com/proddetail/6m-upvc-pipe-2856291942073.html
p_a50c55ca4ec66bd8,water_pipes,Unbranded HDPE ? mm PE 100 × 3 m,,hyderabad,KHYATI POLYMERS,Deals in Hyderabad,IndiaMART,dealer,430.00,running_metre,430.00,running_metre,EXCL,18,3917,6.52,1.50,3.00,518.42,518.42,,,unknown,,NOT_DECLARED,,0,4.4,29,24,parcel,seeded_fallback,2026-08-01T06:35:43.098Z,https://www.indiamart.com/proddetail/khyati-hdpe-pipe-100-mm-2851630552073.html
p_bc25b4988abe6432,water_pipes,Unbranded SWR 4 mm × 3 m,,hyderabad,Yash Sanitation Home,Hyderabad,IndiaMART,dealer,450.00,running_metre,450.00,running_metre,EXCL,18,3917,6.52,1.50,3.00,542.02,542.02,,,unknown,,NOT_DECLARED,,0,3,5,30.79,parcel,seeded_fallback,2026-08-01T06:37:35.188Z,https://www.indiamart.com/proddetail/12-inch-upvc-swr-pipe-2852226313512.html
p_5c08d1394859a027,water_pipes,Truflo SWR 160 mm Type B × 3 m,Truflo,hyderabad,Veda Ceramics,Hyderabad,IndiaMART,dealer,1413.00,piece,471.00,running_metre,EXCL,18,3917,6.52,1.50,3.00,566.80,1700.40,,,unknown,,NOT_DECLARED,,0,4,44,30.99,parcel,seeded_fallback,2026-08-01T06:34:02.397Z,https://www.indiamart.com/proddetail/truflo-swr-ringfit-pipe-type-b-grey-sprfb7160-160-mm-6-feet-double-socket-2859169402397.html
p_f80246dabe6de81f,water_pipes,Unbranded HDPE 125 mm PE 100 × 3 m,,hyderabad,JK Polyextrusion,Hyderabad,IndiaMART,dealer,492.00,running_metre,492.00,running_metre,EXCL,18,3917,6.52,1.50,3.00,591.58,591.58,,,unknown,,NOT_DECLARED,,0,4.3,7,33.23,parcel,seeded_fallback,2026-08-01T06:37:07.158Z,https://www.indiamart.com/proddetail/hdpe-pipe-dn125mm-pn10-pe100-2859093503730.html
p_9bcf2d71bcfc7796,water_pipes,Unbranded HDPE 160 mm × 3 m,,hyderabad,Srichakra Pipes,"Kushaiguda, Hyderabad",IndiaMART,dealer,558.00,running_metre,558.00,running_metre,EXCL,18,3917,6.52,1.50,3.00,618.72,618.72,,,unknown,,NOT_DECLARED,,0,4.1,48,15.81,parcel,seeded_fallback,2026-08-01T06:37:49.465Z,https://www.indiamart.com/proddetail/6-inch-hdpe-underground-pipes-9602266162.html
p_9bcf2d71bcfc7796,water_pipes,Unbranded HDPE 160 mm × 3 m,,hyderabad,Prudent Engineering Solutions,"Gandipet, Hyderabad",IndiaMART,dealer,750.00,running_metre,750.00,running_metre,EXCL,18,3917,6.52,1.50,3.00,618.72,618.72,,,unknown,,NOT_DECLARED,,0,4.8,4,29.39,parcel,seeded_fallback,2026-08-01T06:37:21.488Z,https://www.indiamart.com/proddetail/160mm-hdpe-subsoil-pipe-25232817955.html
p_9bcf2d71bcfc7796,water_pipes,Unbranded HDPE 160 mm × 3 m,,hyderabad,Mahadeva Polymers,Hyderabad,IndiaMART,dealer,515.00,running_metre,515.00,running_metre,EXCL,18,3917,6.52,1.50,3.00,618.72,618.72,,,unknown,,NOT_DECLARED,,0,4.5,16,41.89,parcel,seeded_fallback,2026-08-01T06:36:39.476Z,https://www.indiamart.com/proddetail/hdpe-water-pipe-160mm-25458566091.html
p_9bcf2d71bcfc7796,water_pipes,Unbranded HDPE 160 mm × 3 m,,hyderabad,Manjeera Water Solutions,Hyderabad,IndiaMART,dealer,1100.00,running_metre,1100.00,running_metre,EXCL,18,3917,6.52,1.50,3.00,618.72,618.72,,,unknown,,NOT_DECLARED,,0,3.7,15,37.43,parcel,seeded_fallback,2026-08-01T06:36:39.476Z,https://www.indiamart.com/proddetail/160mm-hdpe-water-pipe-2852879710188.html
p_67cf868999def7c8,water_pipes,Austro CPVC 90 mm × 3 m,Austro,hyderabad,Austro Plastic Industries LLP,"Mallapur, Hyderabad",IndiaMART,dealer,1637.00,piece,545.67,running_metre,EXCL,18,3917,6.52,1.50,3.00,654.91,1964.73,,,unknown,,NOT_DECLARED,,0,4.1,64,10.46,parcel,seeded_fallback,2026-08-01T06:47:08.863Z,https://www.indiamart.com/proddetail/austro-3-inch-cpvc-pipe-3-m-21090000988.html
p_0e3d7430fcc44ae3,water_pipes,Unbranded SWR ? mm × 3 m,,hyderabad,Choudhary Traders,"Nizampet, Hyderabad",IndiaMART,dealer,1650.00,piece,550.00,running_metre,EXCL,18,3917,6.52,1.50,3.00,660.02,1980.06,,,unknown,,NOT_DECLARED,,0,4,19,16.22,parcel,seeded_fallback,2026-08-01T06:37:35.188Z,https://www.indiamart.com/proddetail/underground-drainage-pipe-23933487362.html
p_8175931f41ad695d,water_pipes,Unbranded HDPE 200 mm PE 80 × 3 m,,hyderabad,S.N.Polymers,Hyderabad,IndiaMART,dealer,550.00,running_metre,550.00,running_metre,EXCL,18,3917,6.52,1.50,3.00,660.02,660.02,,,unknown,,NOT_DECLARED,,0,4.5,32,12.72,parcel,seeded_fallback,2026-08-01T06:35:43.098Z,https://www.indiamart.com/proddetail/black-pn-8-underground-hdpe-pipe-21945830373.html
p_43dd295c8bdc1cde,water_pipes,Unbranded pipe ? mm × 3 m,,hyderabad,Airway Pneumatic Engineers,"Malkajgiri, Dist. Hyderabad",IndiaMART,dealer,560.00,running_metre,560.00,running_metre,EXCL,18,3917,6.52,1.50,3.00,671.82,671.82,,,unknown,,NOT_DECLARED,,0,4.5,11,17.48,parcel,seeded_fallback,2026-08-01T06:37:07.158Z,https://www.indiamart.com/proddetail/compressor-air-pipe-line-ppr-pipes-2853334675891.html
p_879d532eaaa2e684,water_pipes,Unbranded pipe 160 mm × 3 m,,hyderabad,Sri Linga Sales Corporation,"Secunderabad, Dist. Hyderabad",IndiaMART,dealer,600.00,running_metre,600.00,running_metre,EXCL,18,3917,6.52,1.50,3.00,719.02,719.02,,,unknown,,NOT_DECLARED,,0,5,2,28.22,parcel,seeded_fallback,2026-08-01T06:37:21.488Z,https://www.indiamart.com/proddetail/18mm-black-underground-hpde-pipe-2852227037555.html
p_82ec2f81a07c5e68,water_pipes,Unbranded SWR ? mm × 3 m,,hyderabad,Civilize Mart,Hyderabad,IndiaMART,dealer,698.00,running_metre,698.00,running_metre,EXCL,18,3917,6.52,1.50,3.00,834.66,834.66,,,unknown,,NOT_DECLARED,,0,4.3,20,19.81,parcel,seeded_fallback,2026-08-01T06:37:35.188Z,https://www.indiamart.com/proddetail/hdpe-subsoil-drainage-pipe-2859115790348.html
p_f2ed7a1c305ad2fe,water_pipes,Unbranded SWR ? mm × 3 m,,hyderabad,Sai Sravanthi Enterprises,Hyderabad,IndiaMART,dealer,698.00,running_metre,698.00,running_metre,EXCL,18,3917,6.52,1.50,3.00,834.66,834.66,,,unknown,,NOT_DECLARED,,0,4.4,212,25.6,parcel,seeded_fallback,2026-08-01T06:37:35.188Z,https://www.indiamart.com/proddetail/ultimate-guide-to-subsoil-drainage-system-design-and-installation-2859112709873.html
p_1d5d77cbb61c8d71,water_pipes,Unbranded HDPE ? mm × 3 m,,hyderabad,RKY Engineering,"Nizampet, Hyderabad",IndiaMART,dealer,750.00,running_metre,750.00,running_metre,EXCL,18,3917,6.52,1.50,3.00,896.02,896.02,,,unknown,,NOT_DECLARED,,0,4.6,42,39.47,parcel,seeded_fallback,2026-08-01T06:37:42.454Z,https://www.indiamart.com/proddetail/pn-12-5kg-hdpe-pipe-2853890696648.html
p_20274d5140372b77,water_pipes,Unbranded SWR 160 mm × 3 m,,hyderabad,Prudent Engineering Solutions,"Gandipet, Hyderabad",IndiaMART,dealer,750.00,running_metre,750.00,running_metre,EXCL,18,3917,6.52,1.50,3.00,896.02,896.02,,,unknown,,NOT_DECLARED,,0,4.8,4,29.39,parcel,seeded_fallback,2026-08-01T06:37:49.465Z,https://www.indiamart.com/proddetail/r-drain-subsoil-drainage-pipe-25230995930.html
p_dd8fb65000578c5f,water_pipes,Unbranded SWR 1000 mm × 3 m,,vijayawada,Tirupati Plastomatics Private Limited,Deals in Vijayawada,IndiaMART,dealer,8500.00,running_metre,8500.00,running_metre,EXCL,18,3917,6.52,1.50,3.00,,,,,unknown,,NOT_DECLARED,,0,4.2,60,34.49,parcel,seeded_fallback,2026-08-01T06:44:20.827Z,https://www.indiamart.com/proddetail/dwc-sewerage-and-drainage-pipe-1000-mm-id-11915925788.html
p_174d37e9f6ba9944,water_pipes,Unbranded pipe 75 mm × 3 m,,vijayawada,F&P Enterprises,"Penamaluru, Vijayawada, Dist. Krishna",IndiaMART,dealer,1900.00,piece,633.33,running_metre,EXCL,18,3917,6.52,1.50,3.00,,,,,unknown,,NOT_DECLARED,,0,4.2,85,41.51,parcel,seeded_fallback,2026-08-01T06:40:24.106Z,https://www.indiamart.com/proddetail/lay-flat-pipe-750micron-50-meter-roll-dia-75-mm-2850010652012.html
p_1c2353f1339c64f8,water_pipes,Unbranded pipe 75 mm × 3 m,,vijayawada,F&P Enterprises,"Penamaluru, Vijayawada, Dist. Krishna",IndiaMART,dealer,2700.00,piece,900.00,running_metre,EXCL,18,3917,6.52,1.50,3.00,,,,,unknown,,NOT_DECLARED,,0,4.2,85,41.51,parcel,seeded_fallback,2026-08-01T06:43:52.804Z,https://www.indiamart.com/proddetail/lay-flat-pipe-100-meter-roll-dia-75mm-5layers-2850113167412.html
p_4525d83f263cd6a0,water_pipes,Supreme UPVC / PVC 160 mm × 3 m,Supreme,vijayawada,Calcutta Tube Co.,"Bhavanipuram, Vijayawada, Dist. Krishna",IndiaMART,dealer,3500.00,piece,1166.67,running_metre,EXCL,18,3917,6.52,1.50,3.00,,,,,unknown,,NOT_DECLARED,,0,2.8,4,35.08,parcel,seeded_fallback,2026-08-01T06:44:48.795Z,https://www.indiamart.com/proddetail/160mm-pvc-supreme-pipe-2857133494573.html
p_bc306277c0a81f05,water_pipes,Unbranded UPVC / PVC 6 mm × 2.7 m,,vijayawada,B P Polyudyog,,ExportersIndia,dealer,8.81,piece,3.26,running_metre,EXCL,18,3917,0.23,0.17,3.00,7.25,19.58,4000,Piece,unknown,,NOT_DECLARED,,0,,,23.29,lcv,seeded_fallback,2026-08-06T13:06:49.483Z,https://www.exportersindia.com/product-detail/polyvinyl-chloride-pipe-6151596952.htm
p_13857d10743b1c6b,water_pipes,Unbranded UPVC / PVC ? mm × 3 m,,vijayawada,Almighty Shiva,,ExportersIndia,dealer,15.00,piece,5.00,running_metre,EXCL,18,3917,0.16,0.17,3.00,9.23,27.69,10000,Piece,unknown,,NOT_DECLARED,,0,,,27.75,6_tyre,seeded_fallback,2026-08-06T13:07:00.473Z,https://www.exportersindia.com/product-detail/120ml-stand-up-tube-6543481.htm
p_51b21cd2778d3514,water_pipes,Unbranded CPVC 110 mm × 3 m,,vijayawada,Kamdhenu Poly Plast,Deals in Vijayawada,IndiaMART,dealer,4.50,piece,1.50,running_metre,EXCL,18,3917,6.52,1.50,3.00,12.79,38.37,,,unknown,,NOT_DECLARED,,0,3.9,48,8.47,parcel,seeded_fallback,2026-08-01T06:46:40.941Z,https://www.indiamart.com/proddetail/marcos-cpvc-mta-18090686655.html
p_8af345258ffbe9cb,water_pipes,Unbranded CPVC 15 mm × 3 m,,vijayawada,Flowingo Polyplast,Deals in Vijayawada,IndiaMART,dealer,5.00,piece,1.67,running_metre,EXCL,18,3917,6.52,1.50,3.00,12.99,38.97,,,unknown,,NOT_DECLARED,,0,4.8,170,23.15,parcel,seeded_fallback,2026-08-01T06:46:40.941Z,https://www.indiamart.com/proddetail/cpvc-long-plug-24949311155.html
p_8af345258ffbe9cb,water_pipes,Unbranded CPVC 15 mm × 3 m,,vijayawada,Delight Polytech,Deals in Vijayawada,IndiaMART,dealer,15.00,piece,5.00,running_metre,EXCL,18,3917,6.52,1.50,3.00,12.99,38.97,,,unknown,,NOT_DECLARED,,0,4.5,30,24.92,parcel,seeded_fallback,2026-08-01T06:46:40.941Z,https://www.indiamart.com/proddetail/cpvc-plumbing-fittings-2853055096633.html
p_4c9861716afee7ca,water_pipes,Unbranded CPVC 90 mm × 3 m,,vijayawada,Florex Green (India) Private Limited,Deals in Vijayawada,IndiaMART,dealer,5.00,piece,1.67,running_metre,EXCL,18,3917,6.52,1.50,3.00,12.99,38.97,,,unknown,,NOT_DECLARED,,0,4.1,41,10.42,parcel,seeded_fallback,2026-08-01T06:46:40.941Z,https://www.indiamart.com/proddetail/cpvc-pipe-fittings-19389823933.html
p_ed5c91f00c548d79,water_pipes,Unbranded pipe ? mm × 3 m,,vijayawada,Kamdhenu Polytech,Deals in Vijayawada,IndiaMART,dealer,5.30,piece,1.77,running_metre,EXCL,18,3917,6.52,1.50,3.00,13.11,39.33,,,unknown,,NOT_DECLARED,,0,4.6,21,18.24,parcel,seeded_fallback,2026-08-01T06:46:40.941Z,https://www.indiamart.com/proddetail/female-threaded-adapter-2389920262.html
p_94977741c6ad7fba,water_pipes,Unbranded UPVC / PVC ? mm × 3 m,,vijayawada,Divyansh Enterprises,,ExportersIndia,dealer,17.00,piece,5.67,running_metre,EXCL,18,3917,3.32,0.30,3.00,13.31,39.93,100,Piece,unknown,,NOT_DECLARED,,0,,,24.48,parcel,seeded_fallback,2026-08-06T13:06:53.994Z,https://www.exportersindia.com/product-detail/pvc-waste-pipe-2439148732.htm
p_568a45640161ad62,water_pipes,Unbranded CPVC ? mm × 3 m,,vijayawada,Shubh Plast Tech,Deals in Vijayawada,IndiaMART,dealer,10.00,piece,3.33,running_metre,EXCL,18,3917,6.52,1.50,3.00,14.95,44.85,,,unknown,,NOT_DECLARED,,0,4.5,65,36.99,parcel,seeded_fallback,2026-08-01T06:46:40.941Z,https://www.indiamart.com/proddetail/cpvc-pipe-fittings-2855005426355.html
p_568c41b2563007e8,water_pipes,Unbranded CPVC 20 mm × 3 m,,vijayawada,Prins Polytech Pvt. Ltd.,Deals in Vijayawada,IndiaMART,dealer,200.00,piece,66.67,running_metre,EXCL,18,3917,6.52,1.50,3.00,15.98,47.94,,,unknown,,NOT_DECLARED,,0,4,93,8.39,parcel,seeded_fallback,2026-08-01T06:39:20.658Z,https://www.indiamart.com/proddetail/cpvc-plumbing-pipe-2856913011148.html
p_568c41b2563007e8,water_pipes,Unbranded CPVC 20 mm × 3 m,,vijayawada,Shree Venkata Sai Agencies,"Vijayawada, Dist. Krishna",IndiaMART,dealer,254.00,piece,84.67,running_metre,EXCL,18,3917,6.52,1.50,3.00,15.98,47.94,,,unknown,,NOT_DECLARED,,0,4.7,3,31.91,parcel,seeded_fallback,2026-08-01T06:39:20.658Z,https://www.indiamart.com/proddetail/cpvc-round-pipe-2853971813348.html
p_568c41b2563007e8,water_pipes,Unbranded CPVC 20 mm × 3 m,,vijayawada,Shivom Polyplast (India) Private Limited,Deals in Vijayawada,IndiaMART,dealer,25.00,piece,8.33,running_metre,EXCL,18,3917,6.52,1.50,3.00,15.98,47.94,,,unknown,,NOT_DECLARED,,0,4,141,38.77,parcel,seeded_fallback,2026-08-01T06:46:40.941Z,https://www.indiamart.com/proddetail/3-4x3-4-inch-cpvc-brass-fta-2854570529533.html
p_568c41b2563007e8,water_pipes,Unbranded CPVC 20 mm × 3 m,,vijayawada,Veerguru Corporation,"Vijayawada, Dist. Krishna",IndiaMART,dealer,12.60,piece,4.20,running_metre,EXCL,18,3917,6.52,1.50,3.00,15.98,47.94,,,unknown,,NOT_DECLARED,,0,4.3,25,31.4,parcel,seeded_fallback,2026-08-01T06:46:40.941Z,https://www.indiamart.com/proddetail/jito-cpvc-plain-elbow-fitting-20975276091.html
p_aec6d796528bdb4e,water_pipes,Unbranded UPVC / PVC ? mm × 3 m,,vijayawada,Vikram Trading,,ExportersIndia,dealer,30.00,piece,10.00,running_metre,EXCL,18,3917,2.15,0.17,3.00,17.12,51.36,250,Piece,unknown,,NOT_DECLARED,,0,,,22.44,tempo,seeded_fallback,2026-08-06T13:06:49.483Z,https://www.exportersindia.com/product-detail/pvc-braided-ss-nut-connection-pipe-1853376158.htm
p_f7e9bbd4d6ca9d89,water_pipes,Unbranded CPVC 63 mm × 3 m,,vijayawada,Bhagvat Pipe,Deals in Vijayawada,IndiaMART,dealer,180.00,piece,60.00,running_metre,EXCL,18,3917,6.52,1.50,3.00,18.89,56.67,,,unknown,,NOT_DECLARED,,0,4.8,22,8.15,parcel,seeded_fallback,2026-08-01T06:39:20.658Z,https://www.indiamart.com/proddetail/1-2inch-cpvc-pipe-2855175421133.html
p_f7e9bbd4d6ca9d89,water_pipes,Unbranded CPVC 63 mm × 3 m,,vijayawada,Asian Poly Plast,Deals in Vijayawada,IndiaMART,dealer,20.00,piece,6.67,running_metre,EXCL,18,3917,6.52,1.50,3.00,18.89,56.67,,,unknown,,NOT_DECLARED,,0,4,166,38.77,parcel,seeded_fallback,2026-08-01T06:46:40.941Z,https://www.indiamart.com/proddetail/2-inch-cpvc-cross-fittings-8537019273.html
p_5fe1fae367b3c994,water_pipes,Unbranded UPVC / PVC ? mm × 3 m,,vijayawada,Agroban 'C Equipment And Machinery,,ExportersIndia,dealer,700.00,coil,7.00,running_metre,EXCL,18,3917,6.52,1.50,3.00,19.28,19.28,,,unknown,,NOT_DECLARED,,0,,,40.25,parcel,seeded_fallback,2026-08-06T13:07:00.473Z,https://www.exportersindia.com/product-detail/soft-pvc-garden-pipes-1234236486.htm
p_86afc3493e73430c,water_pipes,Unbranded UPVC / PVC 25 mm × 3 m,,vijayawada,Balaji Industries,,ExportersIndia,dealer,40.00,piece,13.33,running_metre,EXCL,18,3917,0.45,0.17,3.00,19.35,58.05,1000,Piece,unknown,,NOT_DECLARED,,0,,,16.25,tempo,seeded_fallback,2026-08-06T13:06:53.994Z,https://www.exportersindia.com/product-detail/shape-pvc-long-bend-pipe-6489349.htm
p_86afc3493e73430c,water_pipes,Unbranded UPVC / PVC 25 mm × 3 m,,vijayawada,Aroplast Enterprise,Deals in Vijayawada,IndiaMART,dealer,80.00,piece,26.67,running_metre,EXCL,18,3917,6.52,1.50,3.00,19.35,58.05,,,unknown,,NOT_DECLARED,,0,4,60,13.97,parcel,seeded_fallback,2026-08-01T06:45:16.770Z,https://www.indiamart.com/proddetail/25mm-upvc-pipe-2852304336255.html
p_b9d7d15eebdff96a,water_pipes,Unbranded CPVC 25 mm × 3 m,,vijayawada,Shree Krishna Industries,Deals in Vijayawada,IndiaMART,dealer,23.00,piece,7.67,running_metre,EXCL,18,3917,6.52,1.50,3.00,20.07,60.21,,,unknown,,NOT_DECLARED,,0,4.2,24,9.97,parcel,seeded_fallback,2026-08-01T06:46:40.941Z,https://www.indiamart.com/proddetail/1-inch-cpvc-pipe-fittings-2857823057973.html
p_aaea26f01f38cc32,water_pipes,Unbranded UPVC / PVC 36 mm × 3 m,,vijayawada,Ridhi Sidhi Industries,,ExportersIndia,dealer,35.00,piece,11.67,running_metre,EXCL,18,3917,3.32,0.30,3.00,20.39,61.17,100,Piece,unknown,,NOT_DECLARED,,0,,,6.81,parcel,seeded_fallback,2026-08-06T13:03:54.518Z,https://www.exportersindia.com/product-detail/pvc-waste-pipe-9843625769.htm
p_dcd76b64ef72126a,water_pipes,Unbranded CPVC ? mm × 3 m,,vijayawada,Gokul Plastic,Deals in Vijayawada,IndiaMART,dealer,25.00,piece,8.33,running_metre,EXCL,18,3917,6.52,1.50,3.00,20.85,62.55,,,unknown,,NOT_DECLARED,,0,4.6,61,28.6,parcel,seeded_fallback,2026-08-01T06:46:40.941Z,https://www.indiamart.com/proddetail/cpvc-pipe-fittings-flowzone-2854228476255.html
p_a31668698c8bb5cf,water_pipes,Unbranded UPVC / PVC 15 mm × 3 m,,vijayawada,R.G Fire Safety Solution,,ExportersIndia,dealer,70.00,running_metre,70.00,running_metre,EXCL,18,3917,10.52,3.00,3.00,22.82,68.46,10,Metre,unknown,,NOT_DECLARED,,0,,,17.57,parcel,seeded_fallback,2026-08-06T13:06:53.994Z,https://www.exportersindia.com/product-detail/black-pvc-hose-pipe-6195184816.htm
p_a31668698c8bb5cf,water_pipes,Unbranded UPVC / PVC 15 mm × 3 m,,vijayawada,Tufflon Industries,,ExportersIndia,dealer,30.00,running_metre,30.00,running_metre,EXCL,18,3917,0.45,0.17,3.00,22.82,68.46,1000,Metre,unknown,,NOT_DECLARED,,0,,,18.52,tempo,seeded_fallback,2026-08-06T13:06:53.994Z,https://www.exportersindia.com/product-detail/tuffline-pvc-thunder-hose-pipe-7459972576.htm
p_a31668698c8bb5cf,water_pipes,Unbranded UPVC / PVC 15 mm × 3 m,,vijayawada,Aroplast Enterprise,Deals in Vijayawada,IndiaMART,dealer,30.00,piece,10.00,running_metre,EXCL,18,3917,6.52,1.50,3.00,22.82,68.46,,,unknown,,NOT_DECLARED,,0,4,60,13.97,parcel,seeded_fallback,2026-08-01T06:44:48.795Z,https://www.indiamart.com/proddetail/15mm-pvc-pipe-12262735230.html
p_a31668698c8bb5cf,water_pipes,Unbranded UPVC / PVC 15 mm × 3 m,,vijayawada,Shivom Polyplast (India) Private Limited,Deals in Vijayawada,IndiaMART,dealer,144.00,piece,48.00,running_metre,EXCL,18,3917,6.52,1.50,3.00,22.82,68.46,,,unknown,,NOT_DECLARED,,0,4,141,38.77,parcel,seeded_fallback,2026-08-01T06:45:44.829Z,https://www.indiamart.com/proddetail/1-2-inch-6m-40-sch-upvc-pipe-20422752088.html
p_a31668698c8bb5cf,water_pipes,Unbranded UPVC / PVC 15 mm × 3 m,,vijayawada,Tufflon Industries,,ExportersIndia,dealer,30.00,running_metre,30.00,running_metre,EXCL,18,3917,0.45,0.17,3.00,22.82,68.46,1000,Metre,unknown,,NOT_DECLARED,,0,,,18.52,tempo,seeded_fallback,2026-08-06T13:01:06.346Z,https://www.exportersindia.com/product-detail/pvc-steel-wire-suction-hose-pipe-9321259821.htm
p_a31668698c8bb5cf,water_pipes,Unbranded UPVC / PVC 15 mm × 3 m,,vijayawada,Tufflon Industries,,ExportersIndia,dealer,30.00,running_metre,30.00,running_metre,EXCL,18,3917,0.45,0.17,3.00,22.82,68.46,1000,Metre,unknown,,NOT_DECLARED,,0,,,18.52,tempo,seeded_fallback,2026-08-06T13:06:57.711Z,https://www.exportersindia.com/product-detail/pvc-black-spray-hose-pipe-8554618627.htm
p_8e59d402411d41d0,water_pipes,Supreme CPVC 25 mm × 3 m,Supreme,vijayawada,Calcutta Tube Co.,"Bhavanipuram, Vijayawada, Dist. Krishna",IndiaMART,dealer,30.00,piece,10.00,running_metre,EXCL,18,3917,6.52,1.50,3.00,22.82,68.46,,,unknown,,NOT_DECLARED,,0,2.8,4,35.08,parcel,seeded_fallback,2026-08-01T06:46:40.941Z,https://www.indiamart.com/proddetail/25mm-supreme-cpvc-mte-2857133520673.html
p_a07a2948aa1a712e,water_pipes,Unbranded CPVC 50 mm × 3 m,,vijayawada,Veerguru Corporation,"Vijayawada, Dist. Krishna",IndiaMART,dealer,33.00,piece,11.00,running_metre,EXCL,18,3917,6.52,1.50,3.00,24.00,72.00,,,unknown,,NOT_DECLARED,,0,4.3,25,31.4,parcel,seeded_fallback,2026-08-01T06:39:20.658Z,https://www.indiamart.com/proddetail/50mm-cpvc-pipe-2853923112430.html
p_873f48585ff92585,water_pipes,Unbranded CPVC ? mm × 3 m,,vijayawada,Shubh Polymers,Deals in Vijayawada,IndiaMART,dealer,38.00,piece,12.67,running_metre,EXCL,18,3917,6.52,1.50,3.00,25.97,77.91,,,unknown,,NOT_DECLARED,,0,4.4,8,27.31,parcel,seeded_fallback,2026-08-01T06:46:40.941Z,https://www.indiamart.com/proddetail/cpvc-pipe-fittings-2850425088673.html
p_0019b965cd78d5de,water_pipes,Unbranded CPVC ? mm × 3 m,,vijayawada,Hari Om Polyplast,Deals in Vijayawada,IndiaMART,dealer,40.00,piece,13.33,running_metre,EXCL,18,3917,6.52,1.50,3.00,26.75,80.25,,,unknown,,NOT_DECLARED,,0,3.9,36,29.74,parcel,seeded_fallback,2026-08-01T06:46:40.941Z,https://www.indiamart.com/proddetail/cpvc-pipe-fittings-2854148045633.html
p_d62d9c2cd92138be,water_pipes,Unbranded pipe ? mm × 3 m,,vijayawada,Bismilla Electricals,"Bhavanipuram, Vijayawada, Dist. NTR",IndiaMART,dealer,40.00,piece,13.33,running_metre,EXCL,18,3917,6.52,1.50,3.00,26.75,80.25,,,unknown,,NOT_DECLARED,,0,,,20.99,parcel,seeded_fallback,2026-08-01T06:44:48.795Z,https://www.indiamart.com/proddetail/pipes-10991474630.html
p_89e570bdd89ed7dc,water_pipes,Unbranded CPVC ? mm × 3 m,,vijayawada,Ashguard Pipes Private Limited,"Vijayawada, Dist. NTR",IndiaMART,dealer,53.00,piece,17.67,running_metre,EXCL,18,3917,6.52,1.50,3.00,31.87,95.61,,,unknown,,NOT_DECLARED,,0,5,1,23.55,parcel,seeded_fallback,2026-08-01T06:46:40.941Z,https://www.indiamart.com/proddetail/cpvc-pipe-fittings-17427520488.html
p_6c83994d3b2e3642,water_pipes,Lenox UPVC / PVC 25 mm × 3 m,Lenox,vijayawada,Delight Polytech,Deals in Vijayawada,IndiaMART,dealer,55.00,piece,18.33,running_metre,EXCL,18,3917,6.52,1.50,3.00,32.65,97.95,,,unknown,,NOT_DECLARED,,0,4.5,30,24.92,parcel,seeded_fallback,2026-08-01T06:45:30.868Z,https://www.indiamart.com/proddetail/white-upvc-pipes-2854632166173.html
p_6c83994d3b2e3642,water_pipes,Lenox UPVC / PVC 25 mm × 3 m,Lenox,vijayawada,Delight Polytech,Deals in Vijayawada,IndiaMART,dealer,58.00,piece,19.33,running_metre,EXCL,18,3917,6.52,1.50,3.00,32.65,97.95,,,unknown,,NOT_DECLARED,,0,4.5,30,24.92,parcel,seeded_fallback,2026-08-01T06:45:58.767Z,https://www.indiamart.com/proddetail/1-thread-upvc-pipes-2853057325533.html
p_d06cbc90ae025e88,water_pipes,Ashirvad CPVC 15 mm × 3 m,Ashirvad,vijayawada,Mrjangid Electrical,"Vijayawada, Dist. NTR",IndiaMART,dealer,140.00,piece,46.67,running_metre,EXCL,18,3917,6.52,1.50,3.00,33.83,101.49,,,unknown,,NOT_DECLARED,,0,4,1,31.99,parcel,seeded_fallback,2026-08-01T06:39:20.658Z,https://www.indiamart.com/proddetail/ashirvad-cpvc-pipe-22883584633.html
p_d06cbc90ae025e88,water_pipes,Ashirvad CPVC 15 mm × 3 m,Ashirvad,vijayawada,Shree Venkata Sai Agencies,"Vijayawada, Dist. Krishna",IndiaMART,dealer,58.00,piece,19.33,running_metre,EXCL,18,3917,6.52,1.50,3.00,33.83,101.49,,,unknown,,NOT_DECLARED,,0,4.7,3,31.91,parcel,seeded_fallback,2026-08-01T06:46:40.941Z,https://www.indiamart.com/proddetail/ashirvad-cpvc-brass-elbow-20x15-mm-2853066552588.html
p_ea8ac6dbe8ab719c,water_pipes,Unbranded CPVC 20 mm SDR-11 × 3 m,,vijayawada,Veer Polyplast,Deals in Vijayawada,IndiaMART,dealer,60.00,piece,20.00,running_metre,EXCL,18,3917,6.52,1.50,3.00,34.62,103.86,,,unknown,,NOT_DECLARED,,0,4.3,29,18.57,parcel,seeded_fallback,2026-08-01T06:39:20.658Z,https://www.indiamart.com/proddetail/isi-cpvc-pipe-sdr-11-2850220894930.html
p_ea8ac6dbe8ab719c,water_pipes,Unbranded CPVC 20 mm SDR-11 × 3 m,,vijayawada,Primate Industries,Deals in Vijayawada,IndiaMART,dealer,150.00,piece,50.00,running_metre,EXCL,18,3917,6.52,1.50,3.00,34.62,103.86,,,unknown,,NOT_DECLARED,,0,4.2,37,7.78,parcel,seeded_fallback,2026-08-01T06:39:20.658Z,https://www.indiamart.com/proddetail/cpvc-plumbing-pipe-2850628310055.html
p_9c47341cf516cbbb,water_pipes,Prince UPVC / PVC ? mm × 6 m,Prince,vijayawada,Vivekananda Trading Company,Tarapet,ExportersIndia,dealer,120.00,piece,20.00,running_metre,EXCL,18,3917,6.52,1.50,3.00,34.62,207.72,,,unknown,,NOT_DECLARED,,0,,,10.74,parcel,seeded_fallback,2026-08-06T13:06:49.483Z,https://www.exportersindia.com/product-detail/prince-pvc-pipe-6555377.htm
p_f89e24c53c12702a,water_pipes,Unbranded CPVC ? mm × 3 m,,vijayawada,Prashant Polymers,Deals in Vijayawada,IndiaMART,dealer,65.00,piece,21.67,running_metre,EXCL,18,3917,6.52,1.50,3.00,36.59,109.77,,,unknown,,NOT_DECLARED,,0,4.3,59,6.68,parcel,seeded_fallback,2026-08-01T06:46:40.941Z,https://www.indiamart.com/proddetail/cpvc-ball-valve-20996961312.html
p_45f067ace60a2478,water_pipes,Unbranded UPVC / PVC ? mm × 3 m,,vijayawada,Sanjay Polymers,,ExportersIndia,dealer,30.00,running_metre,30.00,running_metre,EXCL,18,3917,0.36,0.17,3.00,38.93,38.93,2000,Metre,unknown,,NOT_DECLARED,,0,,,30.28,tempo,seeded_fallback,2026-08-06T13:06:49.483Z,https://www.exportersindia.com/product-detail/pvc-alkathene-pipe-3476943567.htm
p_d0b8ba5c5c9adbc5,water_pipes,Unbranded UPVC / PVC 106 mm × 3 m,,vijayawada,Tufflon Industries,,ExportersIndia,dealer,30.00,running_metre,30.00,running_metre,EXCL,18,3917,0.45,0.17,3.00,39.02,39.02,1000,Metre,unknown,,NOT_DECLARED,,0,,,18.52,tempo,seeded_fallback,2026-08-05T06:32:07.030Z,https://www.exportersindia.com/product-detail/pvc-food-grade-suction-hose-pipe-9825791658.htm
p_d664c6f5b99ed615,water_pipes,Unbranded UPVC / PVC 20 mm × 3 m,,vijayawada,Taherali A Chhil,,ExportersIndia,dealer,600.00,piece,200.00,running_metre,EXCL,18,3917,6.52,1.50,3.00,39.40,39.40,,,unknown,,NOT_DECLARED,,0,,,15.19,parcel,seeded_fallback,2026-08-06T13:06:49.483Z,https://www.exportersindia.com/product-detail/30m-pvc-braided-garden-pipe-6243331842.htm
p_d664c6f5b99ed615,water_pipes,Unbranded UPVC / PVC 20 mm × 3 m,,vijayawada,MDFS Formwork India Private Limited,,ExportersIndia,dealer,30.00,running_metre,30.00,running_metre,EXCL,18,3917,0.83,0.17,3.00,39.40,39.40,1000,Metre,unknown,,NOT_DECLARED,,0,,,34.62,tempo,seeded_fallback,2026-08-06T13:06:57.711Z,https://www.exportersindia.com/product-detail/20mm-pvc-pipe-7921272291.htm
p_d664c6f5b99ed615,water_pipes,Unbranded UPVC / PVC 20 mm × 3 m,,vijayawada,Aroplast Enterprise,Deals in Vijayawada,IndiaMART,dealer,280.00,piece,93.33,running_metre,EXCL,18,3917,6.52,1.50,3.00,39.40,39.40,,,unknown,,NOT_DECLARED,,0,4,60,13.97,parcel,seeded_fallback,2026-08-01T06:45:30.868Z,https://www.indiamart.com/proddetail/20mm-upvc-pipe-13709895691.html
p_d664c6f5b99ed615,water_pipes,Unbranded UPVC / PVC 20 mm × 3 m,,vijayawada,Shivom Polyplast (India) Private Limited,Deals in Vijayawada,IndiaMART,dealer,200.00,piece,66.67,running_metre,EXCL,18,3917,6.52,1.50,3.00,39.40,39.40,,,unknown,,NOT_DECLARED,,0,4,141,38.77,parcel,seeded_fallback,2026-08-01T06:45:16.770Z,https://www.indiamart.com/proddetail/3-4-inch-6m-80-sch-upvc-pipe-16551681512.html
p_d664c6f5b99ed615,water_pipes,Unbranded UPVC / PVC 20 mm × 3 m,,vijayawada,Shivom Polyplast (India) Private Limited,Deals in Vijayawada,IndiaMART,dealer,152.00,piece,50.67,running_metre,EXCL,18,3917,6.52,1.50,3.00,39.40,39.40,,,unknown,,NOT_DECLARED,,0,4,141,38.77,parcel,seeded_fallback,2026-08-01T06:45:58.767Z,https://www.indiamart.com/proddetail/3-4-inch-6m-40-sch-upvc-pipe-2858935254591.html
p_d664c6f5b99ed615,water_pipes,Unbranded UPVC / PVC 20 mm × 3 m,,vijayawada,Veerguru Corporation,"Vijayawada, Dist. Krishna",IndiaMART,dealer,130.00,piece,43.33,running_metre,EXCL,18,3917,6.52,1.50,3.00,39.40,39.40,,,unknown,,NOT_DECLARED,,0,4.3,25,31.4,parcel,seeded_fallback,2026-08-01T06:45:58.767Z,https://www.indiamart.com/proddetail/upvc-pipes-20564230448.html
p_0d394a328ec829db,water_pipes,Lenox SWR ? mm × 3 m,Lenox,vijayawada,Delight Polytech,Deals in Vijayawada,IndiaMART,dealer,78.00,piece,26.00,running_metre,EXCL,18,3917,6.52,1.50,3.00,41.70,125.10,,,unknown,,NOT_DECLARED,,0,4.5,30,24.92,parcel,seeded_fallback,2026-08-01T06:45:44.829Z,https://www.indiamart.com/proddetail/lenox-upvc-underground-drainage-pipe-2854632166448.html
p_a549e97f3f384367,water_pipes,Unbranded UPVC / PVC 160 mm × 3 m,,vijayawada,Prudhvi Polymers,"Vijayawada, Dist. Krishna",IndiaMART,dealer,79.00,piece,26.33,running_metre,EXCL,18,3917,6.52,1.50,3.00,42.09,126.27,,,unknown,,NOT_DECLARED,,0,3,1,15.66,parcel,seeded_fallback,2026-08-01T06:44:48.795Z,https://www.indiamart.com/proddetail/6inch-pvc-pipe-bend-12294867691.html
p_78ade90df731f134,water_pipes,Lenox UPVC / PVC ? mm × 3 m,Lenox,vijayawada,Delight Polytech,Deals in Vijayawada,IndiaMART,dealer,80.00,piece,26.67,running_metre,EXCL,18,3917,6.52,1.50,3.00,42.49,127.47,,,unknown,,NOT_DECLARED,,0,4.5,30,24.92,parcel,seeded_fallback,2026-08-01T06:45:16.770Z,https://www.indiamart.com/proddetail/upvc-round-pipe-2854632166333.html
p_ba82d6ef96fecedc,water_pipes,Lenox UPVC / PVC 20 mm × 3 m,Lenox,vijayawada,Alakananda Enterprises,"Vijayawada, Dist. NTR",IndiaMART,dealer,98.00,piece,32.67,running_metre,EXCL,18,3917,6.52,1.50,3.00,49.57,148.71,,,unknown,,NOT_DECLARED,,0,2.5,8,12.83,parcel,seeded_fallback,2026-08-01T06:45:16.770Z,https://www.indiamart.com/proddetail/lenox-upvc-pipe-2855697444733.html
p_0dc012090a7a4beb,water_pipes,Jain CPVC 63 mm SDR-11 × 3 m,Jain,vijayawada,MK Enterprises,"Vijayawada, Dist. NTR",IndiaMART,dealer,99.00,piece,33.00,running_metre,EXCL,18,3917,6.52,1.50,3.00,49.96,149.88,,,unknown,,NOT_DECLARED,,0,,,26.62,parcel,seeded_fallback,2026-08-01T06:39:20.658Z,https://www.indiamart.com/proddetail/jain-plumbing-cpvc-pipe-2859148354312.html
p_97164c7e5ca9fc9e,water_pipes,Unbranded CPVC ? mm × 3 m,,vijayawada,Primate Industries,Deals in Vijayawada,IndiaMART,dealer,100.00,piece,33.33,running_metre,EXCL,18,3917,6.52,1.50,3.00,50.35,151.05,,,unknown,,NOT_DECLARED,,0,4.2,37,7.78,parcel,seeded_fallback,2026-08-01T06:46:40.941Z,https://www.indiamart.com/proddetail/cpvc-pipe-fittings-26732190573.html
p_ce3e958399ec9782,water_pipes,Unbranded SWR 2.5 mm × 3 m,,vijayawada,Panorama Pvt. Ltd.,,ExportersIndia,dealer,120.00,piece,40.00,running_metre,EXCL,18,3917,3.32,0.30,3.00,53.82,161.46,100,Piece,unknown,,NOT_DECLARED,,0,,,33.87,parcel,seeded_fallback,2026-08-06T13:06:53.994Z,https://www.exportersindia.com/product-detail/pvc-pipe-9193246823.htm
p_0980200f0326cdb5,water_pipes,Unbranded pipe 11 mm × 3 m,,vijayawada,Autocool Industries,,ExportersIndia,dealer,120.00,piece,40.00,running_metre,EXCL,18,3917,3.32,0.30,3.00,53.82,161.46,100,Piece,unknown,,NOT_DECLARED,,0,,,39.67,parcel,seeded_fallback,2026-08-06T13:07:00.473Z,https://www.exportersindia.com/product-detail/tractor-oil-pressure-pipe-9628621917.htm
p_00ec807fac0fbbd6,water_pipes,Unbranded UPVC / PVC 63 mm × 3 m,,vijayawada,Vivekananda Trading Company,"Vijayawada, Dist. Krishna",IndiaMART,dealer,120.00,piece,40.00,running_metre,EXCL,18,3917,6.52,1.50,3.00,58.22,174.66,,,unknown,,NOT_DECLARED,,0,4,85,32.66,parcel,seeded_fallback,2026-08-01T06:45:16.770Z,https://www.indiamart.com/proddetail/round-upvc-pipes-24201270033.html
p_271f5baf76c28157,water_pipes,Unbranded pipe ? mm × 3 m,,vijayawada,Kamlesh Steel Industries,"Vijayawada, Dist. Krishna",IndiaMART,dealer,120.00,piece,40.00,running_metre,EXCL,18,3917,6.52,1.50,3.00,58.22,174.66,,,unknown,,NOT_DECLARED,,0,3.4,16,10.51,parcel,seeded_fallback,2026-08-01T06:43:52.804Z,https://www.indiamart.com/proddetail/flexible-pipe-17712929988.html
p_fa10dc903a69cd8b,water_pipes,Ashirvad CPVC 20 mm × 3 m,Ashirvad,vijayawada,Vivekananda Trading Company,"Vijayawada, Dist. Krishna",IndiaMART,dealer,120.00,piece,40.00,running_metre,EXCL,18,3917,6.52,1.50,3.00,58.22,174.66,,,unknown,,NOT_DECLARED,,0,4,85,32.66,parcel,seeded_fallback,2026-08-01T06:39:20.658Z,https://www.indiamart.com/proddetail/dr-flow-3-4-inch-cpvc-pipe-3-m-22627428355.html
p_4755a75af9bc6327,water_pipes,Fitwell CPVC 25 mm SDR-11 × 3 m,Fitwell,vijayawada,Fitwell Polytechnik Private Limited,Deals in Vijayawada,IndiaMART,dealer,120.00,piece,40.00,running_metre,EXCL,18,3917,6.52,1.50,3.00,58.22,174.66,,,unknown,,NOT_DECLARED,,0,4.3,159,41.47,parcel,seeded_fallback,2026-08-01T06:39:20.658Z,https://www.indiamart.com/proddetail/cpvc-pipes-sdr-11-8123397655.html
p_2467e912cddfe541,water_pipes,Sagar CPVC 25 mm SDR-13.5 × 3 m,Sagar,vijayawada,Sagar Polytechnik Ltd.,Deals in Vijayawada,IndiaMART,dealer,122.00,piece,40.67,running_metre,EXCL,18,3917,6.52,1.50,3.00,59.01,177.03,,,unknown,,NOT_DECLARED,,0,3.9,69,38.39,parcel,seeded_fallback,2026-08-01T06:39:20.658Z,https://www.indiamart.com/proddetail/sagar-cpvc-sdr-13-5-pipe-26442499748.html
p_fe7f18358d42fa75,water_pipes,Unbranded SWR 75 mm × 3 m,,vijayawada,Global Roto Polymer And Engineers,,ExportersIndia,dealer,30.00,running_metre,30.00,running_metre,EXCL,18,3917,18.52,6.00,3.00,62.92,62.92,5,Metre,unknown,,NOT_DECLARED,,0,,,20.67,parcel,seeded_fallback,2026-08-06T13:06:49.483Z,https://www.exportersindia.com/product-detail/rigid-pvc-pipe-6331273966.htm
p_1351e573215b8fa4,water_pipes,Unbranded CPVC 32 mm SDR-13.5 × 3 m,,vijayawada,Shivom Polyplast (India) Private Limited,Deals in Vijayawada,IndiaMART,dealer,144.00,piece,48.00,running_metre,EXCL,18,3917,6.52,1.50,3.00,67.66,202.98,,,unknown,,NOT_DECLARED,,0,4,141,38.77,parcel,seeded_fallback,2026-08-01T06:39:20.658Z,https://www.indiamart.com/proddetail/1-25-inch-3m-cpvc-sdr13-5-pipe-2854945980791.html
p_9a861b4911fa6039,water_pipes,Unbranded UPVC / PVC 32 mm × 3 m,,vijayawada,Aroplast Enterprise,Deals in Vijayawada,IndiaMART,dealer,150.00,piece,50.00,running_metre,EXCL,18,3917,6.52,1.50,3.00,70.02,210.06,,,unknown,,NOT_DECLARED,,0,4,60,13.97,parcel,seeded_fallback,2026-08-01T06:45:44.829Z,https://www.indiamart.com/proddetail/32mm-upvc-pipe-2852256931873.html
p_36d97175773bb8c0,water_pipes,Unbranded CPVC ? mm × 3 m,,vijayawada,Kankai Pipes And Fittings Pvt. Ltd.,Deals in Vijayawada,IndiaMART,dealer,150.00,piece,50.00,running_metre,EXCL,18,3917,6.52,1.50,3.00,70.02,210.06,,,unknown,,NOT_DECLARED,,0,4.1,162,33.95,parcel,seeded_fallback,2026-08-01T06:46:40.941Z,https://www.indiamart.com/proddetail/cpvc-pipe-fittings-2852913327855.html
p_e6aa556815bd8576,water_pipes,Supreme HDPE 32 mm × 3 m,Supreme,vijayawada,Calcutta Tube Co.,"Bhavanipuram, Vijayawada, Dist. Krishna",IndiaMART,dealer,52.00,running_metre,52.00,running_metre,EXCL,18,3917,6.52,1.50,3.00,72.38,72.38,,,unknown,,NOT_DECLARED,,0,2.8,4,35.08,parcel,seeded_fallback,2026-08-01T06:43:52.804Z,https://www.indiamart.com/proddetail/32mm-hdpe-supreme-pipe-2857133489530.html
p_8460cd7f93dadd8d,water_pipes,Unbranded UPVC / PVC ? mm × 3 m,,vijayawada,Veerguru Corporation,"Vijayawada, Dist. Krishna",IndiaMART,dealer,180.00,piece,60.00,running_metre,EXCL,18,3917,6.52,1.50,3.00,81.82,245.46,,,unknown,,NOT_DECLARED,,0,4.3,25,31.4,parcel,seeded_fallback,2026-08-01T06:43:52.804Z,https://www.indiamart.com/proddetail/jito-upvc-pipes-24375077548.html
p_7f574344b0c269f1,water_pipes,Unbranded pipe 90 mm × 3 m,,vijayawada,Veerguru Corporation,"Vijayawada, Dist. Krishna",IndiaMART,dealer,200.00,piece,66.67,running_metre,EXCL,18,3917,6.52,1.50,3.00,89.69,269.07,,,unknown,,NOT_DECLARED,,0,4.3,25,31.4,parcel,seeded_fallback,2026-08-01T06:43:24.773Z,https://www.indiamart.com/proddetail/water-pipes-2854305009830.html
p_b567fe2484334273,water_pipes,Unbranded UPVC / PVC 12 mm × 3 m,,vijayawada,Krish Polymers,,ExportersIndia,dealer,75.00,running_metre,75.00,running_metre,EXCL,18,3917,0.16,0.17,3.00,91.83,91.83,10000,Metre,unknown,,NOT_DECLARED,,0,,,15.76,6_tyre,seeded_fallback,2026-08-06T13:06:49.483Z,https://www.exportersindia.com/product-detail/gold-series-super-halwa-pvc-garden-pipe-6937857482.htm
p_8b40518462d6cb29,water_pipes,Finolex SWR ? mm × 3 m,Finolex,vijayawada,Veerguru Corporation,"Vijayawada, Dist. Krishna",IndiaMART,dealer,230.00,piece,76.67,running_metre,EXCL,18,3917,6.52,1.50,3.00,101.49,304.47,,,unknown,,NOT_DECLARED,,0,4.3,25,31.4,parcel,seeded_fallback,2026-08-01T06:39:55.467Z,https://www.indiamart.com/proddetail/swr-pvc-pipe-2853923112191.html
p_1047f6b224a7b3d5,water_pipes,Unbranded CPVC ? mm × 3 m,,vijayawada,Calcutta Tube Co.,"Bhavanipuram, Vijayawada, Dist. Krishna",IndiaMART,dealer,231.00,piece,77.00,running_metre,EXCL,18,3917,6.52,1.50,3.00,101.88,305.64,,,unknown,,NOT_DECLARED,,0,2.8,4,35.08,parcel,seeded_fallback,2026-08-01T06:39:20.658Z,https://www.indiamart.com/proddetail/cpvc-pipe-2857595356130.html
p_7fab733a1b1c68d3,water_pipes,Unbranded pipe ? mm × 3 m,,vijayawada,Prins Polytech Pvt. Ltd.,Deals in Vijayawada,IndiaMART,dealer,235.00,piece,78.33,running_metre,EXCL,18,3917,6.52,1.50,3.00,103.45,310.35,,,unknown,,NOT_DECLARED,,0,4,93,8.39,parcel,seeded_fallback,2026-08-01T06:43:52.804Z,https://www.indiamart.com/proddetail/ring-fit-pipe-2855744729433.html
p_d7cb0780b005b6cd,water_pipes,Kisan UPVC / PVC ? mm × 6 m,Kisan,vijayawada,Lilawati Green House,,ExportersIndia,dealer,490.00,piece,81.67,running_metre,EXCL,18,3917,4.12,0.60,3.00,104.09,624.54,50,Piece,unknown,,NOT_DECLARED,,0,,,27.18,parcel,seeded_fallback,2026-08-06T13:03:51.454Z,https://www.exportersindia.com/product-detail/kisan-white-pvc-pipe-5775749413.htm
p_f2c3e316faec0efa,water_pipes,Unbranded UPVC / PVC ? mm × 3 m,,vijayawada,Prins Polytech Pvt. Ltd.,Deals in Vijayawada,IndiaMART,dealer,80.00,running_metre,80.00,running_metre,EXCL,18,3917,6.52,1.50,3.00,105.42,105.42,,,unknown,,NOT_DECLARED,,0,4,93,8.39,parcel,seeded_fallback,2026-08-01T06:44:48.795Z,https://www.indiamart.com/proddetail/pvc-water-pipe-2856533211948.html
p_98a5446ba2bb9e03,water_pipes,Unbranded UPVC / PVC 25 mm × 15.24 m,,vijayawada,Metro Rubber Company,,ExportersIndia,dealer,120.00,running_metre,120.00,running_metre,EXCL,18,3917,4.12,0.60,3.00,113.92,113.92,50,Metre,unknown,,NOT_DECLARED,,0,,,30.59,parcel,seeded_fallback,2026-08-02T10:47:22.129Z,https://www.exportersindia.com/product-detail/flexible-pvc-hose-pipe-7212195135.htm
p_98a5446ba2bb9e03,water_pipes,Unbranded UPVC / PVC 25 mm × 15.24 m,,vijayawada,Metro Rubber Company,,ExportersIndia,dealer,90.00,running_metre,90.00,running_metre,EXCL,18,3917,4.12,0.60,3.00,113.92,113.92,50,Metre,unknown,,NOT_DECLARED,,0,,,30.59,parcel,seeded_fallback,2026-08-06T13:03:51.454Z,https://www.exportersindia.com/product-detail/pvc-thunder-hose-pipe-6364966685.htm
p_85d6ac0dab563448,water_pipes,Astral pipe ? mm × 3 m,Astral,vijayawada,Best Tech Pipes LLP,Deals in Vijayawada,IndiaMART,dealer,100.00,running_metre,100.00,running_metre,EXCL,18,3917,6.52,1.50,3.00,129.02,129.02,,,unknown,,NOT_DECLARED,,0,4,42,20.91,parcel,seeded_fallback,2026-08-01T06:44:20.827Z,https://www.indiamart.com/proddetail/d-rex-dwc-pipe-22442607688.html
p_033d9c13022704d6,water_pipes,Finolex SWR ? mm × 3 m,Finolex,vijayawada,Veerguru Corporation,"Vijayawada, Dist. Krishna",IndiaMART,dealer,300.00,piece,100.00,running_metre,EXCL,18,3917,6.52,1.50,3.00,129.02,387.06,,,unknown,,NOT_DECLARED,,0,4.3,25,31.4,parcel,seeded_fallback,2026-08-01T06:39:48.679Z,https://www.indiamart.com/proddetail/swr-pipe-2853923111833.html
p_846bba5285275801,water_pipes,Unbranded UPVC / PVC 8.5 mm × 3 m,,vijayawada,Hema Equipments Dealers,,ExportersIndia,dealer,2000.00,coil,20.00,running_metre,EXCL,18,3917,82.52,30.00,3.00,139.12,139.12,1,Roll,unknown,,NOT_DECLARED,,0,,,24.44,parcel,seeded_fallback,2026-08-06T13:07:00.473Z,https://www.exportersindia.com/product-detail/pvc-hose-pipe-5614395247.htm
p_444b48d6a03daa0f,water_pipes,Unbranded UPVC / PVC ? mm × 6 m,,vijayawada,Dinesh Chandra Enterprises Pvt. Ltd.,,ExportersIndia,dealer,630.00,running_metre,105.00,running_metre,EXCL,18,3917,15.85,5.00,3.00,147.75,147.75,6,Metre,unknown,,NOT_DECLARED,,0,,,6.95,parcel,seeded_fallback,2026-08-06T13:07:00.473Z,https://www.exportersindia.com/product-detail/white-pvc-hydroponic-pipe-6373951.htm
p_675eb986b48fbc42,water_pipes,Astral CPVC ? mm × 3 m,Astral,vijayawada,Maa Pipes & Sanitary,"Vijayawada, Dist. Krishna",IndiaMART,dealer,350.00,piece,116.67,running_metre,EXCL,18,3917,6.52,1.50,3.00,148.69,446.07,,,unknown,,NOT_DECLARED,,0,,,24.16,parcel,seeded_fallback,2026-08-01T06:46:40.941Z,https://www.indiamart.com/proddetail/astral-cpvc-male-adaptor-24356841762.html
p_9cded3a012b9247a,water_pipes,Unbranded HDPE ? mm × 3 m,,vijayawada,JP Polyplast,Deals in Vijayawada,IndiaMART,dealer,120.00,running_metre,120.00,running_metre,EXCL,18,3917,6.52,1.50,3.00,152.62,152.62,,,unknown,,NOT_DECLARED,,0,3.9,143,10.18,parcel,seeded_fallback,2026-08-01T06:40:24.106Z,https://www.indiamart.com/proddetail/black-hdpe-pipe-20866381973.html
p_e63f8b02af0a9c17,water_pipes,Utkarsh HDPE 20 mm × 3 m,Utkarsh,vijayawada,Utkarsh India Limited,Deals in Vijayawada,IndiaMART,dealer,120.00,running_metre,120.00,running_metre,EXCL,18,3917,6.52,1.50,3.00,152.62,152.62,,,unknown,,NOT_DECLARED,,0,4,169,8.08,parcel,seeded_fallback,2026-08-01T06:40:24.106Z,https://www.indiamart.com/proddetail/hdpe-water-pipe-2853667914148.html
p_fe59f99cfa42e630,water_pipes,Ashirvad CPVC 25 mm × 3 m,Ashirvad,vijayawada,Shree Venkata Sai Agencies,"Vijayawada, Dist. Krishna",IndiaMART,dealer,365.00,piece,121.67,running_metre,EXCL,18,3917,6.52,1.50,3.00,154.59,463.77,,,unknown,,NOT_DECLARED,,0,4.7,3,31.91,parcel,seeded_fallback,2026-08-01T06:43:52.804Z,https://www.indiamart.com/proddetail/ashirvad-cpvc-pipe-14720935855.html
p_1352a60c2eb8744e,water_pipes,Unbranded HDPE 75 mm × 3 m,,vijayawada,V Khsirsagar Enterprises,Deals in Vijayawada,IndiaMART,dealer,124.00,running_metre,124.00,running_metre,EXCL,18,3917,6.52,1.50,3.00,157.34,157.34,,,unknown,,NOT_DECLARED,,0,4.6,77,20.79,parcel,seeded_fallback,2026-08-01T06:40:24.106Z,https://www.indiamart.com/proddetail/75mm-hdpe-pipe-2854037525791.html
p_8467de2b17b37e52,water_pipes,Unbranded UPVC / PVC 40 mm × 3 m,,vijayawada,Shivom Polyplast (India) Private Limited,Deals in Vijayawada,IndiaMART,dealer,376.00,piece,125.33,running_metre,EXCL,18,3917,6.52,1.50,3.00,158.91,476.73,,,unknown,,NOT_DECLARED,,0,4,141,38.77,parcel,seeded_fallback,2026-08-01T06:45:30.868Z,https://www.indiamart.com/proddetail/1-5-inch-3m-40-sch-upvc-pipe-2856396826391.html
p_250bec06872c31a1,water_pipes,Unbranded SWR ? mm × 3 m,,vijayawada,Vivekananda Trading Company,"Vijayawada, Dist. Krishna",IndiaMART,dealer,390.00,piece,130.00,running_metre,EXCL,18,3917,6.52,1.50,3.00,164.42,493.26,,,unknown,,NOT_DECLARED,,0,4,85,32.66,parcel,seeded_fallback,2026-08-01T06:39:48.679Z,https://www.indiamart.com/proddetail/swr-pvc-pipe-18873129055.html
p_8374aa118b4ed907,water_pipes,Unbranded HDPE 1000 mm × 3 m,,vijayawada,Lakshmi Corporations,Deals in Vijayawada,IndiaMART,dealer,150.00,running_metre,150.00,running_metre,EXCL,18,3917,6.52,1.50,3.00,188.02,188.02,,,unknown,,NOT_DECLARED,,0,4.2,213,15.04,parcel,seeded_fallback,2026-08-01T06:40:24.106Z,https://www.indiamart.com/proddetail/hdpe-pipes-100-1000-mm-15845342773.html
p_9d8c30dc0fc41140,water_pipes,Sudhakar CPVC 32 mm SDR-11 × 3 m,Sudhakar,vijayawada,MK Enterprises,"Vijayawada, Dist. NTR",IndiaMART,dealer,455.00,piece,151.67,running_metre,EXCL,18,3917,6.52,1.50,3.00,189.99,569.97,,,unknown,,NOT_DECLARED,,0,,,26.62,parcel,seeded_fallback,2026-08-01T06:43:52.804Z,https://www.indiamart.com/proddetail/sudhakar-sdr-11-cpvc-fapt-2859148352730.html
p_dd893ed52671f85e,water_pipes,Unbranded HDPE ? mm PE 80 × 3 m,,vijayawada,Balaji Poly Plast,Deals in Vijayawada,IndiaMART,dealer,160.00,running_metre,160.00,running_metre,EXCL,18,3917,6.52,1.50,3.00,199.82,199.82,,,unknown,,NOT_DECLARED,,0,4.4,108,30.33,parcel,seeded_fallback,2026-08-01T06:40:24.106Z,https://www.indiamart.com/proddetail/hdpe-pipes-roll-4949250155.html
p_59a6329d236038e0,water_pipes,Supreme HDPE 150 mm × 3 m,Supreme,vijayawada,Calcutta Tube Co.,"Bhavanipuram, Vijayawada, Dist. Krishna",IndiaMART,dealer,160.00,running_metre,160.00,running_metre,EXCL,18,3917,6.52,1.50,3.00,199.82,199.82,,,unknown,,NOT_DECLARED,,0,2.8,4,35.08,parcel,seeded_fallback,2026-08-01T06:44:20.827Z,https://www.indiamart.com/proddetail/150mm-hdpe-supreme-dwc-pipe-2857133505388.html
p_4f4f5d0332f8916b,water_pipes,Unbranded UPVC / PVC 90 mm × 3 m,,vijayawada,Mata Tulshi FPC Company Pvt. Ltd.,,ExportersIndia,dealer,600.00,piece,200.00,running_metre,EXCL,18,3917,42.52,15.00,3.00,217.85,653.55,2,Piece,unknown,,NOT_DECLARED,,0,,,32.83,parcel,seeded_fallback,2026-08-06T13:01:06.346Z,https://www.exportersindia.com/product-detail/100-mm-pvc-pipe-6523737674.htm
p_4f4f5d0332f8916b,water_pipes,Unbranded UPVC / PVC 90 mm × 3 m,,vijayawada,Mata Tulshi FPC Company Pvt. Ltd.,,ExportersIndia,dealer,500.00,piece,166.67,running_metre,EXCL,18,3917,42.52,15.00,3.00,217.85,653.55,2,Piece,unknown,,NOT_DECLARED,,0,,,32.83,parcel,seeded_fallback,2026-08-05T06:29:05.983Z,https://www.exportersindia.com/product-detail/75-mm-pvc-pipe-2169778476.htm
p_4f4f5d0332f8916b,water_pipes,Unbranded UPVC / PVC 90 mm × 3 m,,vijayawada,Mata Tulshi FPC Company Pvt. Ltd.,,ExportersIndia,dealer,400.00,piece,133.33,running_metre,EXCL,18,3917,42.52,15.00,3.00,217.85,653.55,2,Piece,unknown,,NOT_DECLARED,,0,,,32.83,parcel,seeded_fallback,2026-08-06T13:03:51.454Z,https://www.exportersindia.com/product-detail/63-mm-pvc-pipe-3139443813.htm
p_5d9dfe7d35232ed4,water_pipes,Unbranded UPVC / PVC 200 mm × 5 m,,vijayawada,Tulip Spun Pipe Company,,ExportersIndia,dealer,180.00,running_metre,180.00,running_metre,EXCL,18,3917,3.32,0.30,3.00,219.02,219.02,100,Piece,unknown,,NOT_DECLARED,,0,,,33.03,parcel,seeded_fallback,2026-08-06T13:06:57.711Z,https://www.exportersindia.com/product-detail/double-wall-corrugated-pvc-pipe-6189347255.htm
p_05d70c4a1e2d5f19,water_pipes,Ashirvad UPVC / PVC ? mm × 3 m,Ashirvad,vijayawada,Surya Sanitary Stores,"Vijayawada, Dist. NTR",IndiaMART,dealer,550.00,piece,183.33,running_metre,EXCL,18,3917,6.52,1.50,3.00,227.35,682.05,,,unknown,,NOT_DECLARED,,0,,,40.4,parcel,seeded_fallback,2026-08-01T06:44:20.827Z,https://www.indiamart.com/proddetail/pvc-pipes-2608836033.html
p_9f7afc5ccb0a054d,water_pipes,Astral CPVC ? mm × 3 m,Astral,vijayawada,Maa Pipes & Sanitary,"Vijayawada, Dist. Krishna",IndiaMART,dealer,550.00,piece,183.33,running_metre,EXCL,18,3917,6.52,1.50,3.00,227.35,682.05,,,unknown,,NOT_DECLARED,,0,,,24.16,parcel,seeded_fallback,2026-08-01T06:39:20.658Z,https://www.indiamart.com/proddetail/astral-cpvc-pro-pipe-24356842673.html
p_dd50391cc4cc38b7,water_pipes,Fitwell UPVC / PVC 63 mm × 3 m,Fitwell,vijayawada,Fitwell Polytechnik Private Limited,Deals in Vijayawada,IndiaMART,dealer,585.00,piece,195.00,running_metre,EXCL,18,3917,6.52,1.50,3.00,241.12,723.36,,,unknown,,NOT_DECLARED,,0,4.3,159,41.47,parcel,seeded_fallback,2026-08-01T06:45:16.770Z,https://www.indiamart.com/proddetail/fitwell-2-inch-upvc-pipe-6-m-11937172548.html
p_473eb56aef1a3545,water_pipes,Unbranded UPVC / PVC 110 mm × 3 m,,vijayawada,Shree Krishna Industries,Deals in Vijayawada,IndiaMART,dealer,595.00,piece,198.33,running_metre,EXCL,18,3917,6.52,1.50,3.00,245.05,735.15,,,unknown,,NOT_DECLARED,,0,4.2,24,9.97,parcel,seeded_fallback,2026-08-01T06:44:48.795Z,https://www.indiamart.com/proddetail/4-inch-agriculture-pvc-pipe-9737361655.html
p_35d1057db113f264,water_pipes,Unbranded UPVC / PVC 100 mm × 3 m,,vijayawada,Mata Tulshi FPC Company Pvt. Ltd.,,ExportersIndia,dealer,500.00,piece,166.67,running_metre,EXCL,18,3917,42.52,15.00,3.00,257.19,771.57,2,Piece,unknown,,NOT_DECLARED,,0,,,32.83,parcel,seeded_fallback,2026-08-06T13:06:53.994Z,https://www.exportersindia.com/product-detail/90-mm-pvc-pipe-9238137579.htm
p_a4c2dd65b50061cd,water_pipes,Unbranded HDPE 63 mm × 3 m,,vijayawada,AR Industries,Deals in Vijayawada,IndiaMART,dealer,245.00,running_metre,245.00,running_metre,EXCL,18,3917,6.52,1.50,3.00,300.12,300.12,,,unknown,,NOT_DECLARED,,0,3.6,527,23.82,parcel,seeded_fallback,2026-08-01T06:44:20.827Z,https://www.indiamart.com/proddetail/dwc-hdpe-corrugated-pipe-27087036262.html
p_488df096d47981ec,water_pipes,Unbranded UPVC / PVC ? mm × 3 m,,vijayawada,Jatin Enterprises,,ExportersIndia,dealer,500.00,piece,166.67,running_metre,EXCL,18,3917,82.52,30.00,3.00,312.19,936.57,1,Tonne,unknown,,NOT_DECLARED,,0,,,39.02,parcel,seeded_fallback,2026-08-05T06:29:05.983Z,https://www.exportersindia.com/product-detail/pvc-pipes-6565519.htm
p_4d3386e127bee507,water_pipes,Champion UPVC / PVC 90 mm × 3 m,Champion,vijayawada,Savera Pipes Private Limited,Deals in Vijayawada,IndiaMART,dealer,844.00,piece,281.33,running_metre,EXCL,18,3917,6.52,1.50,3.00,342.99,1028.97,,,unknown,,NOT_DECLARED,,0,4.2,128,21.08,parcel,seeded_fallback,2026-08-01T06:46:12.791Z,https://www.indiamart.com/proddetail/3-inch-champion-upvc-rigid-pipes-19718901691.html
p_66a72af506e32222,water_pipes,Unbranded UPVC / PVC ? mm × 3 m,,vijayawada,Kamakhaya Enterprises,Deals in Vijayawada,IndiaMART,dealer,1000.00,piece,333.33,running_metre,EXCL,18,3917,6.52,1.50,3.00,404.35,1213.05,,,unknown,,NOT_DECLARED,,0,4.6,18,30.6,parcel,seeded_fallback,2026-08-01T06:44:48.795Z,https://www.indiamart.com/proddetail/agriculture-best-pvc-pipes-25830114712.html
p_635af1a00feee283,water_pipes,Unbranded HDPE ? mm × 3 m,,vijayawada,Surya Enterprises,"Vijayawada, Dist. NTR",IndiaMART,dealer,350.00,running_metre,350.00,running_metre,EXCL,18,3917,6.52,1.50,3.00,424.02,424.02,,,unknown,,NOT_DECLARED,,0,4.2,5,37.69,parcel,seeded_fallback,2026-08-01T06:44:20.827Z,https://www.indiamart.com/proddetail/hdpe-piping-system-25584066348.html
p_7fb02e3e9db1758e,water_pipes,Unbranded HDPE 450 mm × 3 m,,vijayawada,Aashirwad Industries,Deals in Vijayawada,IndiaMART,dealer,350.00,running_metre,350.00,running_metre,EXCL,18,3917,6.52,1.50,3.00,424.02,424.02,,,unknown,,NOT_DECLARED,,0,4.3,328,15.48,parcel,seeded_fallback,2026-08-01T06:40:24.106Z,https://www.indiamart.com/proddetail/hdpe-pipe-20-450-mm-2853178465330.html
p_31cac4fac6cd64d2,water_pipes,Sagar UPVC / PVC ? mm × 3 m,Sagar,vijayawada,Sagar Polytechnik Ltd.,Deals in Vijayawada,IndiaMART,dealer,375.00,running_metre,375.00,running_metre,EXCL,18,3917,6.52,1.50,3.00,453.52,453.52,,,unknown,,NOT_DECLARED,,0,3.9,69,38.39,parcel,seeded_fallback,2026-08-01T06:45:16.770Z,https://www.indiamart.com/proddetail/upvc-ring-fit-pressure-pipe-10266380991.html
p_78e6abc5aa21e220,water_pipes,Unbranded SWR 347 mm × 3 m,,vijayawada,Crown Pipes,Deals in Vijayawada,IndiaMART,dealer,490.00,running_metre,490.00,running_metre,EXCL,18,3917,6.52,1.50,3.00,589.22,589.22,,,unknown,,NOT_DECLARED,,0,4.5,34,8.89,parcel,seeded_fallback,2026-08-01T06:44:20.827Z,https://www.indiamart.com/proddetail/347mm-hdpe-double-wall-corrugated-drainage-pipe-21554624655.html
p_4c919c103a302c34,water_pipes,Finolex UPVC / PVC ? mm × 3 m,Finolex,vijayawada,Vivekananda Trading Company,"Vijayawada, Dist. Krishna",IndiaMART,dealer,1480.00,piece,493.33,running_metre,EXCL,18,3917,6.52,1.50,3.00,593.15,1779.45,,,unknown,,NOT_DECLARED,,0,4,85,32.66,parcel,seeded_fallback,2026-08-01T06:44:48.795Z,https://www.indiamart.com/proddetail/pvc-agricultural-pipe-20926202155.html